well,regime,L,method,seed,log,r2,mae,rmse,n
W01,profile-long,256,ae,0,GR,0.0290,22.6409,25.4460,256
W01,profile-long,256,ae,0,RHOB,-1.4951,0.0434,0.0575,256
W01,profile-long,256,ae,0,NPHI,0.3427,0.0495,0.0645,256
W01,profile-long,256,ae,0,all,0.8236,7.5779,14.6914,768
W01,profile-long,256,ae,0,all_z,0.1874,0.4584,0.5832,768
W01,profile-long,384,ae,0,GR,-0.0126,22.2629,26.3694,384
W01,profile-long,384,ae,0,RHOB,-0.8645,0.0426,0.0554,384
W01,profile-long,384,ae,0,NPHI,0.3114,0.0564,0.0687,384
W01,profile-long,384,ae,0,all,0.8001,7.4539,15.2245,1152
W01,profile-long,384,ae,0,all_z,0.1818,0.4748,0.6060,1152
W01,profile-long,512,ae,0,GR,0.1416,18.9199,23.5478,512
W01,profile-long,512,ae,0,RHOB,-0.1276,0.0334,0.0427,512
W01,profile-long,512,ae,0,NPHI,0.2442,0.0547,0.0688,512
W01,profile-long,512,ae,0,all,0.8387,6.3360,13.5954,1536
W01,profile-long,512,ae,0,all_z,0.2482,0.4196,0.5611,1536
W01,profile-long,768,ae,0,GR,0.3843,16.3399,20.8803,768
W01,profile-long,768,ae,0,RHOB,-0.3641,0.0495,0.0637,768
W01,profile-long,768,ae,0,NPHI,0.4090,0.0491,0.0634,768
W01,profile-long,768,ae,0,all,0.8529,5.4795,12.0553,2304
W01,profile-long,768,ae,0,all_z,0.4367,0.4094,0.5362,2304
W01,profile-long,1024,ae,0,GR,0.4829,16.5471,20.7227,1024
W01,profile-long,1024,ae,0,RHOB,-0.2673,0.0606,0.0759,1024
W01,profile-long,1024,ae,0,NPHI,0.5211,0.0486,0.0626,1024
W01,profile-long,1024,ae,0,all,0.8506,5.5521,11.9644,3072
W01,profile-long,1024,ae,0,all_z,0.5109,0.4315,0.5502,3072
W01,profile-long,1536,ae,0,GR,0.4121,19.6545,23.5442,1536
W01,profile-long,1536,ae,0,RHOB,-0.7017,0.0672,0.0829,1536
W01,profile-long,1536,ae,0,NPHI,0.3581,0.0536,0.0670,1536
W01,profile-long,1536,ae,0,all,0.7682,6.5918,13.5934,4608
W01,profile-long,1536,ae,0,all_z,0.4359,0.4902,0.6058,4608
W01,profile-long,2048,ae,0,GR,0.0676,22.7928,28.4488,2048
W01,profile-long,2048,ae,0,RHOB,-1.0962,0.0756,0.0917,2048
W01,profile-long,2048,ae,0,NPHI,0.3721,0.0500,0.0632,2048
W01,profile-long,2048,ae,0,all,0.6221,7.6395,16.4251,6144
W01,profile-long,2048,ae,0,all_z,0.3394,0.5254,0.6627,6144
W01,blackout-long,256,ae,0,RHOB,-1.8916,0.0485,0.0619,256
W01,blackout-long,256,ae,0,NPHI,0.1241,0.0551,0.0744,256
W01,blackout-long,256,ae,0,all,0.9966,0.0518,0.0684,512
W01,blackout-long,256,ae,0,all_z,0.0722,0.4064,0.5641,512
W01,blackout-long,384,ae,0,RHOB,-2.5326,0.0595,0.0763,384
W01,blackout-long,384,ae,0,NPHI,0.2626,0.0559,0.0711,384
W01,blackout-long,384,ae,0,all,0.9961,0.0577,0.0737,768
W01,blackout-long,384,ae,0,all_z,0.1402,0.4425,0.5757,768
W01,blackout-long,512,ae,0,RHOB,-1.1227,0.0491,0.0586,512
W01,blackout-long,512,ae,0,NPHI,0.2310,0.0533,0.0694,512
W01,blackout-long,512,ae,0,all,0.9970,0.0512,0.0642,1024
W01,blackout-long,512,ae,0,all_z,0.2193,0.3993,0.5279,1024
W01,blackout-long,768,ae,0,RHOB,-0.7206,0.0573,0.0715,768
W01,blackout-long,768,ae,0,NPHI,0.3402,0.0537,0.0670,768
W01,blackout-long,768,ae,0,all,0.9966,0.0555,0.0693,1536
W01,blackout-long,768,ae,0,all_z,0.3847,0.4258,0.5419,1536
W01,blackout-long,1024,ae,0,RHOB,-1.3342,0.0783,0.1031,1024
W01,blackout-long,1024,ae,0,NPHI,0.3468,0.0595,0.0731,1024
W01,blackout-long,1024,ae,0,all,0.9944,0.0689,0.0893,2048
W01,blackout-long,1024,ae,0,all_z,0.2706,0.5159,0.6553,2048
W01,blackout-long,1536,ae,0,RHOB,-2.0680,0.0864,0.1113,1536
W01,blackout-long,1536,ae,0,NPHI,0.3123,0.0560,0.0694,1536
W01,blackout-long,1536,ae,0,all,0.9940,0.0712,0.0927,3072
W01,blackout-long,1536,ae,0,all_z,0.2243,0.5233,0.6609,3072
W01,blackout-long,2048,ae,0,RHOB,-2.7825,0.0967,0.1232,2048
W01,blackout-long,2048,ae,0,NPHI,0.2369,0.0565,0.0696,2048
W01,blackout-long,2048,ae,0,all,0.9931,0.0766,0.1001,4096
W01,blackout-long,2048,ae,0,all_z,0.1969,0.5563,0.6983,4096
W04,profile-long,256,ae,0,GR,-66.2480,44.1888,45.6182,256
W04,profile-long,256,ae,0,RHOB,-0.1485,0.0399,0.0468,256
W04,profile-long,256,ae,0,NPHI,-0.1025,0.0231,0.0298,256
W04,profile-long,256,ae,0,all,-5.3489,14.7506,26.3377,768
W04,profile-long,256,ae,0,all_z,-0.3187,0.5614,0.7485,768
W04,profile-long,384,ae,0,GR,-9.3241,30.7354,34.3948,384
W04,profile-long,384,ae,0,RHOB,-0.9300,0.0721,0.0904,384
W04,profile-long,384,ae,0,NPHI,-0.2742,0.0532,0.0683,384
W04,profile-long,384,ae,0,all,-1.1371,10.2869,19.8579,1152
W04,profile-long,384,ae,0,all_z,-0.1861,0.6151,0.7514,1152
W04,profile-long,512,ae,0,GR,-9.8772,31.6305,36.6689,512
W04,profile-long,512,ae,0,RHOB,0.1701,0.0729,0.0888,512
W04,profile-long,512,ae,0,NPHI,0.1597,0.0577,0.0785,512
W04,profile-long,512,ae,0,all,-1.2353,10.5870,21.1709,1536
W04,profile-long,512,ae,0,all_z,-0.1568,0.6400,0.8055,1536
W04,profile-long,768,ae,0,GR,-7.3364,24.4008,30.6372,768
W04,profile-long,768,ae,0,RHOB,0.0613,0.0773,0.1007,768
W04,profile-long,768,ae,0,NPHI,0.2190,0.0633,0.0834,768
W04,profile-long,768,ae,0,all,-0.5273,8.1805,17.6886,2304
W04,profile-long,768,ae,0,all_z,-0.0305,0.6041,0.7831,2304
W04,profile-long,1024,ae,0,GR,-3.2365,21.1517,27.3903,1024
W04,profile-long,1024,ae,0,RHOB,0.4874,0.0831,0.1081,1024
W04,profile-long,1024,ae,0,NPHI,0.3424,0.0597,0.0800,1024
W04,profile-long,1024,ae,0,all,0.0086,7.0982,15.8140,3072
W04,profile-long,1024,ae,0,all_z,0.2594,0.5764,0.7569,3072
W04,profile-long,1536,ae,0,GR,-1.6519,19.1780,24.8021,1536
W04,profile-long,1536,ae,0,RHOB,0.4799,0.0934,0.1175,1536
W04,profile-long,1536,ae,0,NPHI,0.3625,0.0631,0.0819,1536
W04,profile-long,1536,ae,0,all,0.3734,6.4448,14.3197,4608
W04,profile-long,1536,ae,0,all_z,0.3584,0.5932,0.7639,4608
W04,profile-long,2048,ae,0,GR,-0.7987,21.6775,26.6638,2048
W04,profile-long,2048,ae,0,RHOB,0.4609,0.0946,0.1187,2048
W04,profile-long,2048,ae,0,NPHI,0.4450,0.0627,0.0811,2048
W04,profile-long,2048,ae,0,all,0.4928,7.2783,15.3946,6144
W04,profile-long,2048,ae,0,all_z,0.4556,0.6169,0.7785,6144
W04,blackout-long,256,ae,0,RHOB,-2.6322,0.0758,0.0832,256
W04,blackout-long,256,ae,0,NPHI,-4.3687,0.0572,0.0658,256
W04,blackout-long,256,ae,0,all,0.9963,0.0665,0.0750,512
W04,blackout-long,256,ae,0,all_z,0.2040,0.5440,0.6143,512
W04,blackout-long,384,ae,0,RHOB,-2.7168,0.0951,0.1255,384
W04,blackout-long,384,ae,0,NPHI,-1.5369,0.0779,0.0964,384
W04,blackout-long,384,ae,0,all,0.9917,0.0865,0.1119,768
W04,blackout-long,384,ae,0,all_z,-0.4914,0.7130,0.9112,768
W04,blackout-long,512,ae,0,RHOB,-0.2638,0.0944,0.1095,512
W04,blackout-long,512,ae,0,NPHI,-0.0220,0.0723,0.0866,512
W04,blackout-long,512,ae,0,all,0.9933,0.0834,0.0987,1024
W04,blackout-long,512,ae,0,all_z,0.0523,0.6828,0.8082,1024
W04,blackout-long,768,ae,0,RHOB,-0.2377,0.0980,0.1157,768
W04,blackout-long,768,ae,0,NPHI,-0.1407,0.0866,0.1008,768
W04,blackout-long,768,ae,0,all,0.9917,0.0923,0.1085,1536
W04,blackout-long,768,ae,0,all_z,-0.1064,0.7669,0.9053,1536
W04,blackout-long,1024,ae,0,RHOB,0.2451,0.1058,0.1312,1024
W04,blackout-long,1024,ae,0,NPHI,0.1249,0.0779,0.0922,1024
W04,blackout-long,1024,ae,0,all,0.9904,0.0919,0.1134,2048
W04,blackout-long,1024,ae,0,all_z,0.1928,0.7496,0.9076,2048
W04,blackout-long,1536,ae,0,RHOB,0.0221,0.1295,0.1611,1536
W04,blackout-long,1536,ae,0,NPHI,0.0840,0.0836,0.0982,1536
W04,blackout-long,1536,ae,0,all,0.9861,0.1066,0.1334,3072
W04,blackout-long,1536,ae,0,all_z,0.1268,0.8581,1.0395,3072
W04,blackout-long,2048,ae,0,RHOB,-0.1364,0.1389,0.1724,2048
W04,blackout-long,2048,ae,0,NPHI,0.1307,0.0844,0.1015,2048
W04,blackout-long,2048,ae,0,all,0.9835,0.1117,0.1414,4096
W04,blackout-long,2048,ae,0,all_z,0.2051,0.8940,1.0952,4096
W01,profile-long,256,ae,1,GR,0.3211,16.3744,21.2774,256
W01,profile-long,256,ae,1,RHOB,-1.3436,0.0470,0.0557,256
W01,profile-long,256,ae,1,NPHI,0.3808,0.0503,0.0626,256
W01,profile-long,256,ae,1,all,0.8767,5.4906,12.2846,768
W01,profile-long,256,ae,1,all_z,0.3368,0.4085,0.5268,768
W01,profile-long,384,ae,1,GR,0.3968,17.1033,20.3533,384
W01,profile-long,384,ae,1,RHOB,-0.9345,0.0453,0.0565,384
W01,profile-long,384,ae,1,NPHI,0.4378,0.0532,0.0621,384
W01,profile-long,384,ae,1,all,0.8809,5.7340,11.7511,1152
W01,profile-long,384,ae,1,all_z,0.4070,0.4211,0.5159,1152
W01,profile-long,512,ae,1,GR,0.2944,16.8999,21.3496,512
W01,profile-long,512,ae,1,RHOB,-1.0258,0.0463,0.0573,512
W01,profile-long,512,ae,1,NPHI,0.3293,0.0518,0.0648,512
W01,profile-long,512,ae,1,all,0.8674,5.6660,12.3263,1536
W01,profile-long,512,ae,1,all_z,0.3096,0.4169,0.5377,1536
W01,profile-long,768,ae,1,GR,0.2670,18.4124,22.7819,768
W01,profile-long,768,ae,1,RHOB,0.0240,0.0441,0.0539,768
W01,profile-long,768,ae,1,NPHI,0.4706,0.0470,0.0600,768
W01,profile-long,768,ae,1,all,0.8249,6.1678,13.1532,2304
W01,profile-long,768,ae,1,all_z,0.4440,0.4116,0.5328,2304
W01,profile-long,1024,ae,1,GR,0.4109,18.0181,22.1185,1024
W01,profile-long,1024,ae,1,RHOB,0.2161,0.0476,0.0597,1024
W01,profile-long,1024,ae,1,NPHI,0.5454,0.0475,0.0610,1024
W01,profile-long,1024,ae,1,all,0.8298,6.0377,12.7702,3072
W01,profile-long,1024,ae,1,all_z,0.5362,0.4162,0.5357,3072
W01,profile-long,1536,ae,1,GR,0.1840,22.8824,27.7387,1536
W01,profile-long,1536,ae,1,RHOB,-0.2587,0.0572,0.0713,1536
W01,profile-long,1536,ae,1,NPHI,0.2030,0.0609,0.0747,1536
W01,profile-long,1536,ae,1,all,0.6783,7.6668,16.0151,4608
W01,profile-long,1536,ae,1,all_z,0.3283,0.5239,0.6611,4608
W01,profile-long,2048,ae,1,GR,-0.2080,25.7939,32.3823,2048
W01,profile-long,2048,ae,1,RHOB,-0.4614,0.0623,0.0766,2048
W01,profile-long,2048,ae,1,NPHI,0.1354,0.0600,0.0741,2048
W01,profile-long,2048,ae,1,all,0.5104,8.6387,18.6960,6144
W01,profile-long,2048,ae,1,all_z,0.2187,0.5590,0.7208,6144
W01,blackout-long,256,ae,1,RHOB,-3.0229,0.0608,0.0730,256
W01,blackout-long,256,ae,1,NPHI,0.0071,0.0705,0.0792,256
W01,blackout-long,256,ae,1,all,0.9958,0.0656,0.0762,512
W01,blackout-long,256,ae,1,all_z,-0.1026,0.5160,0.6149,512
W01,blackout-long,384,ae,1,RHOB,-2.9907,0.0687,0.0811,384
W01,blackout-long,384,ae,1,NPHI,0.2355,0.0614,0.0724,384
W01,blackout-long,384,ae,1,all,0.9957,0.0651,0.0769,768
W01,blackout-long,384,ae,1,all_z,0.0838,0.4963,0.5943,768
W01,blackout-long,512,ae,1,RHOB,-4.0588,0.0759,0.0905,512
W01,blackout-long,512,ae,1,NPHI,-0.0712,0.0680,0.0819,512
W01,blackout-long,512,ae,1,all,0.9946,0.0719,0.0863,1024
W01,blackout-long,512,ae,1,all_z,-0.2561,0.5489,0.6696,1024
W01,blackout-long,768,ae,1,RHOB,-3.2196,0.0926,0.1120,768
W01,blackout-long,768,ae,1,NPHI,0.1519,0.0637,0.0760,768
W01,blackout-long,768,ae,1,all,0.9935,0.0781,0.0957,1536
W01,blackout-long,768,ae,1,all_z,-0.0119,0.5782,0.6950,1536
W01,blackout-long,1024,ae,1,RHOB,-1.6092,0.0906,0.1090,1024
W01,blackout-long,1024,ae,1,NPHI,0.3475,0.0619,0.0731,1024
W01,blackout-long,1024,ae,1,all,0.9940,0.0763,0.0928,2048
W01,blackout-long,1024,ae,1,all_z,0.2335,0.5637,0.6718,2048
W01,blackout-long,1536,ae,1,RHOB,-1.4760,0.0860,0.1000,1536
W01,blackout-long,1536,ae,1,NPHI,0.3185,0.0571,0.0691,1536
W01,blackout-long,1536,ae,1,all,0.9949,0.0715,0.0859,3072
W01,blackout-long,1536,ae,1,all_z,0.3029,0.5271,0.6266,3072
W01,blackout-long,2048,ae,1,RHOB,-2.1290,0.0975,0.1120,2048
W01,blackout-long,2048,ae,1,NPHI,0.1291,0.0612,0.0744,2048
W01,blackout-long,2048,ae,1,all,0.9938,0.0793,0.0951,4096
W01,blackout-long,2048,ae,1,all_z,0.2222,0.5806,0.6872,4096
W04,profile-long,256,ae,1,GR,-2.6222,8.7171,10.5872,256
W04,profile-long,256,ae,1,RHOB,-1.6089,0.0594,0.0706,256
W04,profile-long,256,ae,1,NPHI,-0.4754,0.0279,0.0345,256
W04,profile-long,256,ae,1,all,0.6580,2.9348,6.1127,768
W04,profile-long,256,ae,1,all_z,0.6642,0.3051,0.3777,768
W04,profile-long,384,ae,1,GR,-0.3593,8.9690,12.4801,384
W04,profile-long,384,ae,1,RHOB,-1.1564,0.0803,0.0956,384
W04,profile-long,384,ae,1,NPHI,0.1879,0.0410,0.0546,384
W04,profile-long,384,ae,1,all,0.7186,3.0301,7.2057,1152
W04,profile-long,384,ae,1,all_z,0.4187,0.3983,0.5260,1152
W04,profile-long,512,ae,1,GR,-1.7040,13.9894,18.2827,512
W04,profile-long,512,ae,1,RHOB,0.2586,0.0600,0.0839,512
W04,profile-long,512,ae,1,NPHI,0.3764,0.0483,0.0676,512
W04,profile-long,512,ae,1,all,0.4443,4.6992,10.5557,1536
W04,profile-long,512,ae,1,all_z,0.3917,0.4219,0.5842,1536
W04,profile-long,768,ae,1,GR,-2.6446,15.7969,20.2574,768
W04,profile-long,768,ae,1,RHOB,0.1871,0.0641,0.0937,768
W04,profile-long,768,ae,1,NPHI,0.2452,0.0610,0.0820,768
W04,profile-long,768,ae,1,all,0.3323,5.3073,11.6958,2304
W04,profile-long,768,ae,1,all_z,0.2295,0.4898,0.6772,2304
W04,profile-long,1024,ae,1,GR,-1.2154,15.6491,19.8071,1024
W04,profile-long,1024,ae,1,RHOB,0.5791,0.0735,0.0980,1024
W04,profile-long,1024,ae,1,NPHI,0.3015,0.0628,0.0824,1024
W04,profile-long,1024,ae,1,all,0.4816,5.2618,11.4359,3072
W04,profile-long,1024,ae,1,all_z,0.3936,0.5157,0.6848,3072
W04,profile-long,1536,ae,1,GR,-0.5422,15.0790,18.9139,1536
W04,profile-long,1536,ae,1,RHOB,0.5740,0.0794,0.1063,1536
W04,profile-long,1536,ae,1,NPHI,0.3491,0.0640,0.0828,1536
W04,profile-long,1536,ae,1,all,0.6356,5.0741,10.9202,4608
W04,profile-long,1536,ae,1,all_z,0.4625,0.5279,0.6991,4608
W04,profile-long,2048,ae,1,GR,-0.0470,16.6009,20.3432,2048
W04,profile-long,2048,ae,1,RHOB,0.4669,0.0895,0.1180,2048
W04,profile-long,2048,ae,1,NPHI,0.3898,0.0676,0.0850,2048
W04,profile-long,2048,ae,1,all,0.7047,5.5860,11.7455,6144
W04,profile-long,2048,ae,1,all_z,0.5016,0.5766,0.7449,6144
W04,blackout-long,256,ae,1,RHOB,-1.4899,0.0574,0.0689,256
W04,blackout-long,256,ae,1,NPHI,-1.5712,0.0374,0.0455,256
W04,blackout-long,256,ae,1,all,0.9978,0.0474,0.0584,512
W04,blackout-long,256,ae,1,all_z,0.5499,0.3820,0.4619,512
W04,blackout-long,384,ae,1,RHOB,-1.6137,0.0901,0.1052,384
W04,blackout-long,384,ae,1,NPHI,-1.0890,0.0707,0.0875,384
W04,blackout-long,384,ae,1,all,0.9938,0.0804,0.0968,768
W04,blackout-long,384,ae,1,all_z,-0.1505,0.6600,0.8003,768
W04,blackout-long,512,ae,1,RHOB,0.0276,0.0748,0.0961,512
W04,blackout-long,512,ae,1,NPHI,0.1025,0.0588,0.0811,512
W04,blackout-long,512,ae,1,all,0.9946,0.0668,0.0889,1024
W04,blackout-long,512,ae,1,all_z,0.2110,0.5486,0.7375,1024
W04,blackout-long,768,ae,1,RHOB,0.1224,0.0729,0.0974,768
W04,blackout-long,768,ae,1,NPHI,0.0540,0.0693,0.0918,768
W04,blackout-long,768,ae,1,all,0.9937,0.0711,0.0946,1536
W04,blackout-long,768,ae,1,all_z,0.1320,0.5946,0.8019,1536
W04,blackout-long,1024,ae,1,RHOB,0.1800,0.1001,0.1367,1024
W04,blackout-long,1024,ae,1,NPHI,-0.0714,0.0771,0.1021,1024
W04,blackout-long,1024,ae,1,all,0.9891,0.0886,0.1207,2048
W04,blackout-long,1024,ae,1,all_z,0.0649,0.7260,0.9769,2048
W04,blackout-long,1536,ae,1,RHOB,-0.3775,0.1391,0.1912,1536
W04,blackout-long,1536,ae,1,NPHI,-0.5917,0.1024,0.1295,1536
W04,blackout-long,1536,ae,1,all,0.9792,0.1208,0.1633,3072
W04,blackout-long,1536,ae,1,all_z,-0.3599,0.9853,1.2973,3072
W04,blackout-long,2048,ae,1,RHOB,-0.6162,0.1573,0.2055,2048
W04,blackout-long,2048,ae,1,NPHI,-0.7057,0.1156,0.1421,2048
W04,blackout-long,2048,ae,1,all,0.9743,0.1365,0.1767,4096
W04,blackout-long,2048,ae,1,all_z,-0.3170,1.1132,1.4097,4096
W01,profile-long,256,ae,2,GR,0.0856,22.3045,24.6939,256
W01,profile-long,256,ae,2,RHOB,-0.1346,0.0312,0.0388,256
W01,profile-long,256,ae,2,NPHI,0.5307,0.0461,0.0545,256
W01,profile-long,256,ae,2,all,0.8339,7.4606,14.2571,768
W01,profile-long,256,ae,2,all_z,0.3483,0.4203,0.5223,768
W01,profile-long,384,ae,2,GR,0.0023,23.3610,26.1745,384
W01,profile-long,384,ae,2,RHOB,-0.8492,0.0440,0.0552,384
W01,profile-long,384,ae,2,NPHI,0.3450,0.0568,0.0670,384
W01,profile-long,384,ae,2,all,0.8031,7.8206,15.1119,1152
W01,profile-long,384,ae,2,all_z,0.2041,0.4897,0.5977,1152
W01,profile-long,512,ae,2,GR,0.0773,20.5197,24.4144,512
W01,profile-long,512,ae,2,RHOB,-1.3536,0.0471,0.0617,512
W01,profile-long,512,ae,2,NPHI,0.3852,0.0518,0.0621,512
W01,profile-long,512,ae,2,all,0.8267,6.8729,14.0957,1536
W01,profile-long,512,ae,2,all_z,0.2290,0.4528,0.5683,1536
W01,profile-long,768,ae,2,GR,-0.2819,25.5429,30.1286,768
W01,profile-long,768,ae,2,RHOB,-0.2163,0.0474,0.0601,768
W01,profile-long,768,ae,2,NPHI,0.5371,0.0456,0.0562,768
W01,profile-long,768,ae,2,all,0.6938,8.5453,17.3948,2304
W01,profile-long,768,ae,2,all_z,0.2475,0.4814,0.6198,2304
W01,profile-long,1024,ae,2,GR,-0.0529,24.8187,29.5703,1024
W01,profile-long,1024,ae,2,RHOB,-0.2061,0.0589,0.0741,1024
W01,profile-long,1024,ae,2,NPHI,0.6129,0.0442,0.0563,1024
W01,profile-long,1024,ae,2,all,0.6957,8.3073,17.0725,3072
W01,profile-long,1024,ae,2,all_z,0.3575,0.4929,0.6306,3072
W01,profile-long,1536,ae,2,GR,0.0559,25.8025,29.8369,1536
W01,profile-long,1536,ae,2,RHOB,-0.6982,0.0680,0.0828,1536
W01,profile-long,1536,ae,2,NPHI,0.3887,0.0517,0.0654,1536
W01,profile-long,1536,ae,2,all,0.6277,8.6407,17.2265,4608
W01,profile-long,1536,ae,2,all_z,0.3060,0.5442,0.6720,4608
W01,profile-long,2048,ae,2,GR,-0.3808,28.2348,34.6206,2048
W01,profile-long,2048,ae,2,RHOB,-0.8794,0.0720,0.0868,2048
W01,profile-long,2048,ae,2,NPHI,0.3024,0.0532,0.0666,2048
W01,profile-long,2048,ae,2,all,0.4403,9.4533,19.9883,6144
W01,profile-long,2048,ae,2,all_z,0.1758,0.5798,0.7403,6144
W01,blackout-long,256,ae,2,RHOB,-0.2927,0.0344,0.0414,256
W01,blackout-long,256,ae,2,NPHI,0.3798,0.0510,0.0626,256
W01,blackout-long,256,ae,2,all,0.9979,0.0427,0.0531,512
W01,blackout-long,256,ae,2,all_z,0.3947,0.3450,0.4556,512
W01,blackout-long,384,ae,2,RHOB,-0.7840,0.0430,0.0542,384
W01,blackout-long,384,ae,2,NPHI,0.2236,0.0636,0.0729,384
W01,blackout-long,384,ae,2,all,0.9970,0.0533,0.0643,768
W01,blackout-long,384,ae,2,all_z,0.2411,0.4305,0.5409,768
W01,blackout-long,512,ae,2,RHOB,-1.6344,0.0516,0.0653,512
W01,blackout-long,512,ae,2,NPHI,0.3163,0.0557,0.0655,512
W01,blackout-long,512,ae,2,all,0.9969,0.0537,0.0654,1024
W01,blackout-long,512,ae,2,all_z,0.2459,0.4185,0.5188,1024
W01,blackout-long,768,ae,2,RHOB,-1.2611,0.0673,0.0820,768
W01,blackout-long,768,ae,2,NPHI,0.2720,0.0606,0.0704,768
W01,blackout-long,768,ae,2,all,0.9959,0.0639,0.0764,1536
W01,blackout-long,768,ae,2,all_z,0.2812,0.4883,0.5857,1536
W01,blackout-long,1024,ae,2,RHOB,-1.5131,0.0860,0.1069,1024
W01,blackout-long,1024,ae,2,NPHI,0.2297,0.0676,0.0794,1024
W01,blackout-long,1024,ae,2,all,0.9938,0.0768,0.0942,2048
W01,blackout-long,1024,ae,2,all_z,0.1726,0.5771,0.6980,2048
W01,blackout-long,1536,ae,2,RHOB,-1.9523,0.0869,0.1092,1536
W01,blackout-long,1536,ae,2,NPHI,0.1022,0.0661,0.0793,1536
W01,blackout-long,1536,ae,2,all,0.9937,0.0765,0.0954,3072
W01,blackout-long,1536,ae,2,all_z,0.1208,0.5725,0.7036,3072
W01,blackout-long,2048,ae,2,RHOB,-2.4979,0.0972,0.1185,2048
W01,blackout-long,2048,ae,2,NPHI,-0.0196,0.0674,0.0805,2048
W01,blackout-long,2048,ae,2,all,0.9930,0.0823,0.1013,4096
W01,blackout-long,2048,ae,2,all_z,0.1088,0.6095,0.7357,4096
W04,profile-long,256,ae,2,GR,-1.0359,6.1447,7.9373,256
W04,profile-long,256,ae,2,RHOB,-3.2307,0.0763,0.0898,256
W04,profile-long,256,ae,2,NPHI,-2.2418,0.0404,0.0511,256
W04,profile-long,256,ae,2,all,0.8078,2.0871,4.5830,768
W04,profile-long,256,ae,2,all_z,0.4678,0.3622,0.4755,768
W04,profile-long,384,ae,2,GR,-1.9817,15.1582,18.4842,384
W04,profile-long,384,ae,2,RHOB,-0.6278,0.0716,0.0830,384
W04,profile-long,384,ae,2,NPHI,0.2036,0.0388,0.0540,384
W04,profile-long,384,ae,2,all,0.3828,5.0895,10.6720,1152
W04,profile-long,384,ae,2,all_z,0.4011,0.4265,0.5339,1152
W04,profile-long,512,ae,2,GR,-0.1884,9.5480,12.1204,512
W04,profile-long,512,ae,2,RHOB,0.0831,0.0776,0.0933,512
W04,profile-long,512,ae,2,NPHI,0.2289,0.0604,0.0752,512
W04,profile-long,512,ae,2,all,0.7558,3.2286,6.9980,1536
W04,profile-long,512,ae,2,all_z,0.3612,0.4625,0.5986,1536
W04,profile-long,768,ae,2,GR,-3.2281,16.6697,21.8188,768
W04,profile-long,768,ae,2,RHOB,0.1327,0.0774,0.0968,768
W04,profile-long,768,ae,2,NPHI,0.2253,0.0658,0.0830,768
W04,profile-long,768,ae,2,all,0.2254,5.6043,12.5973,2304
W04,profile-long,768,ae,2,all_z,0.1780,0.5436,0.6994,2304
W04,profile-long,1024,ae,2,GR,-1.6339,16.7507,21.5969,1024
W04,profile-long,1024,ae,2,RHOB,0.3465,0.0959,0.1221,1024
W04,profile-long,1024,ae,2,NPHI,0.3206,0.0626,0.0813,1024
W04,profile-long,1024,ae,2,all,0.3837,5.6364,12.4692,3072
W04,profile-long,1024,ae,2,all_z,0.2745,0.5754,0.7491,3072
W04,profile-long,1536,ae,2,GR,-0.7983,16.0177,20.4241,1536
W04,profile-long,1536,ae,2,RHOB,0.3565,0.1051,0.1307,1536
W04,profile-long,1536,ae,2,NPHI,0.4233,0.0597,0.0779,1536
W04,profile-long,1536,ae,2,all,0.5751,5.3942,11.7922,4608
W04,profile-long,1536,ae,2,all_z,0.3794,0.5801,0.7513,4608
W04,profile-long,2048,ae,2,GR,-0.0936,16.3950,20.7911,2048
W04,profile-long,2048,ae,2,RHOB,0.3199,0.1070,0.1333,2048
W04,profile-long,2048,ae,2,NPHI,0.4555,0.0622,0.0803,2048
W04,profile-long,2048,ae,2,all,0.6916,5.5214,12.0041,6144
W04,profile-long,2048,ae,2,all_z,0.4688,0.5959,0.7690,6144
W04,blackout-long,256,ae,2,RHOB,-3.8897,0.0863,0.0966,256
W04,blackout-long,256,ae,2,NPHI,-9.2512,0.0790,0.0909,256
W04,blackout-long,256,ae,2,all,0.9943,0.0826,0.0938,512
W04,blackout-long,256,ae,2,all_z,-0.3319,0.6889,0.7946,512
W04,blackout-long,384,ae,2,RHOB,-0.9459,0.0785,0.0908,384
W04,blackout-long,384,ae,2,NPHI,-0.7205,0.0707,0.0794,384
W04,blackout-long,384,ae,2,all,0.9952,0.0746,0.0853,768
W04,blackout-long,384,ae,2,all_z,0.0884,0.6210,0.7124,768
W04,blackout-long,512,ae,2,RHOB,-0.1308,0.0839,0.1036,512
W04,blackout-long,512,ae,2,NPHI,-0.1832,0.0785,0.0931,512
W04,blackout-long,512,ae,2,all,0.9933,0.0812,0.0985,1024
W04,blackout-long,512,ae,2,all_z,0.0074,0.6783,0.8272,1024
W04,blackout-long,768,ae,2,RHOB,-0.1052,0.0870,0.1093,768
W04,blackout-long,768,ae,2,NPHI,-0.1817,0.0897,0.1026,768
W04,blackout-long,768,ae,2,all,0.9921,0.0884,0.1060,1536
W04,blackout-long,768,ae,2,all_z,-0.0872,0.7452,0.8974,1536
W04,blackout-long,1024,ae,2,RHOB,0.0606,0.1083,0.1464,1024
W04,blackout-long,1024,ae,2,NPHI,-0.0202,0.0857,0.0996,1024
W04,blackout-long,1024,ae,2,all,0.9883,0.0970,0.1252,2048
W04,blackout-long,1024,ae,2,all_z,0.0287,0.7974,0.9956,2048
W04,blackout-long,1536,ae,2,RHOB,-0.3177,0.1428,0.1870,1536
W04,blackout-long,1536,ae,2,NPHI,-0.0307,0.0899,0.1042,1536
W04,blackout-long,1536,ae,2,all,0.9821,0.1163,0.1513,3072
W04,blackout-long,1536,ae,2,all_z,-0.0889,0.9347,1.1609,3072
W04,blackout-long,2048,ae,2,RHOB,-0.4850,0.1537,0.1970,2048
W04,blackout-long,2048,ae,2,NPHI,0.0312,0.0918,0.1071,2048
W04,blackout-long,2048,ae,2,all,0.9793,0.1227,0.1586,4096
W04,blackout-long,2048,ae,2,all_z,0.0277,0.9810,1.2112,4096
W01,profile-long,256,brits,0,GR,0.1179,22.0964,24.2536,256
W01,profile-long,256,brits,0,RHOB,-4.0921,0.0671,0.0821,256
W01,profile-long,256,brits,0,NPHI,0.3219,0.0596,0.0655,256
W01,profile-long,256,brits,0,all,0.8398,7.4077,14.0030,768
W01,profile-long,256,brits,0,all_z,0.1195,0.5322,0.6071,768
W01,profile-long,384,brits,0,GR,-0.0490,24.5200,26.8392,384
W01,profile-long,384,brits,0,RHOB,-3.4509,0.0707,0.0856,384
W01,profile-long,384,brits,0,NPHI,0.3085,0.0625,0.0688,384
W01,profile-long,384,brits,0,all,0.7930,8.2178,15.4957,1152
W01,profile-long,384,brits,0,all_z,0.0534,0.5716,0.6518,1152
W01,profile-long,512,brits,0,GR,0.0574,22.4889,24.6759,512
W01,profile-long,512,brits,0,RHOB,-3.5450,0.0710,0.0858,512
W01,profile-long,512,brits,0,NPHI,0.2945,0.0593,0.0665,512
W01,profile-long,512,brits,0,all,0.8229,7.5397,14.2468,1536
W01,profile-long,512,brits,0,all_z,0.0798,0.5427,0.6208,1536
W01,profile-long,768,brits,0,GR,0.0428,23.2103,26.0342,768
W01,profile-long,768,brits,0,RHOB,-2.9694,0.0890,0.1086,768
W01,profile-long,768,brits,0,NPHI,0.3550,0.0580,0.0663,768
W01,profile-long,768,brits,0,all,0.7714,7.7857,15.0310,2304
W01,profile-long,768,brits,0,all_z,0.1076,0.5809,0.6749,2304
W01,profile-long,1024,brits,0,GR,-0.0104,25.3446,28.9664,1024
W01,profile-long,1024,brits,0,RHOB,-2.2203,0.0992,0.1210,1024
W01,profile-long,1024,brits,0,NPHI,0.3839,0.0620,0.0710,1024
W01,profile-long,1024,brits,0,all,0.7080,8.5019,16.7240,3072
W01,profile-long,1024,brits,0,all_z,0.1073,0.6343,0.7433,3072
W01,profile-long,1536,brits,0,GR,-0.1503,28.6891,32.9354,1536
W01,profile-long,1536,brits,0,RHOB,-3.0134,0.1083,0.1273,1536
W01,profile-long,1536,brits,0,NPHI,0.3537,0.0571,0.0673,1536
W01,profile-long,1536,brits,0,all,0.5464,9.6182,19.0154,4608
W01,profile-long,1536,brits,0,all_z,0.0441,0.6686,0.7887,4608
W01,profile-long,2048,brits,0,GR,-0.2563,28.5945,33.0227,2048
W01,profile-long,2048,brits,0,RHOB,-3.3540,0.1139,0.1322,2048
W01,profile-long,2048,brits,0,NPHI,0.3089,0.0565,0.0663,2048
W01,profile-long,2048,brits,0,all,0.4908,9.5883,19.0659,6144
W01,profile-long,2048,brits,0,all_z,0.0458,0.6767,0.7965,6144
W01,blackout-long,256,brits,0,RHOB,-2.5378,0.0531,0.0685,256
W01,blackout-long,256,brits,0,NPHI,0.4112,0.0540,0.0610,256
W01,blackout-long,256,brits,0,all,0.9969,0.0535,0.0648,512
W01,blackout-long,256,brits,0,all_z,0.2675,0.4146,0.5012,512
W01,blackout-long,384,brits,0,RHOB,-1.7837,0.0541,0.0677,384
W01,blackout-long,384,brits,0,NPHI,0.3777,0.0583,0.0653,384
W01,blackout-long,384,brits,0,all,0.9968,0.0562,0.0665,768
W01,blackout-long,384,brits,0,all_z,0.2894,0.4382,0.5234,768
W01,blackout-long,512,brits,0,RHOB,-1.9349,0.0546,0.0689,512
W01,blackout-long,512,brits,0,NPHI,0.3780,0.0550,0.0624,512
W01,blackout-long,512,brits,0,all,0.9969,0.0548,0.0658,1024
W01,blackout-long,512,brits,0,all_z,0.2708,0.4236,0.5102,1024
W01,blackout-long,768,brits,0,RHOB,-1.7414,0.0710,0.0903,768
W01,blackout-long,768,brits,0,NPHI,0.3507,0.0571,0.0665,768
W01,blackout-long,768,brits,0,all,0.9956,0.0640,0.0793,1536
W01,blackout-long,768,brits,0,all_z,0.2791,0.4824,0.5866,1536
W01,blackout-long,1024,brits,0,RHOB,-1.3267,0.0822,0.1029,1024
W01,blackout-long,1024,brits,0,NPHI,0.3420,0.0628,0.0734,1024
W01,blackout-long,1024,brits,0,all,0.9944,0.0725,0.0894,2048
W01,blackout-long,1024,brits,0,all_z,0.2686,0.5431,0.6562,2048
W01,blackout-long,1536,brits,0,RHOB,-1.8054,0.0883,0.1064,1536
W01,blackout-long,1536,brits,0,NPHI,0.2897,0.0591,0.0705,1536
W01,blackout-long,1536,brits,0,all,0.9943,0.0737,0.0903,3072
W01,blackout-long,1536,brits,0,all_z,0.2449,0.5438,0.6521,3072
W01,blackout-long,2048,brits,0,RHOB,-2.0748,0.0936,0.1111,2048
W01,blackout-long,2048,brits,0,NPHI,0.1986,0.0604,0.0714,2048
W01,blackout-long,2048,brits,0,all,0.9940,0.0770,0.0934,4096
W01,blackout-long,2048,brits,0,all_z,0.2615,0.5653,0.6697,4096
W04,profile-long,256,brits,0,GR,-57.8360,41.9186,42.6698,256
W04,profile-long,256,brits,0,RHOB,-4.1793,0.0902,0.0994,256
W04,profile-long,256,brits,0,NPHI,-4.8036,0.0638,0.0684,256
W04,profile-long,256,brits,0,all,-4.5547,14.0242,24.6355,768
W04,profile-long,256,brits,0,all_z,-0.7489,0.7910,0.8620,768
W04,profile-long,384,brits,0,GR,-12.4396,37.7371,39.2427,384
W04,profile-long,384,brits,0,RHOB,-1.4773,0.0905,0.1024,384
W04,profile-long,384,brits,0,NPHI,-0.4978,0.0680,0.0741,384
W04,profile-long,384,brits,0,all,-1.7821,12.6319,22.6569,1152
W04,profile-long,384,brits,0,all_z,-0.4974,0.7687,0.8442,1152
W04,profile-long,512,brits,0,GR,-10.9721,36.8827,38.4703,512
W04,profile-long,512,brits,0,RHOB,-0.2146,0.0925,0.1074,512
W04,profile-long,512,brits,0,NPHI,0.0356,0.0751,0.0841,512
W04,profile-long,512,brits,0,all,-1.4603,12.3501,22.2110,1536
W04,profile-long,512,brits,0,all_z,-0.3682,0.7893,0.8761,1536
W04,profile-long,768,brits,0,GR,-11.8230,36.4155,37.9974,768
W04,profile-long,768,brits,0,RHOB,-0.1666,0.0966,0.1123,768
W04,profile-long,768,brits,0,NPHI,0.1361,0.0778,0.0877,768
W04,profile-long,768,brits,0,all,-1.3493,12.1966,21.9380,2304
W04,profile-long,768,brits,0,all_z,-0.3380,0.8033,0.8923,2304
W04,profile-long,1024,brits,0,GR,-6.3468,33.7751,36.0697,1024
W04,profile-long,1024,brits,0,RHOB,-0.0545,0.1231,0.1551,1024
W04,profile-long,1024,brits,0,NPHI,0.2808,0.0727,0.0836,1024
W04,profile-long,1024,brits,0,all,-0.7192,11.3236,20.8251,3072
W04,profile-long,1024,brits,0,all_z,-0.1800,0.8224,0.9553,3072
W04,profile-long,1536,brits,0,GR,-3.7316,30.1215,33.1293,1536
W04,profile-long,1536,brits,0,RHOB,-0.2331,0.1463,0.1809,1536
W04,profile-long,1536,brits,0,NPHI,0.2864,0.0731,0.0867,1536
W04,profile-long,1536,brits,0,all,-0.1180,10.1136,19.1276,4608
W04,profile-long,1536,brits,0,all_z,-0.1145,0.8436,1.0068,4608
W04,profile-long,2048,brits,0,GR,-1.4362,27.4556,31.0320,2048
W04,profile-long,2048,brits,0,RHOB,-0.4862,0.1641,0.1971,2048
W04,profile-long,2048,brits,0,NPHI,0.2458,0.0778,0.0945,2048
W04,profile-long,2048,brits,0,all,0.3129,9.2325,17.9168,6144
W04,profile-long,2048,brits,0,all_z,-0.0085,0.8755,1.0595,6144
W04,blackout-long,256,brits,0,RHOB,-1.9279,0.0666,0.0747,256
W04,blackout-long,256,brits,0,NPHI,-3.9577,0.0577,0.0632,256
W04,blackout-long,256,brits,0,all,0.9969,0.0622,0.0692,512
W04,blackout-long,256,brits,0,all_z,0.3041,0.5153,0.5744,512
W04,blackout-long,384,brits,0,RHOB,-0.7087,0.0725,0.0851,384
W04,blackout-long,384,brits,0,NPHI,-0.4576,0.0653,0.0731,384
W04,blackout-long,384,brits,0,all,0.9958,0.0689,0.0793,768
W04,blackout-long,384,brits,0,all_z,0.2172,0.5737,0.6601,768
W04,blackout-long,512,brits,0,RHOB,-0.0038,0.0788,0.0976,512
W04,blackout-long,512,brits,0,NPHI,0.0050,0.0736,0.0854,512
W04,blackout-long,512,brits,0,all,0.9942,0.0762,0.0917,1024
W04,blackout-long,512,brits,0,all_z,0.1486,0.6366,0.7661,1024
W04,blackout-long,768,brits,0,RHOB,0.0320,0.0821,0.1023,768
W04,blackout-long,768,brits,0,NPHI,0.0344,0.0795,0.0927,768
W04,blackout-long,768,brits,0,all,0.9933,0.0808,0.0976,1536
W04,blackout-long,768,brits,0,all_z,0.0900,0.6773,0.8211,1536
W04,blackout-long,1024,brits,0,RHOB,-0.0569,0.1145,0.1552,1024
W04,blackout-long,1024,brits,0,NPHI,0.0743,0.0823,0.0949,1024
W04,blackout-long,1024,brits,0,all,0.9877,0.0984,0.1287,2048
W04,blackout-long,1024,brits,0,all_z,0.0143,0.8007,1.0029,2048
W04,blackout-long,1536,brits,0,RHOB,-0.2361,0.1395,0.1811,1536
W04,blackout-long,1536,brits,0,NPHI,0.0433,0.0864,0.1004,1536
W04,blackout-long,1536,brits,0,all,0.9832,0.1129,0.1464,3072
W04,blackout-long,1536,brits,0,all_z,-0.0171,0.9059,1.1219,3072
W04,blackout-long,2048,brits,0,RHOB,-0.5076,0.1601,0.1985,2048
W04,blackout-long,2048,brits,0,NPHI,-0.0163,0.0939,0.1097,2048
W04,blackout-long,2048,brits,0,all,0.9788,0.1270,0.1604,4096
W04,blackout-long,2048,brits,0,all_z,-0.0001,1.0133,1.2284,4096
W01,profile-long,256,gnn,0,GR,-0.2377,27.9258,28.7297,256
W01,profile-long,256,gnn,0,RHOB,-3.5880,0.0734,0.0780,256
W01,profile-long,256,gnn,0,NPHI,0.8655,0.0259,0.0292,256
W01,profile-long,256,gnn,0,all,0.7752,9.3417,16.5872,768
W01,profile-long,256,gnn,0,all_z,0.2320,0.4933,0.5669,768
W01,profile-long,384,gnn,0,GR,-0.1187,26.7630,27.7170,384
W01,profile-long,384,gnn,0,RHOB,-2.4914,0.0699,0.0759,384
W01,profile-long,384,gnn,0,NPHI,0.8597,0.0266,0.0310,384
W01,profile-long,384,gnn,0,all,0.7792,8.9532,16.0025,1152
W01,profile-long,384,gnn,0,all_z,0.3196,0.4776,0.5526,1152
W01,profile-long,512,gnn,0,GR,-0.2455,27.2787,28.3651,512
W01,profile-long,512,gnn,0,RHOB,-2.6910,0.0710,0.0773,512
W01,profile-long,512,gnn,0,NPHI,0.8398,0.0270,0.0317,512
W01,profile-long,512,gnn,0,all,0.7660,9.1256,16.3767,1536
W01,profile-long,512,gnn,0,all_z,0.2379,0.4858,0.5650,1536
W01,profile-long,768,gnn,0,GR,-0.0363,24.9235,27.0891,768
W01,profile-long,768,gnn,0,RHOB,-1.3132,0.0768,0.0829,768
W01,profile-long,768,gnn,0,NPHI,0.7888,0.0311,0.0379,768
W01,profile-long,768,gnn,0,all,0.7525,8.3438,15.6400,2304
W01,profile-long,768,gnn,0,all_z,0.3660,0.4878,0.5689,2304
W01,profile-long,1024,gnn,0,GR,0.1900,23.1138,25.9363,1024
W01,profile-long,1024,gnn,0,RHOB,-0.6570,0.0807,0.0868,1024
W01,profile-long,1024,gnn,0,NPHI,0.7630,0.0363,0.0440,1024
W01,profile-long,1024,gnn,0,all,0.7659,7.7436,14.9745,3072
W01,profile-long,1024,gnn,0,all_z,0.4668,0.4950,0.5744,3072
W01,profile-long,1536,gnn,0,GR,0.3106,22.8141,25.4975,1536
W01,profile-long,1536,gnn,0,RHOB,-1.1870,0.0866,0.0940,1536
W01,profile-long,1536,gnn,0,NPHI,0.2869,0.0501,0.0707,1536
W01,profile-long,1536,gnn,0,all,0.7281,7.6503,14.7212,4608
W01,profile-long,1536,gnn,0,all_z,0.3374,0.5475,0.6566,4608
W01,profile-long,2048,gnn,0,GR,0.2517,22.4916,25.4866,2048
W01,profile-long,2048,gnn,0,RHOB,-0.9277,0.0794,0.0879,2048
W01,profile-long,2048,gnn,0,NPHI,0.1890,0.0532,0.0718,2048
W01,profile-long,2048,gnn,0,all,0.6967,7.5414,14.7149,6144
W01,profile-long,2048,gnn,0,all_z,0.3639,0.5401,0.6503,6144
W01,blackout-long,256,gnn,0,RHOB,-6.4093,0.0840,0.0991,256
W01,blackout-long,256,gnn,0,NPHI,0.8335,0.0270,0.0324,256
W01,blackout-long,256,gnn,0,all,0.9960,0.0555,0.0737,512
W01,blackout-long,256,gnn,0,all_z,0.3549,0.3779,0.4703,512
W01,blackout-long,384,gnn,0,RHOB,-4.8250,0.0834,0.0980,384
W01,blackout-long,384,gnn,0,NPHI,0.8173,0.0297,0.0354,384
W01,blackout-long,384,gnn,0,all,0.9961,0.0566,0.0737,768
W01,blackout-long,384,gnn,0,all_z,0.4128,0.3892,0.4757,768
W01,blackout-long,512,gnn,0,RHOB,-4.9685,0.0858,0.0983,512
W01,blackout-long,512,gnn,0,NPHI,0.8208,0.0282,0.0335,512
W01,blackout-long,512,gnn,0,all,0.9961,0.0570,0.0734,1024
W01,blackout-long,512,gnn,0,all_z,0.3790,0.3889,0.4708,1024
W01,blackout-long,768,gnn,0,RHOB,-3.9482,0.1054,0.1213,768
W01,blackout-long,768,gnn,0,NPHI,0.8019,0.0303,0.0367,768
W01,blackout-long,768,gnn,0,all,0.9943,0.0679,0.0896,1536
W01,blackout-long,768,gnn,0,all_z,0.3274,0.4577,0.5666,1536
W01,blackout-long,1024,gnn,0,RHOB,-2.8655,0.1145,0.1326,1024
W01,blackout-long,1024,gnn,0,NPHI,0.8098,0.0319,0.0395,1024
W01,blackout-long,1024,gnn,0,all,0.9933,0.0732,0.0978,2048
W01,blackout-long,1024,gnn,0,all_z,0.3523,0.4921,0.6175,2048
W01,blackout-long,1536,gnn,0,RHOB,-3.4825,0.1187,0.1345,1536
W01,blackout-long,1536,gnn,0,NPHI,0.5417,0.0438,0.0566,1536
W01,blackout-long,1536,gnn,0,all,0.9926,0.0812,0.1032,3072
W01,blackout-long,1536,gnn,0,all_z,0.1740,0.5611,0.6820,3072
W01,blackout-long,2048,gnn,0,RHOB,-3.5613,0.1215,0.1353,2048
W01,blackout-long,2048,gnn,0,NPHI,0.4140,0.0494,0.0610,2048
W01,blackout-long,2048,gnn,0,all,0.9925,0.0855,0.1049,4096
W01,blackout-long,2048,gnn,0,all_z,0.1898,0.5964,0.7014,4096
W04,profile-long,256,gnn,0,GR,-23.8228,26.2578,27.7156,256
W04,profile-long,256,gnn,0,RHOB,0.2153,0.0320,0.0387,256
W04,profile-long,256,gnn,0,NPHI,0.4556,0.0154,0.0209,256
W04,profile-long,256,gnn,0,all,-1.3435,8.7684,16.0016,768
W04,profile-long,256,gnn,0,all_z,0.4798,0.3581,0.4701,768
W04,profile-long,384,gnn,0,GR,-5.2408,24.6313,26.7414,384
W04,profile-long,384,gnn,0,RHOB,0.4797,0.0357,0.0469,384
W04,profile-long,384,gnn,0,NPHI,0.6082,0.0271,0.0379,384
W04,profile-long,384,gnn,0,all,-0.2919,8.2314,15.4392,1152
W04,profile-long,384,gnn,0,all_z,0.4690,0.3912,0.5028,1152
W04,profile-long,512,gnn,0,GR,-6.1867,26.3880,29.8061,512
W04,profile-long,512,gnn,0,RHOB,0.7608,0.0367,0.0477,512
W04,profile-long,512,gnn,0,NPHI,0.6847,0.0349,0.0481,512
W04,profile-long,512,gnn,0,all,-0.4769,8.8198,17.2086,1536
W04,profile-long,512,gnn,0,all_z,0.4211,0.4350,0.5698,1536
W04,profile-long,768,gnn,0,GR,-8.9951,28.8296,33.5468,768
W04,profile-long,768,gnn,0,RHOB,0.6642,0.0445,0.0602,768
W04,profile-long,768,gnn,0,NPHI,0.6163,0.0431,0.0584,768
W04,profile-long,768,gnn,0,all,-0.8311,9.6391,19.3683,2304
W04,profile-long,768,gnn,0,all_z,0.2619,0.5020,0.6628,2304
W04,profile-long,1024,gnn,0,GR,-5.4920,29.5926,33.9065,1024
W04,profile-long,1024,gnn,0,RHOB,0.6208,0.0655,0.0930,1024
W04,profile-long,1024,gnn,0,NPHI,0.6799,0.0411,0.0558,1024
W04,profile-long,1024,gnn,0,all,-0.5191,9.8997,19.5760,3072
W04,profile-long,1024,gnn,0,all_z,0.3391,0.5495,0.7150,3072
W04,profile-long,1536,gnn,0,GR,-3.1723,26.8394,31.1097,1536
W04,profile-long,1536,gnn,0,RHOB,0.5708,0.0778,0.1067,1536
W04,profile-long,1536,gnn,0,NPHI,0.7329,0.0394,0.0530,1536
W04,profile-long,1536,gnn,0,all,0.0142,8.9855,17.9613,4608
W04,profile-long,1536,gnn,0,all_z,0.4510,0.5468,0.7066,4608
W04,profile-long,2048,gnn,0,GR,-1.2874,25.9748,30.0693,2048
W04,profile-long,2048,gnn,0,RHOB,0.5167,0.0842,0.1124,2048
W04,profile-long,2048,gnn,0,NPHI,0.7638,0.0406,0.0529,2048
W04,profile-long,2048,gnn,0,all,0.3549,8.6999,17.3606,6144
W04,profile-long,2048,gnn,0,all_z,0.5485,0.5576,0.7089,6144
W04,blackout-long,256,gnn,0,RHOB,-2.5477,0.0732,0.0823,256
W04,blackout-long,256,gnn,0,NPHI,-0.8881,0.0325,0.0390,256
W04,blackout-long,256,gnn,0,all,0.9973,0.0528,0.0644,512
W04,blackout-long,256,gnn,0,all_z,0.5115,0.4105,0.4812,512
W04,blackout-long,384,gnn,0,RHOB,-0.7013,0.0726,0.0849,384
W04,blackout-long,384,gnn,0,NPHI,0.0035,0.0484,0.0604,384
W04,blackout-long,384,gnn,0,all,0.9964,0.0605,0.0737,768
W04,blackout-long,384,gnn,0,all_z,0.3722,0.4886,0.5912,768
W04,blackout-long,512,gnn,0,RHOB,-0.1385,0.0845,0.1040,512
W04,blackout-long,512,gnn,0,NPHI,0.1335,0.0612,0.0797,512
W04,blackout-long,512,gnn,0,all,0.9941,0.0728,0.0926,1024
W04,blackout-long,512,gnn,0,all_z,0.1755,0.5931,0.7539,1024
W04,blackout-long,768,gnn,0,RHOB,-0.0787,0.0863,0.1080,768
W04,blackout-long,768,gnn,0,NPHI,0.0994,0.0700,0.0895,768
W04,blackout-long,768,gnn,0,all,0.9931,0.0782,0.0992,1536
W04,blackout-long,768,gnn,0,all_z,0.0927,0.6438,0.8198,1536
W04,blackout-long,1024,gnn,0,RHOB,-0.1092,0.1172,0.1591,1024
W04,blackout-long,1024,gnn,0,NPHI,0.0237,0.0787,0.0974,1024
W04,blackout-long,1024,gnn,0,all,0.9870,0.0980,0.1319,2048
W04,blackout-long,1024,gnn,0,all_z,-0.0368,0.7921,1.0286,2048
W04,blackout-long,1536,gnn,0,RHOB,-0.3152,0.1434,0.1868,1536
W04,blackout-long,1536,gnn,0,NPHI,0.0167,0.0841,0.1018,1536
W04,blackout-long,1536,gnn,0,all,0.9823,0.1138,0.1504,3072
W04,blackout-long,1536,gnn,0,all_z,-0.0673,0.9078,1.1493,3072
W04,blackout-long,2048,gnn,0,RHOB,-0.5878,0.1639,0.2037,2048
W04,blackout-long,2048,gnn,0,NPHI,0.0291,0.0897,0.1072,2048
W04,blackout-long,2048,gnn,0,all,0.9782,0.1268,0.1628,4096
W04,blackout-long,2048,gnn,0,all_z,-0.0137,1.0054,1.2368,4096
W01,profile-long,256,gnn,1,GR,0.2210,21.8430,22.7918,256
W01,profile-long,256,gnn,1,RHOB,-1.5023,0.0518,0.0576,256
W01,profile-long,256,gnn,1,NPHI,0.9456,0.0139,0.0185,256
W01,profile-long,256,gnn,1,all,0.8585,7.3029,13.1589,768
W01,profile-long,256,gnn,1,all_z,0.5448,0.3548,0.4365,768
W01,profile-long,384,gnn,1,GR,0.2914,20.9396,22.0586,384
W01,profile-long,384,gnn,1,RHOB,-0.8452,0.0485,0.0551,384
W01,profile-long,384,gnn,1,NPHI,0.9329,0.0150,0.0214,384
W01,profile-long,384,gnn,1,all,0.8602,7.0010,12.7356,1152
W01,profile-long,384,gnn,1,all_z,0.5949,0.3428,0.4264,1152
W01,profile-long,512,gnn,1,GR,0.1635,21.9060,23.2460,512
W01,profile-long,512,gnn,1,RHOB,-1.1386,0.0512,0.0588,512
W01,profile-long,512,gnn,1,NPHI,0.9130,0.0163,0.0233,512
W01,profile-long,512,gnn,1,all,0.8428,7.3245,13.4211,1536
W01,profile-long,512,gnn,1,all_z,0.5130,0.3617,0.4516,1536
W01,profile-long,768,gnn,1,GR,0.2884,20.2003,22.4481,768
W01,profile-long,768,gnn,1,RHOB,-0.4869,0.0589,0.0665,768
W01,profile-long,768,gnn,1,NPHI,0.8730,0.0207,0.0294,768
W01,profile-long,768,gnn,1,all,0.8300,6.7600,12.9605,2304
W01,profile-long,768,gnn,1,all_z,0.5788,0.3746,0.4637,2304
W01,profile-long,1024,gnn,1,GR,0.4445,18.9426,21.4776,1024
W01,profile-long,1024,gnn,1,RHOB,-0.0866,0.0626,0.0703,1024
W01,profile-long,1024,gnn,1,NPHI,0.8541,0.0254,0.0345,1024
W01,profile-long,1024,gnn,1,all,0.8395,6.3435,12.4002,3072
W01,profile-long,1024,gnn,1,all_z,0.6453,0.3848,0.4685,3072
W01,profile-long,1536,gnn,1,GR,0.4724,19.7012,22.3050,1536
W01,profile-long,1536,gnn,1,RHOB,-0.5962,0.0706,0.0803,1536
W01,profile-long,1536,gnn,1,NPHI,0.4376,0.0413,0.0628,1536
W01,profile-long,1536,gnn,1,all,0.7920,6.6043,12.8779,4608
W01,profile-long,1536,gnn,1,all_z,0.4932,0.4581,0.5743,4608
W01,profile-long,2048,gnn,1,GR,0.4196,19.6440,22.4461,2048
W01,profile-long,2048,gnn,1,RHOB,-0.4750,0.0672,0.0769,2048
W01,profile-long,2048,gnn,1,NPHI,0.3537,0.0454,0.0641,2048
W01,profile-long,2048,gnn,1,all,0.7647,6.5855,12.9594,6144
W01,profile-long,2048,gnn,1,all_z,0.5031,0.4640,0.5748,6144
W01,blackout-long,256,gnn,1,RHOB,-4.1313,0.0686,0.0825,256
W01,blackout-long,256,gnn,1,NPHI,0.7852,0.0300,0.0368,256
W01,blackout-long,256,gnn,1,all,0.9970,0.0493,0.0639,512
W01,blackout-long,256,gnn,1,all_z,0.4704,0.3466,0.4262,512
W01,blackout-long,384,gnn,1,RHOB,-2.8927,0.0659,0.0801,384
W01,blackout-long,384,gnn,1,NPHI,0.7723,0.0329,0.0395,384
W01,blackout-long,384,gnn,1,all,0.9971,0.0494,0.0631,768
W01,blackout-long,384,gnn,1,all_z,0.5227,0.3522,0.4289,768
W01,blackout-long,512,gnn,1,RHOB,-3.0023,0.0680,0.0805,512
W01,blackout-long,512,gnn,1,NPHI,0.7742,0.0313,0.0376,512
W01,blackout-long,512,gnn,1,all,0.9971,0.0497,0.0628,1024
W01,blackout-long,512,gnn,1,all_z,0.4997,0.3513,0.4226,1024
W01,blackout-long,768,gnn,1,RHOB,-2.5362,0.0864,0.1025,768
W01,blackout-long,768,gnn,1,NPHI,0.7481,0.0341,0.0414,768
W01,blackout-long,768,gnn,1,all,0.9957,0.0603,0.0782,1536
W01,blackout-long,768,gnn,1,all_z,0.4481,0.4193,0.5132,1536
W01,blackout-long,1024,gnn,1,RHOB,-1.8614,0.0966,0.1141,1024
W01,blackout-long,1024,gnn,1,NPHI,0.7675,0.0360,0.0436,1024
W01,blackout-long,1024,gnn,1,all,0.9948,0.0663,0.0864,2048
W01,blackout-long,1024,gnn,1,all_z,0.4630,0.4585,0.5623,2048
W01,blackout-long,1536,gnn,1,RHOB,-2.3844,0.1014,0.1169,1536
W01,blackout-long,1536,gnn,1,NPHI,0.5200,0.0463,0.0580,1536
W01,blackout-long,1536,gnn,1,all,0.9941,0.0739,0.0923,3072
W01,blackout-long,1536,gnn,1,all_z,0.3010,0.5218,0.6274,3072
W01,blackout-long,2048,gnn,1,RHOB,-2.4832,0.1046,0.1182,2048
W01,blackout-long,2048,gnn,1,NPHI,0.3823,0.0519,0.0627,2048
W01,blackout-long,2048,gnn,1,all,0.9939,0.0783,0.0946,4096
W01,blackout-long,2048,gnn,1,all_z,0.3007,0.5578,0.6517,4096
W04,profile-long,256,gnn,1,GR,-31.5512,30.4360,31.7382,256
W04,profile-long,256,gnn,1,RHOB,0.1227,0.0341,0.0409,256
W04,profile-long,256,gnn,1,NPHI,0.4325,0.0155,0.0214,256
W04,profile-long,256,gnn,1,all,-2.0732,10.1619,18.3241,768
W04,profile-long,256,gnn,1,all_z,0.3376,0.4004,0.5305,768
W04,profile-long,384,gnn,1,GR,-7.0846,28.4708,30.4364,384
W04,profile-long,384,gnn,1,RHOB,0.4772,0.0363,0.0471,384
W04,profile-long,384,gnn,1,NPHI,0.6035,0.0271,0.0381,384
W04,profile-long,384,gnn,1,all,-0.6735,9.5114,17.5725,1152
W04,profile-long,384,gnn,1,all_z,0.3614,0.4267,0.5513,1152
W04,profile-long,512,gnn,1,GR,-8.1203,30.2553,33.5773,512
W04,profile-long,512,gnn,1,RHOB,0.7615,0.0371,0.0476,512
W04,profile-long,512,gnn,1,NPHI,0.6543,0.0360,0.0503,512
W04,profile-long,512,gnn,1,all,-0.8742,10.1095,19.3859,1536
W04,profile-long,512,gnn,1,all_z,0.3062,0.4743,0.6239,1536
W04,profile-long,768,gnn,1,GR,-11.3332,32.5966,37.2647,768
W04,profile-long,768,gnn,1,RHOB,0.6815,0.0436,0.0587,768
W04,profile-long,768,gnn,1,NPHI,0.5787,0.0444,0.0612,768
W04,profile-long,768,gnn,1,all,-1.2595,10.8949,21.5148,2304
W04,profile-long,768,gnn,1,all_z,0.1420,0.5379,0.7145,2304
W04,profile-long,1024,gnn,1,GR,-7.2084,33.8488,38.1261,1024
W04,profile-long,1024,gnn,1,RHOB,0.6107,0.0647,0.0942,1024
W04,profile-long,1024,gnn,1,NPHI,0.6480,0.0428,0.0585,1024
W04,profile-long,1024,gnn,1,all,-0.9208,11.3188,22.0122,3072
W04,profile-long,1024,gnn,1,all_z,0.2272,0.5913,0.7731,3072
W04,profile-long,1536,gnn,1,GR,-4.4261,31.4359,35.4776,1536
W04,profile-long,1536,gnn,1,RHOB,0.5513,0.0787,0.1091,1536
W04,profile-long,1536,gnn,1,NPHI,0.7044,0.0409,0.0558,1536
W04,profile-long,1536,gnn,1,all,-0.2821,10.5185,20.4831,4608
W04,profile-long,1536,gnn,1,all_z,0.3548,0.5949,0.7660,4608
W04,profile-long,2048,gnn,1,GR,-2.0309,30.7740,34.6125,2048
W04,profile-long,2048,gnn,1,RHOB,0.4784,0.0878,0.1168,2048
W04,profile-long,2048,gnn,1,NPHI,0.7348,0.0422,0.0560,2048
W04,profile-long,2048,gnn,1,all,0.1453,10.3013,19.9837,6144
W04,profile-long,2048,gnn,1,all_z,0.4614,0.6136,0.7743,6144
W04,blackout-long,256,gnn,1,RHOB,-2.9568,0.0781,0.0869,256
W04,blackout-long,256,gnn,1,NPHI,-0.9568,0.0332,0.0397,256
W04,blackout-long,256,gnn,1,all,0.9970,0.0556,0.0676,512
W04,blackout-long,256,gnn,1,all_z,0.4680,0.4308,0.5022,512
W04,blackout-long,384,gnn,1,RHOB,-0.8606,0.0768,0.0888,384
W04,blackout-long,384,gnn,1,NPHI,0.0553,0.0476,0.0588,384
W04,blackout-long,384,gnn,1,all,0.9962,0.0622,0.0753,768
W04,blackout-long,384,gnn,1,all_z,0.3618,0.4988,0.5960,768
W04,blackout-long,512,gnn,1,RHOB,-0.1726,0.0871,0.1055,512
W04,blackout-long,512,gnn,1,NPHI,0.1373,0.0609,0.0795,512
W04,blackout-long,512,gnn,1,all,0.9940,0.0740,0.0934,1024
W04,blackout-long,512,gnn,1,all_z,0.1668,0.6008,0.7579,1024
W04,blackout-long,768,gnn,1,RHOB,-0.0836,0.0876,0.1082,768
W04,blackout-long,768,gnn,1,NPHI,0.0942,0.0698,0.0898,768
W04,blackout-long,768,gnn,1,all,0.9930,0.0787,0.0994,1536
W04,blackout-long,768,gnn,1,all_z,0.0879,0.6471,0.8220,1536
W04,blackout-long,1024,gnn,1,RHOB,-0.0888,0.1174,0.1576,1024
W04,blackout-long,1024,gnn,1,NPHI,0.0212,0.0785,0.0975,1024
W04,blackout-long,1024,gnn,1,all,0.9872,0.0980,0.1310,2048
W04,blackout-long,1024,gnn,1,all_z,-0.0276,0.7918,1.0240,2048
W04,blackout-long,1536,gnn,1,RHOB,-0.2671,0.1419,0.1833,1536
W04,blackout-long,1536,gnn,1,NPHI,0.0070,0.0844,0.1023,1536
W04,blackout-long,1536,gnn,1,all,0.9828,0.1131,0.1484,3072
W04,blackout-long,1536,gnn,1,all_z,-0.0479,0.9038,1.1388,3072
W04,blackout-long,2048,gnn,1,RHOB,-0.5314,0.1618,0.2001,2048
W04,blackout-long,2048,gnn,1,NPHI,0.0114,0.0907,0.1082,2048
W04,blackout-long,2048,gnn,1,all,0.9787,0.1263,0.1608,4096
W04,blackout-long,2048,gnn,1,all_z,0.0015,1.0031,1.2274,4096
W01,profile-long,256,gnn,2,GR,0.4877,16.8118,18.4834,256
W01,profile-long,256,gnn,2,RHOB,-0.7092,0.0405,0.0476,256
W01,profile-long,256,gnn,2,NPHI,0.9553,0.0132,0.0168,256
W01,profile-long,256,gnn,2,all,0.9069,5.6218,10.6715,768
W01,profile-long,256,gnn,2,all_z,0.6942,0.2820,0.3578,768
W01,profile-long,384,gnn,2,GR,0.5268,15.9568,18.0257,384
W01,profile-long,384,gnn,2,RHOB,-0.2573,0.0380,0.0455,384
W01,profile-long,384,gnn,2,NPHI,0.9464,0.0143,0.0192,384
W01,profile-long,384,gnn,2,all,0.9066,5.3363,10.4072,1152
W01,profile-long,384,gnn,2,all_z,0.7244,0.2724,0.3517,1152
W01,profile-long,512,gnn,2,GR,0.3977,17.4767,19.7243,512
W01,profile-long,512,gnn,2,RHOB,-0.3072,0.0381,0.0460,512
W01,profile-long,512,gnn,2,NPHI,0.9327,0.0153,0.0205,512
W01,profile-long,512,gnn,2,all,0.8869,5.8434,11.3879,1536
W01,profile-long,512,gnn,2,all_z,0.6578,0.2903,0.3786,1536
W01,profile-long,768,gnn,2,GR,0.4437,17.5778,19.8477,768
W01,profile-long,768,gnn,2,RHOB,0.1232,0.0430,0.0510,768
W01,profile-long,768,gnn,2,NPHI,0.9096,0.0178,0.0248,768
W01,profile-long,768,gnn,2,all,0.8671,5.8795,11.4591,2304
W01,profile-long,768,gnn,2,all_z,0.6940,0.3089,0.3953,2304
W01,profile-long,1024,gnn,2,GR,0.5335,17.5341,19.6824,1024
W01,profile-long,1024,gnn,2,RHOB,0.3327,0.0469,0.0551,1024
W01,profile-long,1024,gnn,2,NPHI,0.8986,0.0213,0.0288,1024
W01,profile-long,1024,gnn,2,all,0.8652,5.8674,11.3637,3072
W01,profile-long,1024,gnn,2,all_z,0.7318,0.3273,0.4074,3072
W01,profile-long,1536,gnn,2,GR,0.5114,18.9239,21.4646,1536
W01,profile-long,1536,gnn,2,RHOB,0.1277,0.0511,0.0593,1536
W01,profile-long,1536,gnn,2,NPHI,0.6011,0.0353,0.0529,1536
W01,profile-long,1536,gnn,2,all,0.8073,6.3368,12.3927,4608
W01,profile-long,1536,gnn,2,all_z,0.6145,0.3931,0.5008,4608
W01,profile-long,2048,gnn,2,GR,0.4342,19.5608,22.1614,2048
W01,profile-long,2048,gnn,2,RHOB,0.2204,0.0480,0.0559,2048
W01,profile-long,2048,gnn,2,NPHI,0.5507,0.0382,0.0534,2048
W01,profile-long,2048,gnn,2,all,0.7707,6.5490,12.7950,6144
W01,profile-long,2048,gnn,2,all_z,0.6145,0.4023,0.5063,6144
W01,blackout-long,256,gnn,2,RHOB,-2.3762,0.0563,0.0669,256
W01,blackout-long,256,gnn,2,NPHI,0.8050,0.0285,0.0351,256
W01,blackout-long,256,gnn,2,all,0.9979,0.0424,0.0534,512
W01,blackout-long,256,gnn,2,all_z,0.6068,0.3029,0.3672,512
W01,blackout-long,384,gnn,2,RHOB,-1.6585,0.0547,0.0662,384
W01,blackout-long,384,gnn,2,NPHI,0.7804,0.0322,0.0388,384
W01,blackout-long,384,gnn,2,all,0.9979,0.0434,0.0542,768
W01,blackout-long,384,gnn,2,all_z,0.6225,0.3155,0.3814,768
W01,blackout-long,512,gnn,2,RHOB,-1.6628,0.0549,0.0657,512
W01,blackout-long,512,gnn,2,NPHI,0.7770,0.0311,0.0374,512
W01,blackout-long,512,gnn,2,all,0.9979,0.0430,0.0534,1024
W01,blackout-long,512,gnn,2,all_z,0.6094,0.3112,0.3734,1024
W01,blackout-long,768,gnn,2,RHOB,-1.4792,0.0702,0.0858,768
W01,blackout-long,768,gnn,2,NPHI,0.7456,0.0338,0.0416,768
W01,blackout-long,768,gnn,2,all,0.9968,0.0520,0.0675,1536
W01,blackout-long,768,gnn,2,all_z,0.5629,0.3696,0.4568,1536
W01,blackout-long,1024,gnn,2,RHOB,-1.1091,0.0809,0.0980,1024
W01,blackout-long,1024,gnn,2,NPHI,0.7596,0.0361,0.0443,1024
W01,blackout-long,1024,gnn,2,all,0.9959,0.0585,0.0760,2048
W01,blackout-long,1024,gnn,2,all_z,0.5608,0.4123,0.5085,2048
W01,blackout-long,1536,gnn,2,RHOB,-1.4120,0.0834,0.0987,1536
W01,blackout-long,1536,gnn,2,NPHI,0.5755,0.0438,0.0545,1536
W01,blackout-long,1536,gnn,2,all,0.9956,0.0636,0.0797,3072
W01,blackout-long,1536,gnn,2,all_z,0.4555,0.4562,0.5537,3072
W01,blackout-long,2048,gnn,2,RHOB,-1.4451,0.0855,0.0990,2048
W01,blackout-long,2048,gnn,2,NPHI,0.4737,0.0482,0.0578,2048
W01,blackout-long,2048,gnn,2,all,0.9955,0.0669,0.0811,4096
W01,blackout-long,2048,gnn,2,all_z,0.4653,0.4835,0.5698,4096
W04,profile-long,256,gnn,2,GR,-34.0065,31.4676,32.9134,256
W04,profile-long,256,gnn,2,RHOB,-0.5425,0.0449,0.0542,256
W04,profile-long,256,gnn,2,NPHI,0.4124,0.0158,0.0218,256
W04,profile-long,256,gnn,2,all,-2.3050,10.5094,19.0026,768
W04,profile-long,256,gnn,2,all_z,0.2481,0.4350,0.5652,768
W04,profile-long,384,gnn,2,GR,-7.4581,29.0286,31.1316,384
W04,profile-long,384,gnn,2,RHOB,0.2598,0.0442,0.0560,384
W04,profile-long,384,gnn,2,NPHI,0.5909,0.0277,0.0387,384
W04,profile-long,384,gnn,2,all,-0.7509,9.7001,17.9739,1152
W04,profile-long,384,gnn,2,all_z,0.3072,0.4514,0.5742,1152
W04,profile-long,512,gnn,2,GR,-7.9568,30.0436,33.2749,512
W04,profile-long,512,gnn,2,RHOB,0.6815,0.0437,0.0550,512
W04,profile-long,512,gnn,2,NPHI,0.6186,0.0376,0.0529,512
W04,profile-long,512,gnn,2,all,-0.8406,10.0416,19.2113,1536
W04,profile-long,512,gnn,2,all_z,0.2785,0.4928,0.6362,1536
W04,profile-long,768,gnn,2,GR,-10.9014,32.1206,36.6064,768
W04,profile-long,768,gnn,2,RHOB,0.6313,0.0486,0.0631,768
W04,profile-long,768,gnn,2,NPHI,0.5360,0.0461,0.0643,768
W04,profile-long,768,gnn,2,all,-1.1804,10.7384,21.1348,2304
W04,profile-long,768,gnn,2,all_z,0.1261,0.5505,0.7212,2304
W04,profile-long,1024,gnn,2,GR,-6.6540,32.5940,36.8160,1024
W04,profile-long,1024,gnn,2,RHOB,0.5730,0.0697,0.0987,1024
W04,profile-long,1024,gnn,2,NPHI,0.6021,0.0460,0.0622,1024
W04,profile-long,1024,gnn,2,all,-0.7910,10.9032,21.2558,3072
W04,profile-long,1024,gnn,2,all_z,0.2211,0.6020,0.7762,3072
W04,profile-long,1536,gnn,2,GR,-3.8131,29.0580,33.4133,1536
W04,profile-long,1536,gnn,2,RHOB,0.5193,0.0830,0.1129,1536
W04,profile-long,1536,gnn,2,NPHI,0.6580,0.0445,0.0600,1536
W04,profile-long,1536,gnn,2,all,-0.1372,9.7285,19.2913,4608
W04,profile-long,1536,gnn,2,all_z,0.3598,0.5955,0.7631,4608
W04,profile-long,2048,gnn,2,GR,-1.5783,27.6577,31.9238,2048
W04,profile-long,2048,gnn,2,RHOB,0.4525,0.0912,0.1196,2048
W04,profile-long,2048,gnn,2,NPHI,0.6835,0.0463,0.0612,2048
W04,profile-long,2048,gnn,2,all,0.2729,9.2650,18.4314,6144
W04,profile-long,2048,gnn,2,all_z,0.4721,0.6073,0.7666,6144
W04,blackout-long,256,gnn,2,RHOB,-4.8032,0.0948,0.1052,256
W04,blackout-long,256,gnn,2,NPHI,-1.1540,0.0352,0.0417,256
W04,blackout-long,256,gnn,2,all,0.9958,0.0650,0.0800,512
W04,blackout-long,256,gnn,2,all_z,0.2814,0.4973,0.5837,512
W04,blackout-long,384,gnn,2,RHOB,-1.4645,0.0892,0.1022,384
W04,blackout-long,384,gnn,2,NPHI,0.0336,0.0489,0.0595,384
W04,blackout-long,384,gnn,2,all,0.9954,0.0690,0.0836,768
W04,blackout-long,384,gnn,2,all_z,0.2497,0.5473,0.6463,768
W04,blackout-long,512,gnn,2,RHOB,-0.3792,0.0980,0.1144,512
W04,blackout-long,512,gnn,2,NPHI,0.1134,0.0624,0.0806,512
W04,blackout-long,512,gnn,2,all,0.9933,0.0802,0.0990,1024
W04,blackout-long,512,gnn,2,all_z,0.0890,0.6450,0.7925,1024
W04,blackout-long,768,gnn,2,RHOB,-0.2225,0.0970,0.1150,768
W04,blackout-long,768,gnn,2,NPHI,0.0744,0.0710,0.0908,768
W04,blackout-long,768,gnn,2,all,0.9925,0.0840,0.1036,1536
W04,blackout-long,768,gnn,2,all_z,0.0295,0.6850,0.8479,1536
W04,blackout-long,1024,gnn,2,RHOB,-0.1035,0.1233,0.1586,1024
W04,blackout-long,1024,gnn,2,NPHI,0.0030,0.0797,0.0985,1024
W04,blackout-long,1024,gnn,2,all,0.9870,0.1015,0.1320,2048
W04,blackout-long,1024,gnn,2,all_z,-0.0438,0.8176,1.0321,2048
W04,blackout-long,1536,gnn,2,RHOB,-0.2743,0.1462,0.1839,1536
W04,blackout-long,1536,gnn,2,NPHI,-0.0384,0.0865,0.1046,1536
W04,blackout-long,1536,gnn,2,all,0.9825,0.1163,0.1496,3072
W04,blackout-long,1536,gnn,2,all_z,-0.0710,0.9290,1.1513,3072
W04,blackout-long,2048,gnn,2,RHOB,-0.5278,0.1647,0.1998,2048
W04,blackout-long,2048,gnn,2,NPHI,-0.0708,0.0945,0.1126,2048
W04,blackout-long,2048,gnn,2,all,0.9783,0.1296,0.1622,4096
W04,blackout-long,2048,gnn,2,all_z,-0.0297,1.0319,1.2465,4096
W01,profile-long,256,locf,0,GR,-0.5511,26.9998,32.1623,256
W01,profile-long,256,locf,0,RHOB,-1.3698,0.0519,0.0560,256
W01,profile-long,256,locf,0,NPHI,0.0708,0.0634,0.0766,256
W01,profile-long,256,locf,0,all,0.7182,9.0383,18.5690,768
W01,profile-long,256,locf,0,all_z,-0.1827,0.5606,0.7036,768
W01,profile-long,384,locf,0,GR,-0.3315,27.3637,30.2382,384
W01,profile-long,384,locf,0,RHOB,-3.3745,0.0749,0.0849,384
W01,profile-long,384,locf,0,NPHI,-0.1356,0.0782,0.0882,384
W01,profile-long,384,locf,0,all,0.7372,9.1722,17.4582,1152
W01,profile-long,384,locf,0,all_z,-0.2650,0.6566,0.7535,1152
W01,profile-long,512,locf,0,GR,-0.0579,22.5122,26.1418,512
W01,profile-long,512,locf,0,RHOB,-3.2379,0.0699,0.0828,512
W01,profile-long,512,locf,0,NPHI,0.0813,0.0669,0.0759,512
W01,profile-long,512,locf,0,all,0.8013,7.5496,15.0931,1536
W01,profile-long,512,locf,0,all_z,-0.0506,0.5647,0.6633,1536
W01,profile-long,768,locf,0,GR,-0.0253,23.6715,26.9446,768
W01,profile-long,768,locf,0,RHOB,-2.6943,0.0889,0.1048,768
W01,profile-long,768,locf,0,NPHI,-0.0529,0.0740,0.0847,768
W01,profile-long,768,locf,0,all,0.7551,7.9448,15.5567,2304
W01,profile-long,768,locf,0,all_z,-0.0632,0.6359,0.7367,2304
W01,profile-long,1024,locf,0,GR,0.0518,24.7341,28.0607,1024
W01,profile-long,1024,locf,0,RHOB,-1.9489,0.0989,0.1158,1024
W01,profile-long,1024,locf,0,NPHI,-0.0032,0.0780,0.0906,1024
W01,profile-long,1024,locf,0,all,0.7260,8.3037,16.2011,3072
W01,profile-long,1024,locf,0,all_z,-0.0009,0.6786,0.7870,3072
W01,profile-long,1536,locf,0,GR,-0.0222,27.7958,31.0462,1536
W01,profile-long,1536,locf,0,RHOB,-2.2731,0.0997,0.1150,1536
W01,profile-long,1536,locf,0,NPHI,-0.0711,0.0739,0.0866,1536
W01,profile-long,1536,locf,0,all,0.5969,9.3231,17.9247,4608
W01,profile-long,1536,locf,0,all_z,0.0109,0.6964,0.8023,4608
W01,profile-long,2048,locf,0,GR,-0.0607,26.9852,30.3432,2048
W01,profile-long,2048,locf,0,RHOB,-2.6050,0.1040,0.1203,2048
W01,profile-long,2048,locf,0,NPHI,-0.1663,0.0731,0.0861,2048
W01,profile-long,2048,locf,0,all,0.5701,9.0541,17.5189,6144
W01,profile-long,2048,locf,0,all_z,0.0314,0.6947,0.8025,6144
W01,blackout-long,256,locf,0,RHOB,-1.3698,0.0519,0.0560,256
W01,blackout-long,256,locf,0,NPHI,0.0708,0.0634,0.0766,256
W01,blackout-long,256,locf,0,all,0.9967,0.0576,0.0671,512
W01,blackout-long,256,locf,0,all_z,0.0635,0.4555,0.5667,512
W01,blackout-long,384,locf,0,RHOB,-3.3745,0.0749,0.0849,384
W01,blackout-long,384,locf,0,NPHI,-0.1356,0.0782,0.0882,384
W01,blackout-long,384,locf,0,all,0.9946,0.0765,0.0866,768
W01,blackout-long,384,locf,0,all_z,-0.2435,0.5944,0.6923,768
W01,blackout-long,512,locf,0,RHOB,-3.2379,0.0699,0.0828,512
W01,blackout-long,512,locf,0,NPHI,0.0813,0.0669,0.0759,512
W01,blackout-long,512,locf,0,all,0.9954,0.0684,0.0794,1024
W01,blackout-long,512,locf,0,all_z,-0.0693,0.5258,0.6178,1024
W01,blackout-long,768,locf,0,RHOB,-2.6943,0.0889,0.1048,768
W01,blackout-long,768,locf,0,NPHI,-0.0529,0.0740,0.0847,768
W01,blackout-long,768,locf,0,all,0.9936,0.0814,0.0953,1536
W01,blackout-long,768,locf,0,all_z,-0.0862,0.6161,0.7200,1536
W01,blackout-long,1024,locf,0,RHOB,-1.9489,0.0989,0.1158,1024
W01,blackout-long,1024,locf,0,NPHI,-0.0032,0.0780,0.0906,1024
W01,blackout-long,1024,locf,0,all,0.9924,0.0884,0.1040,2048
W01,blackout-long,1024,locf,0,all_z,-0.0334,0.6649,0.7800,2048
W01,blackout-long,1536,locf,0,RHOB,-2.2731,0.0997,0.1150,1536
W01,blackout-long,1536,locf,0,NPHI,-0.0711,0.0739,0.0866,1536
W01,blackout-long,1536,locf,0,all,0.9928,0.0868,0.1018,3072
W01,blackout-long,1536,locf,0,all_z,-0.0173,0.6480,0.7569,3072
W01,blackout-long,2048,locf,0,RHOB,-2.6050,0.1040,0.1203,2048
W01,blackout-long,2048,locf,0,NPHI,-0.1663,0.0731,0.0861,2048
W01,blackout-long,2048,locf,0,all,0.9925,0.0885,0.1046,4096
W01,blackout-long,2048,locf,0,all_z,0.0268,0.6569,0.7688,4096
W04,profile-long,256,locf,0,GR,-19.0403,23.5768,24.9029,256
W04,profile-long,256,locf,0,RHOB,-0.9513,0.0537,0.0610,256
W04,profile-long,256,locf,0,NPHI,-4.5679,0.0586,0.0670,256
W04,profile-long,256,locf,0,all,-0.8920,7.8963,14.3778,768
W04,profile-long,256,locf,0,all_z,0.1615,0.5277,0.5969,768
W04,profile-long,384,locf,0,GR,-5.0353,24.6020,26.2976,384
W04,profile-long,384,locf,0,RHOB,-0.1041,0.0565,0.0684,384
W04,profile-long,384,locf,0,NPHI,-0.2920,0.0588,0.0688,384
W04,profile-long,384,locf,0,all,-0.2494,8.2391,15.1831,1152
W04,profile-long,384,locf,0,all_z,0.1677,0.5439,0.6294,1152
W04,profile-long,512,locf,0,GR,-4.4307,23.6186,25.9100,512
W04,profile-long,512,locf,0,RHOB,-0.2410,0.0870,0.1085,512
W04,profile-long,512,locf,0,NPHI,-0.5563,0.0913,0.1068,512
W04,profile-long,512,locf,0,all,-0.1160,7.9323,14.9594,1536
W04,profile-long,512,locf,0,all_z,-0.2919,0.7130,0.8513,1536
W04,profile-long,768,locf,0,GR,-5.7980,26.0347,27.6662,768
W04,profile-long,768,locf,0,RHOB,0.0357,0.0821,0.1021,768
W04,profile-long,768,locf,0,NPHI,-0.0608,0.0872,0.0972,768
W04,profile-long,768,locf,0,all,-0.2454,8.7347,15.9733,2304
W04,profile-long,768,locf,0,all_z,-0.1093,0.7099,0.8125,2304
W04,profile-long,1024,locf,0,GR,-2.6348,23.2255,25.3708,1024
W04,profile-long,1024,locf,0,RHOB,0.4269,0.0936,0.1143,1024
W04,profile-long,1024,locf,0,NPHI,0.0517,0.0834,0.0960,1024
W04,profile-long,1024,locf,0,all,0.1494,7.8008,14.6481,3072
W04,profile-long,1024,locf,0,all_z,0.1418,0.6977,0.8147,3072
W04,profile-long,1536,locf,0,GR,-1.6575,21.9863,24.8283,1536
W04,profile-long,1536,locf,0,RHOB,-0.0623,0.1298,0.1679,1536
W04,profile-long,1536,locf,0,NPHI,0.0236,0.0875,0.1014,1536
W04,profile-long,1536,locf,0,all,0.3720,7.4012,14.3351,4608
W04,profile-long,1536,locf,0,all_z,-0.0151,0.7819,0.9608,4608
W04,profile-long,2048,locf,0,GR,-0.5085,21.2884,24.4183,2048
W04,profile-long,2048,locf,0,RHOB,-0.3049,0.1470,0.1847,2048
W04,profile-long,2048,locf,0,NPHI,0.0188,0.0925,0.1078,2048
W04,profile-long,2048,locf,0,all,0.5746,7.1760,14.0984,6144
W04,profile-long,2048,locf,0,all_z,0.0535,0.8314,1.0265,6144
W04,blackout-long,256,locf,0,RHOB,-0.9513,0.0537,0.0610,256
W04,blackout-long,256,locf,0,NPHI,-4.5679,0.0586,0.0670,256
W04,blackout-long,256,locf,0,all,0.9973,0.0561,0.0641,512
W04,blackout-long,256,locf,0,all_z,0.3413,0.4760,0.5588,512
W04,blackout-long,384,locf,0,RHOB,-0.1041,0.0565,0.0684,384
W04,blackout-long,384,locf,0,NPHI,-0.2920,0.0588,0.0688,384
W04,blackout-long,384,locf,0,all,0.9969,0.0577,0.0686,768
W04,blackout-long,384,locf,0,all_z,0.3775,0.4867,0.5887,768
W04,blackout-long,512,locf,0,RHOB,-0.2410,0.0870,0.1085,512
W04,blackout-long,512,locf,0,NPHI,-0.5563,0.0913,0.1068,512
W04,blackout-long,512,locf,0,all,0.9920,0.0892,0.1077,1024
W04,blackout-long,512,locf,0,all_z,-0.2282,0.7535,0.9201,1024
W04,blackout-long,768,locf,0,RHOB,0.0357,0.0821,0.1021,768
W04,blackout-long,768,locf,0,NPHI,-0.0608,0.0872,0.0972,768
W04,blackout-long,768,locf,0,all,0.9930,0.0847,0.0997,1536
W04,blackout-long,768,locf,0,all_z,0.0333,0.7164,0.8462,1536
W04,blackout-long,1024,locf,0,RHOB,0.4269,0.0936,0.1143,1024
W04,blackout-long,1024,locf,0,NPHI,0.0517,0.0834,0.0960,1024
W04,blackout-long,1024,locf,0,all,0.9917,0.0885,0.1056,2048
W04,blackout-long,1024,locf,0,all_z,0.2502,0.7357,0.8747,2048
W04,blackout-long,1536,locf,0,RHOB,-0.0623,0.1298,0.1679,1536
W04,blackout-long,1536,locf,0,NPHI,0.0236,0.0875,0.1014,1536
W04,blackout-long,1536,locf,0,all,0.9850,0.1086,0.1387,3072
W04,blackout-long,1536,locf,0,all_z,0.0594,0.8787,1.0789,3072
W04,blackout-long,2048,locf,0,RHOB,-0.3049,0.1470,0.1847,2048
W04,blackout-long,2048,locf,0,NPHI,0.0188,0.0925,0.1078,2048
W04,blackout-long,2048,locf,0,all,0.9812,0.1198,0.1512,4096
W04,blackout-long,2048,locf,0,all_z,0.0940,0.9622,1.1692,4096
W01,profile-long,256,locf,1,GR,-0.5511,26.9998,32.1623,256
W01,profile-long,256,locf,1,RHOB,-1.3698,0.0519,0.0560,256
W01,profile-long,256,locf,1,NPHI,0.0708,0.0634,0.0766,256
W01,profile-long,256,locf,1,all,0.7182,9.0383,18.5690,768
W01,profile-long,256,locf,1,all_z,-0.1827,0.5606,0.7036,768
W01,profile-long,384,locf,1,GR,-0.3315,27.3637,30.2382,384
W01,profile-long,384,locf,1,RHOB,-3.3745,0.0749,0.0849,384
W01,profile-long,384,locf,1,NPHI,-0.1356,0.0782,0.0882,384
W01,profile-long,384,locf,1,all,0.7372,9.1722,17.4582,1152
W01,profile-long,384,locf,1,all_z,-0.2650,0.6566,0.7535,1152
W01,profile-long,512,locf,1,GR,-0.0579,22.5122,26.1418,512
W01,profile-long,512,locf,1,RHOB,-3.2379,0.0699,0.0828,512
W01,profile-long,512,locf,1,NPHI,0.0813,0.0669,0.0759,512
W01,profile-long,512,locf,1,all,0.8013,7.5496,15.0931,1536
W01,profile-long,512,locf,1,all_z,-0.0506,0.5647,0.6633,1536
W01,profile-long,768,locf,1,GR,-0.0253,23.6715,26.9446,768
W01,profile-long,768,locf,1,RHOB,-2.6943,0.0889,0.1048,768
W01,profile-long,768,locf,1,NPHI,-0.0529,0.0740,0.0847,768
W01,profile-long,768,locf,1,all,0.7551,7.9448,15.5567,2304
W01,profile-long,768,locf,1,all_z,-0.0632,0.6359,0.7367,2304
W01,profile-long,1024,locf,1,GR,0.0518,24.7341,28.0607,1024
W01,profile-long,1024,locf,1,RHOB,-1.9489,0.0989,0.1158,1024
W01,profile-long,1024,locf,1,NPHI,-0.0032,0.0780,0.0906,1024
W01,profile-long,1024,locf,1,all,0.7260,8.3037,16.2011,3072
W01,profile-long,1024,locf,1,all_z,-0.0009,0.6786,0.7870,3072
W01,profile-long,1536,locf,1,GR,-0.0222,27.7958,31.0462,1536
W01,profile-long,1536,locf,1,RHOB,-2.2731,0.0997,0.1150,1536
W01,profile-long,1536,locf,1,NPHI,-0.0711,0.0739,0.0866,1536
W01,profile-long,1536,locf,1,all,0.5969,9.3231,17.9247,4608
W01,profile-long,1536,locf,1,all_z,0.0109,0.6964,0.8023,4608
W01,profile-long,2048,locf,1,GR,-0.0607,26.9852,30.3432,2048
W01,profile-long,2048,locf,1,RHOB,-2.6050,0.1040,0.1203,2048
W01,profile-long,2048,locf,1,NPHI,-0.1663,0.0731,0.0861,2048
W01,profile-long,2048,locf,1,all,0.5701,9.0541,17.5189,6144
W01,profile-long,2048,locf,1,all_z,0.0314,0.6947,0.8025,6144
W01,blackout-long,256,locf,1,RHOB,-1.3698,0.0519,0.0560,256
W01,blackout-long,256,locf,1,NPHI,0.0708,0.0634,0.0766,256
W01,blackout-long,256,locf,1,all,0.9967,0.0576,0.0671,512
W01,blackout-long,256,locf,1,all_z,0.0635,0.4555,0.5667,512
W01,blackout-long,384,locf,1,RHOB,-3.3745,0.0749,0.0849,384
W01,blackout-long,384,locf,1,NPHI,-0.1356,0.0782,0.0882,384
W01,blackout-long,384,locf,1,all,0.9946,0.0765,0.0866,768
W01,blackout-long,384,locf,1,all_z,-0.2435,0.5944,0.6923,768
W01,blackout-long,512,locf,1,RHOB,-3.2379,0.0699,0.0828,512
W01,blackout-long,512,locf,1,NPHI,0.0813,0.0669,0.0759,512
W01,blackout-long,512,locf,1,all,0.9954,0.0684,0.0794,1024
W01,blackout-long,512,locf,1,all_z,-0.0693,0.5258,0.6178,1024
W01,blackout-long,768,locf,1,RHOB,-2.6943,0.0889,0.1048,768
W01,blackout-long,768,locf,1,NPHI,-0.0529,0.0740,0.0847,768
W01,blackout-long,768,locf,1,all,0.9936,0.0814,0.0953,1536
W01,blackout-long,768,locf,1,all_z,-0.0862,0.6161,0.7200,1536
W01,blackout-long,1024,locf,1,RHOB,-1.9489,0.0989,0.1158,1024
W01,blackout-long,1024,locf,1,NPHI,-0.0032,0.0780,0.0906,1024
W01,blackout-long,1024,locf,1,all,0.9924,0.0884,0.1040,2048
W01,blackout-long,1024,locf,1,all_z,-0.0334,0.6649,0.7800,2048
W01,blackout-long,1536,locf,1,RHOB,-2.2731,0.0997,0.1150,1536
W01,blackout-long,1536,locf,1,NPHI,-0.0711,0.0739,0.0866,1536
W01,blackout-long,1536,locf,1,all,0.9928,0.0868,0.1018,3072
W01,blackout-long,1536,locf,1,all_z,-0.0173,0.6480,0.7569,3072
W01,blackout-long,2048,locf,1,RHOB,-2.6050,0.1040,0.1203,2048
W01,blackout-long,2048,locf,1,NPHI,-0.1663,0.0731,0.0861,2048
W01,blackout-long,2048,locf,1,all,0.9925,0.0885,0.1046,4096
W01,blackout-long,2048,locf,1,all_z,0.0268,0.6569,0.7688,4096
W04,profile-long,256,locf,1,GR,-19.0403,23.5768,24.9029,256
W04,profile-long,256,locf,1,RHOB,-0.9513,0.0537,0.0610,256
W04,profile-long,256,locf,1,NPHI,-4.5679,0.0586,0.0670,256
W04,profile-long,256,locf,1,all,-0.8920,7.8963,14.3778,768
W04,profile-long,256,locf,1,all_z,0.1615,0.5277,0.5969,768
W04,profile-long,384,locf,1,GR,-5.0353,24.6020,26.2976,384
W04,profile-long,384,locf,1,RHOB,-0.1041,0.0565,0.0684,384
W04,profile-long,384,locf,1,NPHI,-0.2920,0.0588,0.0688,384
W04,profile-long,384,locf,1,all,-0.2494,8.2391,15.1831,1152
W04,profile-long,384,locf,1,all_z,0.1677,0.5439,0.6294,1152
W04,profile-long,512,locf,1,GR,-4.4307,23.6186,25.9100,512
W04,profile-long,512,locf,1,RHOB,-0.2410,0.0870,0.1085,512
W04,profile-long,512,locf,1,NPHI,-0.5563,0.0913,0.1068,512
W04,profile-long,512,locf,1,all,-0.1160,7.9323,14.9594,1536
W04,profile-long,512,locf,1,all_z,-0.2919,0.7130,0.8513,1536
W04,profile-long,768,locf,1,GR,-5.7980,26.0347,27.6662,768
W04,profile-long,768,locf,1,RHOB,0.0357,0.0821,0.1021,768
W04,profile-long,768,locf,1,NPHI,-0.0608,0.0872,0.0972,768
W04,profile-long,768,locf,1,all,-0.2454,8.7347,15.9733,2304
W04,profile-long,768,locf,1,all_z,-0.1093,0.7099,0.8125,2304
W04,profile-long,1024,locf,1,GR,-2.6348,23.2255,25.3708,1024
W04,profile-long,1024,locf,1,RHOB,0.4269,0.0936,0.1143,1024
W04,profile-long,1024,locf,1,NPHI,0.0517,0.0834,0.0960,1024
W04,profile-long,1024,locf,1,all,0.1494,7.8008,14.6481,3072
W04,profile-long,1024,locf,1,all_z,0.1418,0.6977,0.8147,3072
W04,profile-long,1536,locf,1,GR,-1.6575,21.9863,24.8283,1536
W04,profile-long,1536,locf,1,RHOB,-0.0623,0.1298,0.1679,1536
W04,profile-long,1536,locf,1,NPHI,0.0236,0.0875,0.1014,1536
W04,profile-long,1536,locf,1,all,0.3720,7.4012,14.3351,4608
W04,profile-long,1536,locf,1,all_z,-0.0151,0.7819,0.9608,4608
W04,profile-long,2048,locf,1,GR,-0.5085,21.2884,24.4183,2048
W04,profile-long,2048,locf,1,RHOB,-0.3049,0.1470,0.1847,2048
W04,profile-long,2048,locf,1,NPHI,0.0188,0.0925,0.1078,2048
W04,profile-long,2048,locf,1,all,0.5746,7.1760,14.0984,6144
W04,profile-long,2048,locf,1,all_z,0.0535,0.8314,1.0265,6144
W04,blackout-long,256,locf,1,RHOB,-0.9513,0.0537,0.0610,256
W04,blackout-long,256,locf,1,NPHI,-4.5679,0.0586,0.0670,256
W04,blackout-long,256,locf,1,all,0.9973,0.0561,0.0641,512
W04,blackout-long,256,locf,1,all_z,0.3413,0.4760,0.5588,512
W04,blackout-long,384,locf,1,RHOB,-0.1041,0.0565,0.0684,384
W04,blackout-long,384,locf,1,NPHI,-0.2920,0.0588,0.0688,384
W04,blackout-long,384,locf,1,all,0.9969,0.0577,0.0686,768
W04,blackout-long,384,locf,1,all_z,0.3775,0.4867,0.5887,768
W04,blackout-long,512,locf,1,RHOB,-0.2410,0.0870,0.1085,512
W04,blackout-long,512,locf,1,NPHI,-0.5563,0.0913,0.1068,512
W04,blackout-long,512,locf,1,all,0.9920,0.0892,0.1077,1024
W04,blackout-long,512,locf,1,all_z,-0.2282,0.7535,0.9201,1024
W04,blackout-long,768,locf,1,RHOB,0.0357,0.0821,0.1021,768
W04,blackout-long,768,locf,1,NPHI,-0.0608,0.0872,0.0972,768
W04,blackout-long,768,locf,1,all,0.9930,0.0847,0.0997,1536
W04,blackout-long,768,locf,1,all_z,0.0333,0.7164,0.8462,1536
W04,blackout-long,1024,locf,1,RHOB,0.4269,0.0936,0.1143,1024
W04,blackout-long,1024,locf,1,NPHI,0.0517,0.0834,0.0960,1024
W04,blackout-long,1024,locf,1,all,0.9917,0.0885,0.1056,2048
W04,blackout-long,1024,locf,1,all_z,0.2502,0.7357,0.8747,2048
W04,blackout-long,1536,locf,1,RHOB,-0.0623,0.1298,0.1679,1536
W04,blackout-long,1536,locf,1,NPHI,0.0236,0.0875,0.1014,1536
W04,blackout-long,1536,locf,1,all,0.9850,0.1086,0.1387,3072
W04,blackout-long,1536,locf,1,all_z,0.0594,0.8787,1.0789,3072
W04,blackout-long,2048,locf,1,RHOB,-0.3049,0.1470,0.1847,2048
W04,blackout-long,2048,locf,1,NPHI,0.0188,0.0925,0.1078,2048
W04,blackout-long,2048,locf,1,all,0.9812,0.1198,0.1512,4096
W04,blackout-long,2048,locf,1,all_z,0.0940,0.9622,1.1692,4096
W01,profile-long,256,locf,2,GR,-0.5511,26.9998,32.1623,256
W01,profile-long,256,locf,2,RHOB,-1.3698,0.0519,0.0560,256
W01,profile-long,256,locf,2,NPHI,0.0708,0.0634,0.0766,256
W01,profile-long,256,locf,2,all,0.7182,9.0383,18.5690,768
W01,profile-long,256,locf,2,all_z,-0.1827,0.5606,0.7036,768
W01,profile-long,384,locf,2,GR,-0.3315,27.3637,30.2382,384
W01,profile-long,384,locf,2,RHOB,-3.3745,0.0749,0.0849,384
W01,profile-long,384,locf,2,NPHI,-0.1356,0.0782,0.0882,384
W01,profile-long,384,locf,2,all,0.7372,9.1722,17.4582,1152
W01,profile-long,384,locf,2,all_z,-0.2650,0.6566,0.7535,1152
W01,profile-long,512,locf,2,GR,-0.0579,22.5122,26.1418,512
W01,profile-long,512,locf,2,RHOB,-3.2379,0.0699,0.0828,512
W01,profile-long,512,locf,2,NPHI,0.0813,0.0669,0.0759,512
W01,profile-long,512,locf,2,all,0.8013,7.5496,15.0931,1536
W01,profile-long,512,locf,2,all_z,-0.0506,0.5647,0.6633,1536
W01,profile-long,768,locf,2,GR,-0.0253,23.6715,26.9446,768
W01,profile-long,768,locf,2,RHOB,-2.6943,0.0889,0.1048,768
W01,profile-long,768,locf,2,NPHI,-0.0529,0.0740,0.0847,768
W01,profile-long,768,locf,2,all,0.7551,7.9448,15.5567,2304
W01,profile-long,768,locf,2,all_z,-0.0632,0.6359,0.7367,2304
W01,profile-long,1024,locf,2,GR,0.0518,24.7341,28.0607,1024
W01,profile-long,1024,locf,2,RHOB,-1.9489,0.0989,0.1158,1024
W01,profile-long,1024,locf,2,NPHI,-0.0032,0.0780,0.0906,1024
W01,profile-long,1024,locf,2,all,0.7260,8.3037,16.2011,3072
W01,profile-long,1024,locf,2,all_z,-0.0009,0.6786,0.7870,3072
W01,profile-long,1536,locf,2,GR,-0.0222,27.7958,31.0462,1536
W01,profile-long,1536,locf,2,RHOB,-2.2731,0.0997,0.1150,1536
W01,profile-long,1536,locf,2,NPHI,-0.0711,0.0739,0.0866,1536
W01,profile-long,1536,locf,2,all,0.5969,9.3231,17.9247,4608
W01,profile-long,1536,locf,2,all_z,0.0109,0.6964,0.8023,4608
W01,profile-long,2048,locf,2,GR,-0.0607,26.9852,30.3432,2048
W01,profile-long,2048,locf,2,RHOB,-2.6050,0.1040,0.1203,2048
W01,profile-long,2048,locf,2,NPHI,-0.1663,0.0731,0.0861,2048
W01,profile-long,2048,locf,2,all,0.5701,9.0541,17.5189,6144
W01,profile-long,2048,locf,2,all_z,0.0314,0.6947,0.8025,6144
W01,blackout-long,256,locf,2,RHOB,-1.3698,0.0519,0.0560,256
W01,blackout-long,256,locf,2,NPHI,0.0708,0.0634,0.0766,256
W01,blackout-long,256,locf,2,all,0.9967,0.0576,0.0671,512
W01,blackout-long,256,locf,2,all_z,0.0635,0.4555,0.5667,512
W01,blackout-long,384,locf,2,RHOB,-3.3745,0.0749,0.0849,384
W01,blackout-long,384,locf,2,NPHI,-0.1356,0.0782,0.0882,384
W01,blackout-long,384,locf,2,all,0.9946,0.0765,0.0866,768
W01,blackout-long,384,locf,2,all_z,-0.2435,0.5944,0.6923,768
W01,blackout-long,512,locf,2,RHOB,-3.2379,0.0699,0.0828,512
W01,blackout-long,512,locf,2,NPHI,0.0813,0.0669,0.0759,512
W01,blackout-long,512,locf,2,all,0.9954,0.0684,0.0794,1024
W01,blackout-long,512,locf,2,all_z,-0.0693,0.5258,0.6178,1024
W01,blackout-long,768,locf,2,RHOB,-2.6943,0.0889,0.1048,768
W01,blackout-long,768,locf,2,NPHI,-0.0529,0.0740,0.0847,768
W01,blackout-long,768,locf,2,all,0.9936,0.0814,0.0953,1536
W01,blackout-long,768,locf,2,all_z,-0.0862,0.6161,0.7200,1536
W01,blackout-long,1024,locf,2,RHOB,-1.9489,0.0989,0.1158,1024
W01,blackout-long,1024,locf,2,NPHI,-0.0032,0.0780,0.0906,1024
W01,blackout-long,1024,locf,2,all,0.9924,0.0884,0.1040,2048
W01,blackout-long,1024,locf,2,all_z,-0.0334,0.6649,0.7800,2048
W01,blackout-long,1536,locf,2,RHOB,-2.2731,0.0997,0.1150,1536
W01,blackout-long,1536,locf,2,NPHI,-0.0711,0.0739,0.0866,1536
W01,blackout-long,1536,locf,2,all,0.9928,0.0868,0.1018,3072
W01,blackout-long,1536,locf,2,all_z,-0.0173,0.6480,0.7569,3072
W01,blackout-long,2048,locf,2,RHOB,-2.6050,0.1040,0.1203,2048
W01,blackout-long,2048,locf,2,NPHI,-0.1663,0.0731,0.0861,2048
W01,blackout-long,2048,locf,2,all,0.9925,0.0885,0.1046,4096
W01,blackout-long,2048,locf,2,all_z,0.0268,0.6569,0.7688,4096
W04,profile-long,256,locf,2,GR,-19.0403,23.5768,24.9029,256
W04,profile-long,256,locf,2,RHOB,-0.9513,0.0537,0.0610,256
W04,profile-long,256,locf,2,NPHI,-4.5679,0.0586,0.0670,256
W04,profile-long,256,locf,2,all,-0.8920,7.8963,14.3778,768
W04,profile-long,256,locf,2,all_z,0.1615,0.5277,0.5969,768
W04,profile-long,384,locf,2,GR,-5.0353,24.6020,26.2976,384
W04,profile-long,384,locf,2,RHOB,-0.1041,0.0565,0.0684,384
W04,profile-long,384,locf,2,NPHI,-0.2920,0.0588,0.0688,384
W04,profile-long,384,locf,2,all,-0.2494,8.2391,15.1831,1152
W04,profile-long,384,locf,2,all_z,0.1677,0.5439,0.6294,1152
W04,profile-long,512,locf,2,GR,-4.4307,23.6186,25.9100,512
W04,profile-long,512,locf,2,RHOB,-0.2410,0.0870,0.1085,512
W04,profile-long,512,locf,2,NPHI,-0.5563,0.0913,0.1068,512
W04,profile-long,512,locf,2,all,-0.1160,7.9323,14.9594,1536
W04,profile-long,512,locf,2,all_z,-0.2919,0.7130,0.8513,1536
W04,profile-long,768,locf,2,GR,-5.7980,26.0347,27.6662,768
W04,profile-long,768,locf,2,RHOB,0.0357,0.0821,0.1021,768
W04,profile-long,768,locf,2,NPHI,-0.0608,0.0872,0.0972,768
W04,profile-long,768,locf,2,all,-0.2454,8.7347,15.9733,2304
W04,profile-long,768,locf,2,all_z,-0.1093,0.7099,0.8125,2304
W04,profile-long,1024,locf,2,GR,-2.6348,23.2255,25.3708,1024
W04,profile-long,1024,locf,2,RHOB,0.4269,0.0936,0.1143,1024
W04,profile-long,1024,locf,2,NPHI,0.0517,0.0834,0.0960,1024
W04,profile-long,1024,locf,2,all,0.1494,7.8008,14.6481,3072
W04,profile-long,1024,locf,2,all_z,0.1418,0.6977,0.8147,3072
W04,profile-long,1536,locf,2,GR,-1.6575,21.9863,24.8283,1536
W04,profile-long,1536,locf,2,RHOB,-0.0623,0.1298,0.1679,1536
W04,profile-long,1536,locf,2,NPHI,0.0236,0.0875,0.1014,1536
W04,profile-long,1536,locf,2,all,0.3720,7.4012,14.3351,4608
W04,profile-long,1536,locf,2,all_z,-0.0151,0.7819,0.9608,4608
W04,profile-long,2048,locf,2,GR,-0.5085,21.2884,24.4183,2048
W04,profile-long,2048,locf,2,RHOB,-0.3049,0.1470,0.1847,2048
W04,profile-long,2048,locf,2,NPHI,0.0188,0.0925,0.1078,2048
W04,profile-long,2048,locf,2,all,0.5746,7.1760,14.0984,6144
W04,profile-long,2048,locf,2,all_z,0.0535,0.8314,1.0265,6144
W04,blackout-long,256,locf,2,RHOB,-0.9513,0.0537,0.0610,256
W04,blackout-long,256,locf,2,NPHI,-4.5679,0.0586,0.0670,256
W04,blackout-long,256,locf,2,all,0.9973,0.0561,0.0641,512
W04,blackout-long,256,locf,2,all_z,0.3413,0.4760,0.5588,512
W04,blackout-long,384,locf,2,RHOB,-0.1041,0.0565,0.0684,384
W04,blackout-long,384,locf,2,NPHI,-0.2920,0.0588,0.0688,384
W04,blackout-long,384,locf,2,all,0.9969,0.0577,0.0686,768
W04,blackout-long,384,locf,2,all_z,0.3775,0.4867,0.5887,768
W04,blackout-long,512,locf,2,RHOB,-0.2410,0.0870,0.1085,512
W04,blackout-long,512,locf,2,NPHI,-0.5563,0.0913,0.1068,512
W04,blackout-long,512,locf,2,all,0.9920,0.0892,0.1077,1024
W04,blackout-long,512,locf,2,all_z,-0.2282,0.7535,0.9201,1024
W04,blackout-long,768,locf,2,RHOB,0.0357,0.0821,0.1021,768
W04,blackout-long,768,locf,2,NPHI,-0.0608,0.0872,0.0972,768
W04,blackout-long,768,locf,2,all,0.9930,0.0847,0.0997,1536
W04,blackout-long,768,locf,2,all_z,0.0333,0.7164,0.8462,1536
W04,blackout-long,1024,locf,2,RHOB,0.4269,0.0936,0.1143,1024
W04,blackout-long,1024,locf,2,NPHI,0.0517,0.0834,0.0960,1024
W04,blackout-long,1024,locf,2,all,0.9917,0.0885,0.1056,2048
W04,blackout-long,1024,locf,2,all_z,0.2502,0.7357,0.8747,2048
W04,blackout-long,1536,locf,2,RHOB,-0.0623,0.1298,0.1679,1536
W04,blackout-long,1536,locf,2,NPHI,0.0236,0.0875,0.1014,1536
W04,blackout-long,1536,locf,2,all,0.9850,0.1086,0.1387,3072
W04,blackout-long,1536,locf,2,all_z,0.0594,0.8787,1.0789,3072
W04,blackout-long,2048,locf,2,RHOB,-0.3049,0.1470,0.1847,2048
W04,blackout-long,2048,locf,2,NPHI,0.0188,0.0925,0.1078,2048
W04,blackout-long,2048,locf,2,all,0.9812,0.1198,0.1512,4096
W04,blackout-long,2048,locf,2,all_z,0.0940,0.9622,1.1692,4096
W01,profile-long,256,mean,0,GR,-0.3957,27.7671,30.5084,256
W01,profile-long,256,mean,0,RHOB,-4.2819,0.0753,0.0837,256
W01,profile-long,256,mean,0,NPHI,-0.0115,0.0723,0.0800,256
W01,profile-long,256,mean,0,all,0.7465,9.3049,17.6141,768
W01,profile-long,256,mean,0,all_z,-0.2617,0.6426,0.7267,768
W01,profile-long,384,mean,0,GR,-0.2785,26.3942,29.6310,384
W01,profile-long,384,mean,0,RHOB,-3.5355,0.0764,0.0865,384
W01,profile-long,384,mean,0,NPHI,-0.0008,0.0746,0.0828,384
W01,profile-long,384,mean,0,all,0.7477,8.8484,17.1076,1152
W01,profile-long,384,mean,0,all_z,-0.1879,0.6391,0.7302,1152
W01,profile-long,512,mean,0,GR,-0.2961,25.5933,28.9352,512
W01,profile-long,512,mean,0,RHOB,-3.5415,0.0757,0.0858,512
W01,profile-long,512,mean,0,NPHI,-0.0012,0.0705,0.0792,512
W01,profile-long,512,mean,0,all,0.7565,8.5799,16.7059,1536
W01,profile-long,512,mean,0,all_z,-0.2014,0.6173,0.7093,1536
W01,profile-long,768,mean,0,GR,-0.0749,24.3831,27.5882,768
W01,profile-long,768,mean,0,RHOB,-2.7633,0.0906,0.1058,768
W01,profile-long,768,mean,0,NPHI,-0.0338,0.0725,0.0839,768
W01,profile-long,768,mean,0,all,0.7433,8.1821,15.9282,2304
W01,profile-long,768,mean,0,all_z,-0.0790,0.6415,0.7422,2304
W01,profile-long,1024,mean,0,GR,-0.0240,25.9238,29.1608,1024
W01,profile-long,1024,mean,0,RHOB,-1.9607,0.0991,0.1161,1024
W01,profile-long,1024,mean,0,NPHI,-0.0449,0.0797,0.0925,1024
W01,profile-long,1024,mean,0,all,0.7041,8.7009,16.8362,3072
W01,profile-long,1024,mean,0,all_z,-0.0461,0.6958,0.8046,3072
W01,profile-long,1536,mean,0,GR,-0.0196,27.7288,31.0070,1536
W01,profile-long,1536,mean,0,RHOB,-2.4377,0.1028,0.1178,1536
W01,profile-long,1536,mean,0,NPHI,-0.0962,0.0749,0.0876,1536
W01,profile-long,1536,mean,0,all,0.5980,9.3022,17.9021,4608
W01,profile-long,1536,mean,0,all_z,-0.0083,0.7049,0.8100,4608
W01,profile-long,2048,mean,0,GR,-0.0599,26.9576,30.3314,2048
W01,profile-long,2048,mean,0,RHOB,-2.7463,0.1078,0.1226,2048
W01,profile-long,2048,mean,0,NPHI,-0.2427,0.0767,0.0889,2048
W01,profile-long,2048,mean,0,all,0.5704,9.0474,17.5121,6144
W01,profile-long,2048,mean,0,all_z,-0.0003,0.7132,0.8156,6144
W01,blackout-long,256,mean,0,RHOB,-4.2819,0.0753,0.0837,256
W01,blackout-long,256,mean,0,NPHI,-0.0115,0.0723,0.0800,256
W01,blackout-long,256,mean,0,all,0.9951,0.0738,0.0818,512
W01,blackout-long,256,mean,0,all_z,-0.2041,0.5676,0.6426,512
W01,blackout-long,384,mean,0,RHOB,-3.5355,0.0764,0.0865,384
W01,blackout-long,384,mean,0,NPHI,-0.0008,0.0746,0.0828,384
W01,blackout-long,384,mean,0,all,0.9948,0.0755,0.0846,768
W01,blackout-long,384,mean,0,all_z,-0.1473,0.5820,0.6650,768
W01,blackout-long,512,mean,0,RHOB,-3.5415,0.0757,0.0858,512
W01,blackout-long,512,mean,0,NPHI,-0.0012,0.0705,0.0792,512
W01,blackout-long,512,mean,0,all,0.9950,0.0731,0.0825,1024
W01,blackout-long,512,mean,0,all_z,-0.1591,0.5607,0.6432,1024
W01,blackout-long,768,mean,0,RHOB,-2.7633,0.0906,0.1058,768
W01,blackout-long,768,mean,0,NPHI,-0.0338,0.0725,0.0839,768
W01,blackout-long,768,mean,0,all,0.9936,0.0816,0.0955,1536
W01,blackout-long,768,mean,0,all_z,-0.0815,0.6144,0.7185,1536
W01,blackout-long,1024,mean,0,RHOB,-1.9607,0.0991,0.1161,1024
W01,blackout-long,1024,mean,0,NPHI,-0.0449,0.0797,0.0925,1024
W01,blackout-long,1024,mean,0,all,0.9923,0.0894,0.1049,2048
W01,blackout-long,1024,mean,0,all_z,-0.0611,0.6737,0.7904,2048
W01,blackout-long,1536,mean,0,RHOB,-2.4377,0.1028,0.1178,1536
W01,blackout-long,1536,mean,0,NPHI,-0.0962,0.0749,0.0876,1536
W01,blackout-long,1536,mean,0,all,0.9925,0.0888,0.1038,3072
W01,blackout-long,1536,mean,0,all_z,-0.0523,0.6617,0.7698,3072
W01,blackout-long,2048,mean,0,RHOB,-2.7463,0.1078,0.1226,2048
W01,blackout-long,2048,mean,0,NPHI,-0.2427,0.0767,0.0889,2048
W01,blackout-long,2048,mean,0,all,0.9922,0.0922,0.1071,4096
W01,blackout-long,2048,mean,0,all_z,-0.0259,0.6852,0.7893,4096
W04,profile-long,256,mean,0,GR,-33.6748,32.2813,32.7572,256
W04,profile-long,256,mean,0,RHOB,-2.1811,0.0699,0.0779,256
W04,profile-long,256,mean,0,NPHI,-8.0888,0.0808,0.0856,256
W04,profile-long,256,mean,0,all,-2.2737,10.8107,18.9125,768
W04,profile-long,256,mean,0,all_z,-0.4026,0.7163,0.7720,768
W04,profile-long,384,mean,0,GR,-6.6957,28.0454,29.6954,384
W04,profile-long,384,mean,0,RHOB,-0.7196,0.0735,0.0854,384
W04,profile-long,384,mean,0,NPHI,-1.2261,0.0826,0.0903,384
W04,profile-long,384,mean,0,all,-0.5931,9.4005,17.1448,1152
W04,profile-long,384,mean,0,all_z,-0.2539,0.6929,0.7725,1152
W04,profile-long,512,mean,0,GR,-5.7157,27.2638,28.8128,512
W04,profile-long,512,mean,0,RHOB,-0.0713,0.0831,0.1008,512
W04,profile-long,512,mean,0,NPHI,-0.2863,0.0869,0.0971,512
W04,profile-long,512,mean,0,all,-0.3801,9.1446,16.6352,1536
W04,profile-long,512,mean,0,all_z,-0.1968,0.7219,0.8194,1536
W04,profile-long,768,mean,0,GR,-5.9629,26.3866,27.9998,768
W04,profile-long,768,mean,0,RHOB,-0.0175,0.0847,0.1049,768
W04,profile-long,768,mean,0,NPHI,-0.1157,0.0889,0.0997,768
W04,profile-long,768,mean,0,all,-0.2757,8.8534,16.1659,2304
W04,profile-long,768,mean,0,all_z,-0.1592,0.7244,0.8306,2304
W04,profile-long,1024,mean,0,GR,-3.2167,25.1040,27.3261,1024
W04,profile-long,1024,mean,0,RHOB,-0.0591,0.1153,0.1554,1024
W04,profile-long,1024,mean,0,NPHI,-0.0054,0.0876,0.0989,1024
W04,profile-long,1024,mean,0,all,0.0133,8.4356,15.7771,3072
W04,profile-long,1024,mean,0,all_z,-0.1324,0.7775,0.9359,3072
W04,profile-long,1536,mean,0,GR,-1.6927,22.1968,24.9918,1536
W04,profile-long,1536,mean,0,RHOB,-0.1927,0.1381,0.1779,1536
W04,profile-long,1536,mean,0,NPHI,-0.0198,0.0900,0.1036,1536
W04,profile-long,1536,mean,0,all,0.3637,7.4750,14.4295,4608
W04,profile-long,1536,mean,0,all_z,-0.0921,0.8110,0.9966,4608
W04,profile-long,2048,mean,0,GR,-0.5312,21.5113,24.6015,2048
W04,profile-long,2048,mean,0,RHOB,-0.4171,0.1557,0.1925,2048
W04,profile-long,2048,mean,0,NPHI,-0.1419,0.0984,0.1163,2048
W04,profile-long,2048,mean,0,all,0.5682,7.2551,14.2043,6144
W04,profile-long,2048,mean,0,all_z,-0.0463,0.8726,1.0792,6144
W04,blackout-long,256,mean,0,RHOB,-2.1811,0.0699,0.0779,256
W04,blackout-long,256,mean,0,NPHI,-8.0888,0.0808,0.0856,256
W04,blackout-long,256,mean,0,all,0.9956,0.0753,0.0818,512
W04,blackout-long,256,mean,0,all_z,-0.0748,0.6425,0.7138,512
W04,blackout-long,384,mean,0,RHOB,-0.7196,0.0735,0.0854,384
W04,blackout-long,384,mean,0,NPHI,-1.2261,0.0826,0.0903,384
W04,blackout-long,384,mean,0,all,0.9949,0.0781,0.0879,768
W04,blackout-long,384,mean,0,all_z,-0.0408,0.6640,0.7612,768
W04,blackout-long,512,mean,0,RHOB,-0.0713,0.0831,0.1008,512
W04,blackout-long,512,mean,0,NPHI,-0.2863,0.0869,0.0971,512
W04,blackout-long,512,mean,0,all,0.9932,0.0850,0.0990,1024
W04,blackout-long,512,mean,0,all_z,-0.0295,0.7181,0.8424,1024
W04,blackout-long,768,mean,0,RHOB,-0.0175,0.0847,0.1049,768
W04,blackout-long,768,mean,0,NPHI,-0.1157,0.0889,0.0997,768
W04,blackout-long,768,mean,0,all,0.9926,0.0868,0.1023,1536
W04,blackout-long,768,mean,0,all_z,-0.0179,0.7335,0.8683,1536
W04,blackout-long,1024,mean,0,RHOB,-0.0591,0.1153,0.1554,1024
W04,blackout-long,1024,mean,0,NPHI,-0.0054,0.0876,0.0989,1024
W04,blackout-long,1024,mean,0,all,0.9873,0.1015,0.1302,2048
W04,blackout-long,1024,mean,0,all_z,-0.0253,0.8304,1.0229,2048
W04,blackout-long,1536,mean,0,RHOB,-0.1927,0.1381,0.1779,1536
W04,blackout-long,1536,mean,0,NPHI,-0.0198,0.0900,0.1036,1536
W04,blackout-long,1536,mean,0,all,0.9834,0.1141,0.1456,3072
W04,blackout-long,1536,mean,0,all_z,-0.0231,0.9195,1.1252,3072
W04,blackout-long,2048,mean,0,RHOB,-0.4171,0.1557,0.1925,2048
W04,blackout-long,2048,mean,0,NPHI,-0.1419,0.0984,0.1163,2048
W04,blackout-long,2048,mean,0,all,0.9792,0.1270,0.1590,4096
W04,blackout-long,2048,mean,0,all_z,-0.0142,1.0210,1.2371,4096
W01,profile-long,256,mean,1,GR,-0.3957,27.7671,30.5084,256
W01,profile-long,256,mean,1,RHOB,-4.2819,0.0753,0.0837,256
W01,profile-long,256,mean,1,NPHI,-0.0115,0.0723,0.0800,256
W01,profile-long,256,mean,1,all,0.7465,9.3049,17.6141,768
W01,profile-long,256,mean,1,all_z,-0.2617,0.6426,0.7267,768
W01,profile-long,384,mean,1,GR,-0.2785,26.3942,29.6310,384
W01,profile-long,384,mean,1,RHOB,-3.5355,0.0764,0.0865,384
W01,profile-long,384,mean,1,NPHI,-0.0008,0.0746,0.0828,384
W01,profile-long,384,mean,1,all,0.7477,8.8484,17.1076,1152
W01,profile-long,384,mean,1,all_z,-0.1879,0.6391,0.7302,1152
W01,profile-long,512,mean,1,GR,-0.2961,25.5933,28.9352,512
W01,profile-long,512,mean,1,RHOB,-3.5415,0.0757,0.0858,512
W01,profile-long,512,mean,1,NPHI,-0.0012,0.0705,0.0792,512
W01,profile-long,512,mean,1,all,0.7565,8.5799,16.7059,1536
W01,profile-long,512,mean,1,all_z,-0.2014,0.6173,0.7093,1536
W01,profile-long,768,mean,1,GR,-0.0749,24.3831,27.5882,768
W01,profile-long,768,mean,1,RHOB,-2.7633,0.0906,0.1058,768
W01,profile-long,768,mean,1,NPHI,-0.0338,0.0725,0.0839,768
W01,profile-long,768,mean,1,all,0.7433,8.1821,15.9282,2304
W01,profile-long,768,mean,1,all_z,-0.0790,0.6415,0.7422,2304
W01,profile-long,1024,mean,1,GR,-0.0240,25.9238,29.1608,1024
W01,profile-long,1024,mean,1,RHOB,-1.9607,0.0991,0.1161,1024
W01,profile-long,1024,mean,1,NPHI,-0.0449,0.0797,0.0925,1024
W01,profile-long,1024,mean,1,all,0.7041,8.7009,16.8362,3072
W01,profile-long,1024,mean,1,all_z,-0.0461,0.6958,0.8046,3072
W01,profile-long,1536,mean,1,GR,-0.0196,27.7288,31.0070,1536
W01,profile-long,1536,mean,1,RHOB,-2.4377,0.1028,0.1178,1536
W01,profile-long,1536,mean,1,NPHI,-0.0962,0.0749,0.0876,1536
W01,profile-long,1536,mean,1,all,0.5980,9.3022,17.9021,4608
W01,profile-long,1536,mean,1,all_z,-0.0083,0.7049,0.8100,4608
W01,profile-long,2048,mean,1,GR,-0.0599,26.9576,30.3314,2048
W01,profile-long,2048,mean,1,RHOB,-2.7463,0.1078,0.1226,2048
W01,profile-long,2048,mean,1,NPHI,-0.2427,0.0767,0.0889,2048
W01,profile-long,2048,mean,1,all,0.5704,9.0474,17.5121,6144
W01,profile-long,2048,mean,1,all_z,-0.0003,0.7132,0.8156,6144
W01,blackout-long,256,mean,1,RHOB,-4.2819,0.0753,0.0837,256
W01,blackout-long,256,mean,1,NPHI,-0.0115,0.0723,0.0800,256
W01,blackout-long,256,mean,1,all,0.9951,0.0738,0.0818,512
W01,blackout-long,256,mean,1,all_z,-0.2041,0.5676,0.6426,512
W01,blackout-long,384,mean,1,RHOB,-3.5355,0.0764,0.0865,384
W01,blackout-long,384,mean,1,NPHI,-0.0008,0.0746,0.0828,384
W01,blackout-long,384,mean,1,all,0.9948,0.0755,0.0846,768
W01,blackout-long,384,mean,1,all_z,-0.1473,0.5820,0.6650,768
W01,blackout-long,512,mean,1,RHOB,-3.5415,0.0757,0.0858,512
W01,blackout-long,512,mean,1,NPHI,-0.0012,0.0705,0.0792,512
W01,blackout-long,512,mean,1,all,0.9950,0.0731,0.0825,1024
W01,blackout-long,512,mean,1,all_z,-0.1591,0.5607,0.6432,1024
W01,blackout-long,768,mean,1,RHOB,-2.7633,0.0906,0.1058,768
W01,blackout-long,768,mean,1,NPHI,-0.0338,0.0725,0.0839,768
W01,blackout-long,768,mean,1,all,0.9936,0.0816,0.0955,1536
W01,blackout-long,768,mean,1,all_z,-0.0815,0.6144,0.7185,1536
W01,blackout-long,1024,mean,1,RHOB,-1.9607,0.0991,0.1161,1024
W01,blackout-long,1024,mean,1,NPHI,-0.0449,0.0797,0.0925,1024
W01,blackout-long,1024,mean,1,all,0.9923,0.0894,0.1049,2048
W01,blackout-long,1024,mean,1,all_z,-0.0611,0.6737,0.7904,2048
W01,blackout-long,1536,mean,1,RHOB,-2.4377,0.1028,0.1178,1536
W01,blackout-long,1536,mean,1,NPHI,-0.0962,0.0749,0.0876,1536
W01,blackout-long,1536,mean,1,all,0.9925,0.0888,0.1038,3072
W01,blackout-long,1536,mean,1,all_z,-0.0523,0.6617,0.7698,3072
W01,blackout-long,2048,mean,1,RHOB,-2.7463,0.1078,0.1226,2048
W01,blackout-long,2048,mean,1,NPHI,-0.2427,0.0767,0.0889,2048
W01,blackout-long,2048,mean,1,all,0.9922,0.0922,0.1071,4096
W01,blackout-long,2048,mean,1,all_z,-0.0259,0.6852,0.7893,4096
W04,profile-long,256,mean,1,GR,-33.6748,32.2813,32.7572,256
W04,profile-long,256,mean,1,RHOB,-2.1811,0.0699,0.0779,256
W04,profile-long,256,mean,1,NPHI,-8.0888,0.0808,0.0856,256
W04,profile-long,256,mean,1,all,-2.2737,10.8107,18.9125,768
W04,profile-long,256,mean,1,all_z,-0.4026,0.7163,0.7720,768
W04,profile-long,384,mean,1,GR,-6.6957,28.0454,29.6954,384
W04,profile-long,384,mean,1,RHOB,-0.7196,0.0735,0.0854,384
W04,profile-long,384,mean,1,NPHI,-1.2261,0.0826,0.0903,384
W04,profile-long,384,mean,1,all,-0.5931,9.4005,17.1448,1152
W04,profile-long,384,mean,1,all_z,-0.2539,0.6929,0.7725,1152
W04,profile-long,512,mean,1,GR,-5.7157,27.2638,28.8128,512
W04,profile-long,512,mean,1,RHOB,-0.0713,0.0831,0.1008,512
W04,profile-long,512,mean,1,NPHI,-0.2863,0.0869,0.0971,512
W04,profile-long,512,mean,1,all,-0.3801,9.1446,16.6352,1536
W04,profile-long,512,mean,1,all_z,-0.1968,0.7219,0.8194,1536
W04,profile-long,768,mean,1,GR,-5.9629,26.3866,27.9998,768
W04,profile-long,768,mean,1,RHOB,-0.0175,0.0847,0.1049,768
W04,profile-long,768,mean,1,NPHI,-0.1157,0.0889,0.0997,768
W04,profile-long,768,mean,1,all,-0.2757,8.8534,16.1659,2304
W04,profile-long,768,mean,1,all_z,-0.1592,0.7244,0.8306,2304
W04,profile-long,1024,mean,1,GR,-3.2167,25.1040,27.3261,1024
W04,profile-long,1024,mean,1,RHOB,-0.0591,0.1153,0.1554,1024
W04,profile-long,1024,mean,1,NPHI,-0.0054,0.0876,0.0989,1024
W04,profile-long,1024,mean,1,all,0.0133,8.4356,15.7771,3072
W04,profile-long,1024,mean,1,all_z,-0.1324,0.7775,0.9359,3072
W04,profile-long,1536,mean,1,GR,-1.6927,22.1968,24.9918,1536
W04,profile-long,1536,mean,1,RHOB,-0.1927,0.1381,0.1779,1536
W04,profile-long,1536,mean,1,NPHI,-0.0198,0.0900,0.1036,1536
W04,profile-long,1536,mean,1,all,0.3637,7.4750,14.4295,4608
W04,profile-long,1536,mean,1,all_z,-0.0921,0.8110,0.9966,4608
W04,profile-long,2048,mean,1,GR,-0.5312,21.5113,24.6015,2048
W04,profile-long,2048,mean,1,RHOB,-0.4171,0.1557,0.1925,2048
W04,profile-long,2048,mean,1,NPHI,-0.1419,0.0984,0.1163,2048
W04,profile-long,2048,mean,1,all,0.5682,7.2551,14.2043,6144
W04,profile-long,2048,mean,1,all_z,-0.0463,0.8726,1.0792,6144
W04,blackout-long,256,mean,1,RHOB,-2.1811,0.0699,0.0779,256
W04,blackout-long,256,mean,1,NPHI,-8.0888,0.0808,0.0856,256
W04,blackout-long,256,mean,1,all,0.9956,0.0753,0.0818,512
W04,blackout-long,256,mean,1,all_z,-0.0748,0.6425,0.7138,512
W04,blackout-long,384,mean,1,RHOB,-0.7196,0.0735,0.0854,384
W04,blackout-long,384,mean,1,NPHI,-1.2261,0.0826,0.0903,384
W04,blackout-long,384,mean,1,all,0.9949,0.0781,0.0879,768
W04,blackout-long,384,mean,1,all_z,-0.0408,0.6640,0.7612,768
W04,blackout-long,512,mean,1,RHOB,-0.0713,0.0831,0.1008,512
W04,blackout-long,512,mean,1,NPHI,-0.2863,0.0869,0.0971,512
W04,blackout-long,512,mean,1,all,0.9932,0.0850,0.0990,1024
W04,blackout-long,512,mean,1,all_z,-0.0295,0.7181,0.8424,1024
W04,blackout-long,768,mean,1,RHOB,-0.0175,0.0847,0.1049,768
W04,blackout-long,768,mean,1,NPHI,-0.1157,0.0889,0.0997,768
W04,blackout-long,768,mean,1,all,0.9926,0.0868,0.1023,1536
W04,blackout-long,768,mean,1,all_z,-0.0179,0.7335,0.8683,1536
W04,blackout-long,1024,mean,1,RHOB,-0.0591,0.1153,0.1554,1024
W04,blackout-long,1024,mean,1,NPHI,-0.0054,0.0876,0.0989,1024
W04,blackout-long,1024,mean,1,all,0.9873,0.1015,0.1302,2048
W04,blackout-long,1024,mean,1,all_z,-0.0253,0.8304,1.0229,2048
W04,blackout-long,1536,mean,1,RHOB,-0.1927,0.1381,0.1779,1536
W04,blackout-long,1536,mean,1,NPHI,-0.0198,0.0900,0.1036,1536
W04,blackout-long,1536,mean,1,all,0.9834,0.1141,0.1456,3072
W04,blackout-long,1536,mean,1,all_z,-0.0231,0.9195,1.1252,3072
W04,blackout-long,2048,mean,1,RHOB,-0.4171,0.1557,0.1925,2048
W04,blackout-long,2048,mean,1,NPHI,-0.1419,0.0984,0.1163,2048
W04,blackout-long,2048,mean,1,all,0.9792,0.1270,0.1590,4096
W04,blackout-long,2048,mean,1,all_z,-0.0142,1.0210,1.2371,4096
W01,profile-long,256,mean,2,GR,-0.3957,27.7671,30.5084,256
W01,profile-long,256,mean,2,RHOB,-4.2819,0.0753,0.0837,256
W01,profile-long,256,mean,2,NPHI,-0.0115,0.0723,0.0800,256
W01,profile-long,256,mean,2,all,0.7465,9.3049,17.6141,768
W01,profile-long,256,mean,2,all_z,-0.2617,0.6426,0.7267,768
W01,profile-long,384,mean,2,GR,-0.2785,26.3942,29.6310,384
W01,profile-long,384,mean,2,RHOB,-3.5355,0.0764,0.0865,384
W01,profile-long,384,mean,2,NPHI,-0.0008,0.0746,0.0828,384
W01,profile-long,384,mean,2,all,0.7477,8.8484,17.1076,1152
W01,profile-long,384,mean,2,all_z,-0.1879,0.6391,0.7302,1152
W01,profile-long,512,mean,2,GR,-0.2961,25.5933,28.9352,512
W01,profile-long,512,mean,2,RHOB,-3.5415,0.0757,0.0858,512
W01,profile-long,512,mean,2,NPHI,-0.0012,0.0705,0.0792,512
W01,profile-long,512,mean,2,all,0.7565,8.5799,16.7059,1536
W01,profile-long,512,mean,2,all_z,-0.2014,0.6173,0.7093,1536
W01,profile-long,768,mean,2,GR,-0.0749,24.3831,27.5882,768
W01,profile-long,768,mean,2,RHOB,-2.7633,0.0906,0.1058,768
W01,profile-long,768,mean,2,NPHI,-0.0338,0.0725,0.0839,768
W01,profile-long,768,mean,2,all,0.7433,8.1821,15.9282,2304
W01,profile-long,768,mean,2,all_z,-0.0790,0.6415,0.7422,2304
W01,profile-long,1024,mean,2,GR,-0.0240,25.9238,29.1608,1024
W01,profile-long,1024,mean,2,RHOB,-1.9607,0.0991,0.1161,1024
W01,profile-long,1024,mean,2,NPHI,-0.0449,0.0797,0.0925,1024
W01,profile-long,1024,mean,2,all,0.7041,8.7009,16.8362,3072
W01,profile-long,1024,mean,2,all_z,-0.0461,0.6958,0.8046,3072
W01,profile-long,1536,mean,2,GR,-0.0196,27.7288,31.0070,1536
W01,profile-long,1536,mean,2,RHOB,-2.4377,0.1028,0.1178,1536
W01,profile-long,1536,mean,2,NPHI,-0.0962,0.0749,0.0876,1536
W01,profile-long,1536,mean,2,all,0.5980,9.3022,17.9021,4608
W01,profile-long,1536,mean,2,all_z,-0.0083,0.7049,0.8100,4608
W01,profile-long,2048,mean,2,GR,-0.0599,26.9576,30.3314,2048
W01,profile-long,2048,mean,2,RHOB,-2.7463,0.1078,0.1226,2048
W01,profile-long,2048,mean,2,NPHI,-0.2427,0.0767,0.0889,2048
W01,profile-long,2048,mean,2,all,0.5704,9.0474,17.5121,6144
W01,profile-long,2048,mean,2,all_z,-0.0003,0.7132,0.8156,6144
W01,blackout-long,256,mean,2,RHOB,-4.2819,0.0753,0.0837,256
W01,blackout-long,256,mean,2,NPHI,-0.0115,0.0723,0.0800,256
W01,blackout-long,256,mean,2,all,0.9951,0.0738,0.0818,512
W01,blackout-long,256,mean,2,all_z,-0.2041,0.5676,0.6426,512
W01,blackout-long,384,mean,2,RHOB,-3.5355,0.0764,0.0865,384
W01,blackout-long,384,mean,2,NPHI,-0.0008,0.0746,0.0828,384
W01,blackout-long,384,mean,2,all,0.9948,0.0755,0.0846,768
W01,blackout-long,384,mean,2,all_z,-0.1473,0.5820,0.6650,768
W01,blackout-long,512,mean,2,RHOB,-3.5415,0.0757,0.0858,512
W01,blackout-long,512,mean,2,NPHI,-0.0012,0.0705,0.0792,512
W01,blackout-long,512,mean,2,all,0.9950,0.0731,0.0825,1024
W01,blackout-long,512,mean,2,all_z,-0.1591,0.5607,0.6432,1024
W01,blackout-long,768,mean,2,RHOB,-2.7633,0.0906,0.1058,768
W01,blackout-long,768,mean,2,NPHI,-0.0338,0.0725,0.0839,768
W01,blackout-long,768,mean,2,all,0.9936,0.0816,0.0955,1536
W01,blackout-long,768,mean,2,all_z,-0.0815,0.6144,0.7185,1536
W01,blackout-long,1024,mean,2,RHOB,-1.9607,0.0991,0.1161,1024
W01,blackout-long,1024,mean,2,NPHI,-0.0449,0.0797,0.0925,1024
W01,blackout-long,1024,mean,2,all,0.9923,0.0894,0.1049,2048
W01,blackout-long,1024,mean,2,all_z,-0.0611,0.6737,0.7904,2048
W01,blackout-long,1536,mean,2,RHOB,-2.4377,0.1028,0.1178,1536
W01,blackout-long,1536,mean,2,NPHI,-0.0962,0.0749,0.0876,1536
W01,blackout-long,1536,mean,2,all,0.9925,0.0888,0.1038,3072
W01,blackout-long,1536,mean,2,all_z,-0.0523,0.6617,0.7698,3072
W01,blackout-long,2048,mean,2,RHOB,-2.7463,0.1078,0.1226,2048
W01,blackout-long,2048,mean,2,NPHI,-0.2427,0.0767,0.0889,2048
W01,blackout-long,2048,mean,2,all,0.9922,0.0922,0.1071,4096
W01,blackout-long,2048,mean,2,all_z,-0.0259,0.6852,0.7893,4096
W04,profile-long,256,mean,2,GR,-33.6748,32.2813,32.7572,256
W04,profile-long,256,mean,2,RHOB,-2.1811,0.0699,0.0779,256
W04,profile-long,256,mean,2,NPHI,-8.0888,0.0808,0.0856,256
W04,profile-long,256,mean,2,all,-2.2737,10.8107,18.9125,768
W04,profile-long,256,mean,2,all_z,-0.4026,0.7163,0.7720,768
W04,profile-long,384,mean,2,GR,-6.6957,28.0454,29.6954,384
W04,profile-long,384,mean,2,RHOB,-0.7196,0.0735,0.0854,384
W04,profile-long,384,mean,2,NPHI,-1.2261,0.0826,0.0903,384
W04,profile-long,384,mean,2,all,-0.5931,9.4005,17.1448,1152
W04,profile-long,384,mean,2,all_z,-0.2539,0.6929,0.7725,1152
W04,profile-long,512,mean,2,GR,-5.7157,27.2638,28.8128,512
W04,profile-long,512,mean,2,RHOB,-0.0713,0.0831,0.1008,512
W04,profile-long,512,mean,2,NPHI,-0.2863,0.0869,0.0971,512
W04,profile-long,512,mean,2,all,-0.3801,9.1446,16.6352,1536
W04,profile-long,512,mean,2,all_z,-0.1968,0.7219,0.8194,1536
W04,profile-long,768,mean,2,GR,-5.9629,26.3866,27.9998,768
W04,profile-long,768,mean,2,RHOB,-0.0175,0.0847,0.1049,768
W04,profile-long,768,mean,2,NPHI,-0.1157,0.0889,0.0997,768
W04,profile-long,768,mean,2,all,-0.2757,8.8534,16.1659,2304
W04,profile-long,768,mean,2,all_z,-0.1592,0.7244,0.8306,2304
W04,profile-long,1024,mean,2,GR,-3.2167,25.1040,27.3261,1024
W04,profile-long,1024,mean,2,RHOB,-0.0591,0.1153,0.1554,1024
W04,profile-long,1024,mean,2,NPHI,-0.0054,0.0876,0.0989,1024
W04,profile-long,1024,mean,2,all,0.0133,8.4356,15.7771,3072
W04,profile-long,1024,mean,2,all_z,-0.1324,0.7775,0.9359,3072
W04,profile-long,1536,mean,2,GR,-1.6927,22.1968,24.9918,1536
W04,profile-long,1536,mean,2,RHOB,-0.1927,0.1381,0.1779,1536
W04,profile-long,1536,mean,2,NPHI,-0.0198,0.0900,0.1036,1536
W04,profile-long,1536,mean,2,all,0.3637,7.4750,14.4295,4608
W04,profile-long,1536,mean,2,all_z,-0.0921,0.8110,0.9966,4608
W04,profile-long,2048,mean,2,GR,-0.5312,21.5113,24.6015,2048
W04,profile-long,2048,mean,2,RHOB,-0.4171,0.1557,0.1925,2048
W04,profile-long,2048,mean,2,NPHI,-0.1419,0.0984,0.1163,2048
W04,profile-long,2048,mean,2,all,0.5682,7.2551,14.2043,6144
W04,profile-long,2048,mean,2,all_z,-0.0463,0.8726,1.0792,6144
W04,blackout-long,256,mean,2,RHOB,-2.1811,0.0699,0.0779,256
W04,blackout-long,256,mean,2,NPHI,-8.0888,0.0808,0.0856,256
W04,blackout-long,256,mean,2,all,0.9956,0.0753,0.0818,512
W04,blackout-long,256,mean,2,all_z,-0.0748,0.6425,0.7138,512
W04,blackout-long,384,mean,2,RHOB,-0.7196,0.0735,0.0854,384
W04,blackout-long,384,mean,2,NPHI,-1.2261,0.0826,0.0903,384
W04,blackout-long,384,mean,2,all,0.9949,0.0781,0.0879,768
W04,blackout-long,384,mean,2,all_z,-0.0408,0.6640,0.7612,768
W04,blackout-long,512,mean,2,RHOB,-0.0713,0.0831,0.1008,512
W04,blackout-long,512,mean,2,NPHI,-0.2863,0.0869,0.0971,512
W04,blackout-long,512,mean,2,all,0.9932,0.0850,0.0990,1024
W04,blackout-long,512,mean,2,all_z,-0.0295,0.7181,0.8424,1024
W04,blackout-long,768,mean,2,RHOB,-0.0175,0.0847,0.1049,768
W04,blackout-long,768,mean,2,NPHI,-0.1157,0.0889,0.0997,768
W04,blackout-long,768,mean,2,all,0.9926,0.0868,0.1023,1536
W04,blackout-long,768,mean,2,all_z,-0.0179,0.7335,0.8683,1536
W04,blackout-long,1024,mean,2,RHOB,-0.0591,0.1153,0.1554,1024
W04,blackout-long,1024,mean,2,NPHI,-0.0054,0.0876,0.0989,1024
W04,blackout-long,1024,mean,2,all,0.9873,0.1015,0.1302,2048
W04,blackout-long,1024,mean,2,all_z,-0.0253,0.8304,1.0229,2048
W04,blackout-long,1536,mean,2,RHOB,-0.1927,0.1381,0.1779,1536
W04,blackout-long,1536,mean,2,NPHI,-0.0198,0.0900,0.1036,1536
W04,blackout-long,1536,mean,2,all,0.9834,0.1141,0.1456,3072
W04,blackout-long,1536,mean,2,all_z,-0.0231,0.9195,1.1252,3072
W04,blackout-long,2048,mean,2,RHOB,-0.4171,0.1557,0.1925,2048
W04,blackout-long,2048,mean,2,NPHI,-0.1419,0.0984,0.1163,2048
W04,blackout-long,2048,mean,2,all,0.9792,0.1270,0.1590,4096
W04,blackout-long,2048,mean,2,all_z,-0.0142,1.0210,1.2371,4096
W01,profile-long,256,mice,0,GR,0.8566,9.1083,9.7777,256
W01,profile-long,256,mice,0,RHOB,-2.9192,0.0620,0.0721,256
W01,profile-long,256,mice,0,NPHI,0.6836,0.0395,0.0447,256
W01,profile-long,256,mice,0,all,0.9740,3.0699,5.6454,768
W01,profile-long,256,mice,0,all_z,0.6476,0.3348,0.3840,768
W01,profile-long,384,mice,0,GR,0.8721,8.6225,9.3711,384
W01,profile-long,384,mice,0,RHOB,-1.9428,0.0585,0.0696,384
W01,profile-long,384,mice,0,NPHI,0.7144,0.0379,0.0442,384
W01,profile-long,384,mice,0,all,0.9748,2.9063,5.4106,1152
W01,profile-long,384,mice,0,all_z,0.6881,0.3183,0.3742,1152
W01,profile-long,512,mice,0,GR,0.8587,8.5189,9.5534,512
W01,profile-long,512,mice,0,RHOB,-1.9405,0.0585,0.0690,512
W01,profile-long,512,mice,0,NPHI,0.7072,0.0365,0.0428,512
W01,profile-long,512,mice,0,all,0.9735,2.8713,5.5158,1536
W01,profile-long,512,mice,0,all_z,0.6748,0.3127,0.3691,1536
W01,profile-long,768,mice,0,GR,0.7937,9.9765,12.0853,768
W01,profile-long,768,mice,0,RHOB,-0.5985,0.0591,0.0689,768
W01,profile-long,768,mice,0,NPHI,0.7700,0.0327,0.0396,768
W01,profile-long,768,mice,0,all,0.9507,3.3561,6.9776,2304
W01,profile-long,768,mice,0,all_z,0.7201,0.3156,0.3780,2304
W01,profile-long,1024,mice,0,GR,0.7525,11.5399,14.3376,1024
W01,profile-long,1024,mice,0,RHOB,-0.0961,0.0619,0.0706,1024
W01,profile-long,1024,mice,0,NPHI,0.8025,0.0322,0.0402,1024
W01,profile-long,1024,mice,0,all,0.9285,3.8780,8.2779,3072
W01,profile-long,1024,mice,0,all_z,0.7361,0.3345,0.4041,3072
W01,profile-long,1536,mice,0,GR,0.4059,17.0515,23.6696,1536
W01,profile-long,1536,mice,0,RHOB,-0.7791,0.0711,0.0848,1536
W01,profile-long,1536,mice,0,NPHI,0.6902,0.0372,0.0466,1536
W01,profile-long,1536,mice,0,all,0.7657,5.7199,13.6657,4608
W01,profile-long,1536,mice,0,all_z,0.5356,0.4209,0.5497,4608
W01,profile-long,2048,mice,0,GR,0.3333,18.0143,24.0561,2048
W01,profile-long,2048,mice,0,RHOB,-0.6524,0.0668,0.0814,2048
W01,profile-long,2048,mice,0,NPHI,0.6960,0.0352,0.0440,2048
W01,profile-long,2048,mice,0,all,0.7298,6.0388,13.8889,6144
W01,profile-long,2048,mice,0,all_z,0.5585,0.4152,0.5418,6144
W01,blackout-long,256,mice,0,RHOB,-4.8997,0.0638,0.0884,256
W01,blackout-long,256,mice,0,NPHI,0.2260,0.0625,0.0699,256
W01,blackout-long,256,mice,0,all,0.9954,0.0632,0.0797,512
W01,blackout-long,256,mice,0,all_z,-0.0483,0.4870,0.5996,512
W01,blackout-long,384,mice,0,RHOB,-4.4300,0.0713,0.0946,384
W01,blackout-long,384,mice,0,NPHI,0.2200,0.0653,0.0731,384
W01,blackout-long,384,mice,0,all,0.9948,0.0683,0.0845,768
W01,blackout-long,384,mice,0,all_z,-0.0375,0.5225,0.6324,768
W01,blackout-long,512,mice,0,RHOB,-4.2738,0.0692,0.0924,512
W01,blackout-long,512,mice,0,NPHI,0.2218,0.0616,0.0698,512
W01,blackout-long,512,mice,0,all,0.9951,0.0654,0.0819,1024
W01,blackout-long,512,mice,0,all_z,-0.0408,0.4985,0.6095,1024
W01,blackout-long,768,mice,0,RHOB,-3.9111,0.0910,0.1208,768
W01,blackout-long,768,mice,0,NPHI,0.1725,0.0642,0.0751,768
W01,blackout-long,768,mice,0,all,0.9929,0.0776,0.1006,1536
W01,blackout-long,768,mice,0,all_z,-0.0747,0.5758,0.7162,1536
W01,blackout-long,1024,mice,0,RHOB,-3.2243,0.1071,0.1386,1024
W01,blackout-long,1024,mice,0,NPHI,0.1621,0.0707,0.0828,1024
W01,blackout-long,1024,mice,0,all,0.9909,0.0889,0.1142,2048
W01,blackout-long,1024,mice,0,all_z,-0.1037,0.6547,0.8061,2048
W01,blackout-long,1536,mice,0,RHOB,-4.4887,0.1215,0.1489,1536
W01,blackout-long,1536,mice,0,NPHI,0.1212,0.0662,0.0785,1536
W01,blackout-long,1536,mice,0,all,0.9902,0.0938,0.1190,3072
W01,blackout-long,1536,mice,0,all_z,-0.1900,0.6760,0.8186,3072
W01,blackout-long,2048,mice,0,RHOB,-4.9992,0.1291,0.1551,2048
W01,blackout-long,2048,mice,0,NPHI,-0.0097,0.0684,0.0801,2048
W01,blackout-long,2048,mice,0,all,0.9896,0.0988,0.1235,4096
W01,blackout-long,2048,mice,0,all_z,-0.1787,0.7091,0.8461,4096
W04,profile-long,256,mice,0,GR,-8.9371,16.4220,17.5360,256
W04,profile-long,256,mice,0,RHOB,0.2921,0.0310,0.0368,256
W04,profile-long,256,mice,0,NPHI,0.3914,0.0164,0.0222,256
W04,profile-long,256,mice,0,all,0.0618,5.4898,10.1244,768
W04,profile-long,256,mice,0,all_z,0.7398,0.2711,0.3325,768
W04,profile-long,384,mice,0,GR,-2.0535,16.8202,18.7054,384
W04,profile-long,384,mice,0,RHOB,0.4260,0.0382,0.0493,384
W04,profile-long,384,mice,0,NPHI,0.6260,0.0270,0.0370,384
W04,profile-long,384,mice,0,all,0.3679,5.6285,10.7996,1152
W04,profile-long,384,mice,0,all_z,0.6495,0.3265,0.4084,1152
W04,profile-long,512,mice,0,GR,-2.9027,18.3395,21.9646,512
W04,profile-long,512,mice,0,RHOB,0.7400,0.0391,0.0497,512
W04,profile-long,512,mice,0,NPHI,0.6933,0.0350,0.0474,512
W04,profile-long,512,mice,0,all,0.1980,6.1378,12.6814,1536
W04,profile-long,512,mice,0,all_z,0.5924,0.3690,0.4782,1536
W04,profile-long,768,mice,0,GR,-4.9060,20.1345,25.7872,768
W04,profile-long,768,mice,0,RHOB,0.6226,0.0469,0.0639,768
W04,profile-long,768,mice,0,NPHI,0.6136,0.0434,0.0587,768
W04,profile-long,768,mice,0,all,-0.0820,6.7416,14.8883,2304
W04,profile-long,768,mice,0,all_z,0.4337,0.4308,0.5805,2304
W04,profile-long,1024,mice,0,GR,-2.2291,18.8777,23.9130,1024
W04,profile-long,1024,mice,0,RHOB,0.6595,0.0647,0.0881,1024
W04,profile-long,1024,mice,0,NPHI,0.6669,0.0425,0.0569,1024
W04,profile-long,1024,mice,0,all,0.2444,6.3283,13.8063,3072
W04,profile-long,1024,mice,0,all_z,0.5294,0.4567,0.6033,3072
W04,profile-long,1536,mice,0,GR,-0.9884,16.7431,21.4761,1536
W04,profile-long,1536,mice,0,RHOB,0.6655,0.0716,0.0942,1536
W04,profile-long,1536,mice,0,NPHI,0.7184,0.0407,0.0545,1536
W04,profile-long,1536,mice,0,all,0.5302,5.6185,12.3994,4608
W04,profile-long,1536,mice,0,all_z,0.6203,0.4471,0.5876,4608
W04,profile-long,2048,mice,0,GR,-0.0488,15.8258,20.3612,2048
W04,profile-long,2048,mice,0,RHOB,0.6441,0.0744,0.0964,2048
W04,profile-long,2048,mice,0,NPHI,0.7312,0.0430,0.0564,2048
W04,profile-long,2048,mice,0,all,0.7042,5.3144,11.7557,6144
W04,profile-long,2048,mice,0,all_z,0.6874,0.4531,0.5899,6144
W04,blackout-long,256,mice,0,RHOB,-8.0364,0.1234,0.1313,256
W04,blackout-long,256,mice,0,NPHI,-4.6120,0.0618,0.0673,256
W04,blackout-long,256,mice,0,all,0.9929,0.0926,0.1043,512
W04,blackout-long,256,mice,0,all_z,-0.3134,0.7276,0.7891,512
W04,blackout-long,384,mice,0,RHOB,-3.0292,0.1178,0.1307,384
W04,blackout-long,384,mice,0,NPHI,-0.5719,0.0680,0.0759,384
W04,blackout-long,384,mice,0,all,0.9924,0.0929,0.1068,768
W04,blackout-long,384,mice,0,all_z,-0.2240,0.7401,0.8255,768
W04,blackout-long,512,mice,0,RHOB,-0.7695,0.1157,0.1296,512
W04,blackout-long,512,mice,0,NPHI,-0.0581,0.0762,0.0881,512
W04,blackout-long,512,mice,0,all,0.9915,0.0960,0.1108,1024
W04,blackout-long,512,mice,0,all_z,-0.1261,0.7743,0.8811,1024
W04,blackout-long,768,mice,0,RHOB,-0.4679,0.1090,0.1260,768
W04,blackout-long,768,mice,0,NPHI,0.0095,0.0810,0.0939,768
W04,blackout-long,768,mice,0,all,0.9913,0.0950,0.1111,1536
W04,blackout-long,768,mice,0,all_z,-0.0917,0.7759,0.8993,1536
W04,blackout-long,1024,mice,0,RHOB,-0.0332,0.1284,0.1535,1024
W04,blackout-long,1024,mice,0,NPHI,0.0457,0.0837,0.0963,1024
W04,blackout-long,1024,mice,0,all,0.9877,0.1061,0.1281,2048
W04,blackout-long,1024,mice,0,all_z,0.0126,0.8550,1.0038,2048
W04,blackout-long,1536,mice,0,RHOB,-0.1292,0.1462,0.1731,1536
W04,blackout-long,1536,mice,0,NPHI,0.0171,0.0877,0.1017,1536
W04,blackout-long,1536,mice,0,all,0.9842,0.1170,0.1420,3072
W04,blackout-long,1536,mice,0,all_z,0.0239,0.9353,1.0991,3072
W04,blackout-long,2048,mice,0,RHOB,-0.3932,0.1630,0.1908,2048
W04,blackout-long,2048,mice,0,NPHI,-0.0792,0.0963,0.1130,2048
W04,blackout-long,2048,mice,0,all,0.9797,0.1297,0.1568,4096
W04,blackout-long,2048,mice,0,all_z,0.0202,1.0353,1.2159,4096
W01,profile-long,256,mice,1,GR,0.8566,9.1083,9.7777,256
W01,profile-long,256,mice,1,RHOB,-2.9192,0.0620,0.0721,256
W01,profile-long,256,mice,1,NPHI,0.6836,0.0395,0.0447,256
W01,profile-long,256,mice,1,all,0.9740,3.0699,5.6454,768
W01,profile-long,256,mice,1,all_z,0.6476,0.3348,0.3840,768
W01,profile-long,384,mice,1,GR,0.8721,8.6225,9.3711,384
W01,profile-long,384,mice,1,RHOB,-1.9428,0.0585,0.0696,384
W01,profile-long,384,mice,1,NPHI,0.7144,0.0379,0.0442,384
W01,profile-long,384,mice,1,all,0.9748,2.9063,5.4106,1152
W01,profile-long,384,mice,1,all_z,0.6881,0.3183,0.3742,1152
W01,profile-long,512,mice,1,GR,0.8587,8.5189,9.5534,512
W01,profile-long,512,mice,1,RHOB,-1.9405,0.0585,0.0690,512
W01,profile-long,512,mice,1,NPHI,0.7072,0.0365,0.0428,512
W01,profile-long,512,mice,1,all,0.9735,2.8713,5.5158,1536
W01,profile-long,512,mice,1,all_z,0.6748,0.3127,0.3691,1536
W01,profile-long,768,mice,1,GR,0.7937,9.9765,12.0853,768
W01,profile-long,768,mice,1,RHOB,-0.5985,0.0591,0.0689,768
W01,profile-long,768,mice,1,NPHI,0.7700,0.0327,0.0396,768
W01,profile-long,768,mice,1,all,0.9507,3.3561,6.9776,2304
W01,profile-long,768,mice,1,all_z,0.7201,0.3156,0.3780,2304
W01,profile-long,1024,mice,1,GR,0.7525,11.5399,14.3376,1024
W01,profile-long,1024,mice,1,RHOB,-0.0961,0.0619,0.0706,1024
W01,profile-long,1024,mice,1,NPHI,0.8025,0.0322,0.0402,1024
W01,profile-long,1024,mice,1,all,0.9285,3.8780,8.2779,3072
W01,profile-long,1024,mice,1,all_z,0.7361,0.3345,0.4041,3072
W01,profile-long,1536,mice,1,GR,0.4059,17.0515,23.6696,1536
W01,profile-long,1536,mice,1,RHOB,-0.7791,0.0711,0.0848,1536
W01,profile-long,1536,mice,1,NPHI,0.6902,0.0372,0.0466,1536
W01,profile-long,1536,mice,1,all,0.7657,5.7199,13.6657,4608
W01,profile-long,1536,mice,1,all_z,0.5356,0.4209,0.5497,4608
W01,profile-long,2048,mice,1,GR,0.3333,18.0143,24.0561,2048
W01,profile-long,2048,mice,1,RHOB,-0.6524,0.0668,0.0814,2048
W01,profile-long,2048,mice,1,NPHI,0.6960,0.0352,0.0440,2048
W01,profile-long,2048,mice,1,all,0.7298,6.0388,13.8889,6144
W01,profile-long,2048,mice,1,all_z,0.5585,0.4152,0.5418,6144
W01,blackout-long,256,mice,1,RHOB,-4.8997,0.0638,0.0884,256
W01,blackout-long,256,mice,1,NPHI,0.2260,0.0625,0.0699,256
W01,blackout-long,256,mice,1,all,0.9954,0.0632,0.0797,512
W01,blackout-long,256,mice,1,all_z,-0.0483,0.4870,0.5996,512
W01,blackout-long,384,mice,1,RHOB,-4.4300,0.0713,0.0946,384
W01,blackout-long,384,mice,1,NPHI,0.2200,0.0653,0.0731,384
W01,blackout-long,384,mice,1,all,0.9948,0.0683,0.0845,768
W01,blackout-long,384,mice,1,all_z,-0.0375,0.5225,0.6324,768
W01,blackout-long,512,mice,1,RHOB,-4.2738,0.0692,0.0924,512
W01,blackout-long,512,mice,1,NPHI,0.2218,0.0616,0.0698,512
W01,blackout-long,512,mice,1,all,0.9951,0.0654,0.0819,1024
W01,blackout-long,512,mice,1,all_z,-0.0408,0.4985,0.6095,1024
W01,blackout-long,768,mice,1,RHOB,-3.9111,0.0910,0.1208,768
W01,blackout-long,768,mice,1,NPHI,0.1725,0.0642,0.0751,768
W01,blackout-long,768,mice,1,all,0.9929,0.0776,0.1006,1536
W01,blackout-long,768,mice,1,all_z,-0.0747,0.5758,0.7162,1536
W01,blackout-long,1024,mice,1,RHOB,-3.2243,0.1071,0.1386,1024
W01,blackout-long,1024,mice,1,NPHI,0.1621,0.0707,0.0828,1024
W01,blackout-long,1024,mice,1,all,0.9909,0.0889,0.1142,2048
W01,blackout-long,1024,mice,1,all_z,-0.1037,0.6547,0.8061,2048
W01,blackout-long,1536,mice,1,RHOB,-4.4887,0.1215,0.1489,1536
W01,blackout-long,1536,mice,1,NPHI,0.1212,0.0662,0.0785,1536
W01,blackout-long,1536,mice,1,all,0.9902,0.0938,0.1190,3072
W01,blackout-long,1536,mice,1,all_z,-0.1900,0.6760,0.8186,3072
W01,blackout-long,2048,mice,1,RHOB,-4.9992,0.1291,0.1551,2048
W01,blackout-long,2048,mice,1,NPHI,-0.0097,0.0684,0.0801,2048
W01,blackout-long,2048,mice,1,all,0.9896,0.0988,0.1235,4096
W01,blackout-long,2048,mice,1,all_z,-0.1787,0.7091,0.8461,4096
W04,profile-long,256,mice,1,GR,-8.9371,16.4220,17.5360,256
W04,profile-long,256,mice,1,RHOB,0.2921,0.0310,0.0368,256
W04,profile-long,256,mice,1,NPHI,0.3914,0.0164,0.0222,256
W04,profile-long,256,mice,1,all,0.0618,5.4898,10.1244,768
W04,profile-long,256,mice,1,all_z,0.7398,0.2711,0.3325,768
W04,profile-long,384,mice,1,GR,-2.0535,16.8202,18.7054,384
W04,profile-long,384,mice,1,RHOB,0.4260,0.0382,0.0493,384
W04,profile-long,384,mice,1,NPHI,0.6260,0.0270,0.0370,384
W04,profile-long,384,mice,1,all,0.3679,5.6285,10.7996,1152
W04,profile-long,384,mice,1,all_z,0.6495,0.3265,0.4084,1152
W04,profile-long,512,mice,1,GR,-2.9027,18.3395,21.9646,512
W04,profile-long,512,mice,1,RHOB,0.7400,0.0391,0.0497,512
W04,profile-long,512,mice,1,NPHI,0.6933,0.0350,0.0474,512
W04,profile-long,512,mice,1,all,0.1980,6.1378,12.6814,1536
W04,profile-long,512,mice,1,all_z,0.5924,0.3690,0.4782,1536
W04,profile-long,768,mice,1,GR,-4.9060,20.1345,25.7872,768
W04,profile-long,768,mice,1,RHOB,0.6226,0.0469,0.0639,768
W04,profile-long,768,mice,1,NPHI,0.6136,0.0434,0.0587,768
W04,profile-long,768,mice,1,all,-0.0820,6.7416,14.8883,2304
W04,profile-long,768,mice,1,all_z,0.4337,0.4308,0.5805,2304
W04,profile-long,1024,mice,1,GR,-2.2291,18.8777,23.9130,1024
W04,profile-long,1024,mice,1,RHOB,0.6595,0.0647,0.0881,1024
W04,profile-long,1024,mice,1,NPHI,0.6669,0.0425,0.0569,1024
W04,profile-long,1024,mice,1,all,0.2444,6.3283,13.8063,3072
W04,profile-long,1024,mice,1,all_z,0.5294,0.4567,0.6033,3072
W04,profile-long,1536,mice,1,GR,-0.9884,16.7431,21.4761,1536
W04,profile-long,1536,mice,1,RHOB,0.6655,0.0716,0.0942,1536
W04,profile-long,1536,mice,1,NPHI,0.7184,0.0407,0.0545,1536
W04,profile-long,1536,mice,1,all,0.5302,5.6185,12.3994,4608
W04,profile-long,1536,mice,1,all_z,0.6203,0.4471,0.5876,4608
W04,profile-long,2048,mice,1,GR,-0.0488,15.8258,20.3612,2048
W04,profile-long,2048,mice,1,RHOB,0.6441,0.0744,0.0964,2048
W04,profile-long,2048,mice,1,NPHI,0.7312,0.0430,0.0564,2048
W04,profile-long,2048,mice,1,all,0.7042,5.3144,11.7557,6144
W04,profile-long,2048,mice,1,all_z,0.6874,0.4531,0.5899,6144
W04,blackout-long,256,mice,1,RHOB,-8.0364,0.1234,0.1313,256
W04,blackout-long,256,mice,1,NPHI,-4.6120,0.0618,0.0673,256
W04,blackout-long,256,mice,1,all,0.9929,0.0926,0.1043,512
W04,blackout-long,256,mice,1,all_z,-0.3134,0.7276,0.7891,512
W04,blackout-long,384,mice,1,RHOB,-3.0292,0.1178,0.1307,384
W04,blackout-long,384,mice,1,NPHI,-0.5719,0.0680,0.0759,384
W04,blackout-long,384,mice,1,all,0.9924,0.0929,0.1068,768
W04,blackout-long,384,mice,1,all_z,-0.2240,0.7401,0.8255,768
W04,blackout-long,512,mice,1,RHOB,-0.7695,0.1157,0.1296,512
W04,blackout-long,512,mice,1,NPHI,-0.0581,0.0762,0.0881,512
W04,blackout-long,512,mice,1,all,0.9915,0.0960,0.1108,1024
W04,blackout-long,512,mice,1,all_z,-0.1261,0.7743,0.8811,1024
W04,blackout-long,768,mice,1,RHOB,-0.4679,0.1090,0.1260,768
W04,blackout-long,768,mice,1,NPHI,0.0095,0.0810,0.0939,768
W04,blackout-long,768,mice,1,all,0.9913,0.0950,0.1111,1536
W04,blackout-long,768,mice,1,all_z,-0.0917,0.7759,0.8993,1536
W04,blackout-long,1024,mice,1,RHOB,-0.0332,0.1284,0.1535,1024
W04,blackout-long,1024,mice,1,NPHI,0.0457,0.0837,0.0963,1024
W04,blackout-long,1024,mice,1,all,0.9877,0.1061,0.1281,2048
W04,blackout-long,1024,mice,1,all_z,0.0126,0.8550,1.0038,2048
W04,blackout-long,1536,mice,1,RHOB,-0.1292,0.1462,0.1731,1536
W04,blackout-long,1536,mice,1,NPHI,0.0171,0.0877,0.1017,1536
W04,blackout-long,1536,mice,1,all,0.9842,0.1170,0.1420,3072
W04,blackout-long,1536,mice,1,all_z,0.0239,0.9353,1.0991,3072
W04,blackout-long,2048,mice,1,RHOB,-0.3932,0.1630,0.1908,2048
W04,blackout-long,2048,mice,1,NPHI,-0.0792,0.0963,0.1130,2048
W04,blackout-long,2048,mice,1,all,0.9797,0.1297,0.1568,4096
W04,blackout-long,2048,mice,1,all_z,0.0202,1.0353,1.2159,4096
W01,profile-long,256,mice,2,GR,0.8566,9.1083,9.7777,256
W01,profile-long,256,mice,2,RHOB,-2.9192,0.0620,0.0721,256
W01,profile-long,256,mice,2,NPHI,0.6836,0.0395,0.0447,256
W01,profile-long,256,mice,2,all,0.9740,3.0699,5.6454,768
W01,profile-long,256,mice,2,all_z,0.6476,0.3348,0.3840,768
W01,profile-long,384,mice,2,GR,0.8721,8.6225,9.3711,384
W01,profile-long,384,mice,2,RHOB,-1.9428,0.0585,0.0696,384
W01,profile-long,384,mice,2,NPHI,0.7144,0.0379,0.0442,384
W01,profile-long,384,mice,2,all,0.9748,2.9063,5.4106,1152
W01,profile-long,384,mice,2,all_z,0.6881,0.3183,0.3742,1152
W01,profile-long,512,mice,2,GR,0.8587,8.5189,9.5534,512
W01,profile-long,512,mice,2,RHOB,-1.9405,0.0585,0.0690,512
W01,profile-long,512,mice,2,NPHI,0.7072,0.0365,0.0428,512
W01,profile-long,512,mice,2,all,0.9735,2.8713,5.5158,1536
W01,profile-long,512,mice,2,all_z,0.6748,0.3127,0.3691,1536
W01,profile-long,768,mice,2,GR,0.7937,9.9765,12.0853,768
W01,profile-long,768,mice,2,RHOB,-0.5985,0.0591,0.0689,768
W01,profile-long,768,mice,2,NPHI,0.7700,0.0327,0.0396,768
W01,profile-long,768,mice,2,all,0.9507,3.3561,6.9776,2304
W01,profile-long,768,mice,2,all_z,0.7201,0.3156,0.3780,2304
W01,profile-long,1024,mice,2,GR,0.7525,11.5399,14.3376,1024
W01,profile-long,1024,mice,2,RHOB,-0.0961,0.0619,0.0706,1024
W01,profile-long,1024,mice,2,NPHI,0.8025,0.0322,0.0402,1024
W01,profile-long,1024,mice,2,all,0.9285,3.8780,8.2779,3072
W01,profile-long,1024,mice,2,all_z,0.7361,0.3345,0.4041,3072
W01,profile-long,1536,mice,2,GR,0.4059,17.0515,23.6696,1536
W01,profile-long,1536,mice,2,RHOB,-0.7791,0.0711,0.0848,1536
W01,profile-long,1536,mice,2,NPHI,0.6902,0.0372,0.0466,1536
W01,profile-long,1536,mice,2,all,0.7657,5.7199,13.6657,4608
W01,profile-long,1536,mice,2,all_z,0.5356,0.4209,0.5497,4608
W01,profile-long,2048,mice,2,GR,0.3333,18.0143,24.0561,2048
W01,profile-long,2048,mice,2,RHOB,-0.6524,0.0668,0.0814,2048
W01,profile-long,2048,mice,2,NPHI,0.6960,0.0352,0.0440,2048
W01,profile-long,2048,mice,2,all,0.7298,6.0388,13.8889,6144
W01,profile-long,2048,mice,2,all_z,0.5585,0.4152,0.5418,6144
W01,blackout-long,256,mice,2,RHOB,-4.8997,0.0638,0.0884,256
W01,blackout-long,256,mice,2,NPHI,0.2260,0.0625,0.0699,256
W01,blackout-long,256,mice,2,all,0.9954,0.0632,0.0797,512
W01,blackout-long,256,mice,2,all_z,-0.0483,0.4870,0.5996,512
W01,blackout-long,384,mice,2,RHOB,-4.4300,0.0713,0.0946,384
W01,blackout-long,384,mice,2,NPHI,0.2200,0.0653,0.0731,384
W01,blackout-long,384,mice,2,all,0.9948,0.0683,0.0845,768
W01,blackout-long,384,mice,2,all_z,-0.0375,0.5225,0.6324,768
W01,blackout-long,512,mice,2,RHOB,-4.2738,0.0692,0.0924,512
W01,blackout-long,512,mice,2,NPHI,0.2218,0.0616,0.0698,512
W01,blackout-long,512,mice,2,all,0.9951,0.0654,0.0819,1024
W01,blackout-long,512,mice,2,all_z,-0.0408,0.4985,0.6095,1024
W01,blackout-long,768,mice,2,RHOB,-3.9111,0.0910,0.1208,768
W01,blackout-long,768,mice,2,NPHI,0.1725,0.0642,0.0751,768
W01,blackout-long,768,mice,2,all,0.9929,0.0776,0.1006,1536
W01,blackout-long,768,mice,2,all_z,-0.0747,0.5758,0.7162,1536
W01,blackout-long,1024,mice,2,RHOB,-3.2243,0.1071,0.1386,1024
W01,blackout-long,1024,mice,2,NPHI,0.1621,0.0707,0.0828,1024
W01,blackout-long,1024,mice,2,all,0.9909,0.0889,0.1142,2048
W01,blackout-long,1024,mice,2,all_z,-0.1037,0.6547,0.8061,2048
W01,blackout-long,1536,mice,2,RHOB,-4.4887,0.1215,0.1489,1536
W01,blackout-long,1536,mice,2,NPHI,0.1212,0.0662,0.0785,1536
W01,blackout-long,1536,mice,2,all,0.9902,0.0938,0.1190,3072
W01,blackout-long,1536,mice,2,all_z,-0.1900,0.6760,0.8186,3072
W01,blackout-long,2048,mice,2,RHOB,-4.9992,0.1291,0.1551,2048
W01,blackout-long,2048,mice,2,NPHI,-0.0097,0.0684,0.0801,2048
W01,blackout-long,2048,mice,2,all,0.9896,0.0988,0.1235,4096
W01,blackout-long,2048,mice,2,all_z,-0.1787,0.7091,0.8461,4096
W04,profile-long,256,mice,2,GR,-8.9371,16.4220,17.5360,256
W04,profile-long,256,mice,2,RHOB,0.2921,0.0310,0.0368,256
W04,profile-long,256,mice,2,NPHI,0.3914,0.0164,0.0222,256
W04,profile-long,256,mice,2,all,0.0618,5.4898,10.1244,768
W04,profile-long,256,mice,2,all_z,0.7398,0.2711,0.3325,768
W04,profile-long,384,mice,2,GR,-2.0535,16.8202,18.7054,384
W04,profile-long,384,mice,2,RHOB,0.4260,0.0382,0.0493,384
W04,profile-long,384,mice,2,NPHI,0.6260,0.0270,0.0370,384
W04,profile-long,384,mice,2,all,0.3679,5.6285,10.7996,1152
W04,profile-long,384,mice,2,all_z,0.6495,0.3265,0.4084,1152
W04,profile-long,512,mice,2,GR,-2.9027,18.3395,21.9646,512
W04,profile-long,512,mice,2,RHOB,0.7400,0.0391,0.0497,512
W04,profile-long,512,mice,2,NPHI,0.6933,0.0350,0.0474,512
W04,profile-long,512,mice,2,all,0.1980,6.1378,12.6814,1536
W04,profile-long,512,mice,2,all_z,0.5924,0.3690,0.4782,1536
W04,profile-long,768,mice,2,GR,-4.9060,20.1345,25.7872,768
W04,profile-long,768,mice,2,RHOB,0.6226,0.0469,0.0639,768
W04,profile-long,768,mice,2,NPHI,0.6136,0.0434,0.0587,768
W04,profile-long,768,mice,2,all,-0.0820,6.7416,14.8883,2304
W04,profile-long,768,mice,2,all_z,0.4337,0.4308,0.5805,2304
W04,profile-long,1024,mice,2,GR,-2.2291,18.8777,23.9130,1024
W04,profile-long,1024,mice,2,RHOB,0.6595,0.0647,0.0881,1024
W04,profile-long,1024,mice,2,NPHI,0.6669,0.0425,0.0569,1024
W04,profile-long,1024,mice,2,all,0.2444,6.3283,13.8063,3072
W04,profile-long,1024,mice,2,all_z,0.5294,0.4567,0.6033,3072
W04,profile-long,1536,mice,2,GR,-0.9884,16.7431,21.4761,1536
W04,profile-long,1536,mice,2,RHOB,0.6655,0.0716,0.0942,1536
W04,profile-long,1536,mice,2,NPHI,0.7184,0.0407,0.0545,1536
W04,profile-long,1536,mice,2,all,0.5302,5.6185,12.3994,4608
W04,profile-long,1536,mice,2,all_z,0.6203,0.4471,0.5876,4608
W04,profile-long,2048,mice,2,GR,-0.0488,15.8258,20.3612,2048
W04,profile-long,2048,mice,2,RHOB,0.6441,0.0744,0.0964,2048
W04,profile-long,2048,mice,2,NPHI,0.7312,0.0430,0.0564,2048
W04,profile-long,2048,mice,2,all,0.7042,5.3144,11.7557,6144
W04,profile-long,2048,mice,2,all_z,0.6874,0.4531,0.5899,6144
W04,blackout-long,256,mice,2,RHOB,-8.0364,0.1234,0.1313,256
W04,blackout-long,256,mice,2,NPHI,-4.6120,0.0618,0.0673,256
W04,blackout-long,256,mice,2,all,0.9929,0.0926,0.1043,512
W04,blackout-long,256,mice,2,all_z,-0.3134,0.7276,0.7891,512
W04,blackout-long,384,mice,2,RHOB,-3.0292,0.1178,0.1307,384
W04,blackout-long,384,mice,2,NPHI,-0.5719,0.0680,0.0759,384
W04,blackout-long,384,mice,2,all,0.9924,0.0929,0.1068,768
W04,blackout-long,384,mice,2,all_z,-0.2240,0.7401,0.8255,768
W04,blackout-long,512,mice,2,RHOB,-0.7695,0.1157,0.1296,512
W04,blackout-long,512,mice,2,NPHI,-0.0581,0.0762,0.0881,512
W04,blackout-long,512,mice,2,all,0.9915,0.0960,0.1108,1024
W04,blackout-long,512,mice,2,all_z,-0.1261,0.7743,0.8811,1024
W04,blackout-long,768,mice,2,RHOB,-0.4679,0.1090,0.1260,768
W04,blackout-long,768,mice,2,NPHI,0.0095,0.0810,0.0939,768
W04,blackout-long,768,mice,2,all,0.9913,0.0950,0.1111,1536
W04,blackout-long,768,mice,2,all_z,-0.0917,0.7759,0.8993,1536
W04,blackout-long,1024,mice,2,RHOB,-0.0332,0.1284,0.1535,1024
W04,blackout-long,1024,mice,2,NPHI,0.0457,0.0837,0.0963,1024
W04,blackout-long,1024,mice,2,all,0.9877,0.1061,0.1281,2048
W04,blackout-long,1024,mice,2,all_z,0.0126,0.8550,1.0038,2048
W04,blackout-long,1536,mice,2,RHOB,-0.1292,0.1462,0.1731,1536
W04,blackout-long,1536,mice,2,NPHI,0.0171,0.0877,0.1017,1536
W04,blackout-long,1536,mice,2,all,0.9842,0.1170,0.1420,3072
W04,blackout-long,1536,mice,2,all_z,0.0239,0.9353,1.0991,3072
W04,blackout-long,2048,mice,2,RHOB,-0.3932,0.1630,0.1908,2048
W04,blackout-long,2048,mice,2,NPHI,-0.0792,0.0963,0.1130,2048
W04,blackout-long,2048,mice,2,all,0.9797,0.1297,0.1568,4096
W04,blackout-long,2048,mice,2,all_z,0.0202,1.0353,1.2159,4096
W01,profile-long,256,rf,0,GR,0.6340,12.5185,15.6229,256
W01,profile-long,256,rf,0,RHOB,-1.8616,0.0447,0.0616,256
W01,profile-long,256,rf,0,NPHI,0.1020,0.0574,0.0753,256
W01,profile-long,256,rf,0,all,0.9335,4.2069,9.0200,768
W01,profile-long,256,rf,0,all_z,0.3259,0.3898,0.5312,768
W01,profile-long,384,rf,0,GR,0.6515,12.4786,15.4693,384
W01,profile-long,384,rf,0,RHOB,-1.4882,0.0455,0.0640,384
W01,profile-long,384,rf,0,NPHI,0.2684,0.0524,0.0708,384
W01,profile-long,384,rf,0,all,0.9312,4.1922,8.9314,1152
W01,profile-long,384,rf,0,all_z,0.4109,0.3750,0.5142,1152
W01,profile-long,512,rf,0,GR,0.6159,12.4767,15.7510,512
W01,profile-long,512,rf,0,RHOB,-1.3487,0.0448,0.0617,512
W01,profile-long,512,rf,0,NPHI,0.2356,0.0513,0.0692,512
W01,profile-long,512,rf,0,all,0.9278,4.1910,9.0940,1536
W01,profile-long,512,rf,0,all_z,0.3873,0.3702,0.5066,1536
W01,profile-long,768,rf,0,GR,0.5471,13.8872,17.9075,768
W01,profile-long,768,rf,0,RHOB,-0.2611,0.0458,0.0612,768
W01,profile-long,768,rf,0,NPHI,0.4107,0.0465,0.0634,768
W01,profile-long,768,rf,0,all,0.8918,4.6598,10.3390,2304
W01,profile-long,768,rf,0,all_z,0.5058,0.3702,0.5023,2304
W01,profile-long,1024,rf,0,GR,0.5481,15.2127,19.3713,1024
W01,profile-long,1024,rf,0,RHOB,0.0287,0.0501,0.0665,1024
W01,profile-long,1024,rf,0,NPHI,0.5232,0.0457,0.0625,1024
W01,profile-long,1024,rf,0,all,0.8694,5.1028,11.1841,3072
W01,profile-long,1024,rf,0,all_z,0.5611,0.3891,0.5212,3072
W01,profile-long,1536,rf,0,GR,0.0792,21.6280,29.4666,1536
W01,profile-long,1536,rf,0,RHOB,-0.7969,0.0635,0.0852,1536
W01,profile-long,1536,rf,0,NPHI,0.3280,0.0520,0.0686,1536
W01,profile-long,1536,rf,0,all,0.6369,7.2478,17.0127,4608
W01,profile-long,1536,rf,0,all_z,0.2882,0.4964,0.6806,4608
W01,profile-long,2048,rf,0,GR,0.0057,22.1300,29.3781,2048
W01,profile-long,2048,rf,0,RHOB,-0.7973,0.0656,0.0849,2048
W01,profile-long,2048,rf,0,NPHI,0.3177,0.0509,0.0659,2048
W01,profile-long,2048,rf,0,all,0.5970,7.4155,16.9615,6144
W01,profile-long,2048,rf,0,all_z,0.3231,0.5020,0.6709,6144
W01,blackout-long,256,rf,0,RHOB,-8.5833,0.0902,0.1127,256
W01,blackout-long,256,rf,0,NPHI,-0.1898,0.0717,0.0867,256
W01,blackout-long,256,rf,0,all,0.9926,0.0810,0.1006,512
W01,blackout-long,256,rf,0,all_z,-0.6466,0.6094,0.7515,512
W01,blackout-long,384,rf,0,RHOB,-6.5870,0.0916,0.1118,384
W01,blackout-long,384,rf,0,NPHI,-0.0349,0.0704,0.0842,384
W01,blackout-long,384,rf,0,all,0.9929,0.0810,0.0990,768
W01,blackout-long,384,rf,0,all_z,-0.4054,0.6069,0.7360,768
W01,blackout-long,512,rf,0,RHOB,-6.1138,0.0867,0.1073,512
W01,blackout-long,512,rf,0,NPHI,-0.0566,0.0674,0.0814,512
W01,blackout-long,512,rf,0,all,0.9934,0.0771,0.0952,1024
W01,blackout-long,512,rf,0,all_z,-0.4094,0.5784,0.7093,1024
W01,blackout-long,768,rf,0,RHOB,-5.5406,0.1076,0.1394,768
W01,blackout-long,768,rf,0,NPHI,-0.2491,0.0747,0.0922,768
W01,blackout-long,768,rf,0,all,0.9901,0.0911,0.1182,1536
W01,blackout-long,768,rf,0,all_z,-0.5262,0.6750,0.8535,1536
W01,blackout-long,1024,rf,0,RHOB,-4.3785,0.1230,0.1564,1024
W01,blackout-long,1024,rf,0,NPHI,-0.1653,0.0805,0.0976,1024
W01,blackout-long,1024,rf,0,all,0.9881,0.1017,0.1304,2048
W01,blackout-long,1024,rf,0,all_z,-0.4671,0.7484,0.9294,2048
W01,blackout-long,1536,rf,0,RHOB,-5.7225,0.1355,0.1648,1536
W01,blackout-long,1536,rf,0,NPHI,-0.2300,0.0758,0.0928,1536
W01,blackout-long,1536,rf,0,all,0.9876,0.1056,0.1337,3072
W01,blackout-long,1536,rf,0,all_z,-0.5440,0.7633,0.9325,3072
W01,blackout-long,2048,rf,0,RHOB,-6.0337,0.1391,0.1680,2048
W01,blackout-long,2048,rf,0,NPHI,-0.3668,0.0762,0.0932,2048
W01,blackout-long,2048,rf,0,all,0.9874,0.1077,0.1358,4096
W01,blackout-long,2048,rf,0,all_z,-0.4686,0.7760,0.9444,4096
W04,profile-long,256,rf,0,GR,-19.3514,19.2831,25.0955,256
W04,profile-long,256,rf,0,RHOB,-0.8093,0.0491,0.0588,256
W04,profile-long,256,rf,0,NPHI,-0.5728,0.0279,0.0356,256
W04,profile-long,256,rf,0,all,-0.9214,6.4533,14.4890,768
W04,profile-long,256,rf,0,all_z,0.4217,0.3762,0.4957,768
W04,profile-long,384,rf,0,GR,-4.4317,19.3606,24.9478,384
W04,profile-long,384,rf,0,RHOB,0.0461,0.0510,0.0636,384
W04,profile-long,384,rf,0,NPHI,0.4844,0.0334,0.0435,384
W04,profile-long,384,rf,0,all,-0.1244,6.4817,14.4037,1152
W04,profile-long,384,rf,0,all_z,0.4246,0.3995,0.5234,1152
W04,profile-long,512,rf,0,GR,-4.8561,20.5720,26.9057,512
W04,profile-long,512,rf,0,RHOB,0.3742,0.0588,0.0771,512
W04,profile-long,512,rf,0,NPHI,0.6695,0.0377,0.0492,512
W04,profile-long,512,rf,0,all,-0.2034,6.8895,15.5341,1536
W04,profile-long,512,rf,0,all_z,0.3849,0.4425,0.5874,1536
W04,profile-long,768,rf,0,GR,-7.0246,22.3482,30.0587,768
W04,profile-long,768,rf,0,RHOB,0.1407,0.0700,0.0964,768
W04,profile-long,768,rf,0,NPHI,0.5737,0.0462,0.0616,768
W04,profile-long,768,rf,0,all,-0.4702,7.4881,17.3545,2304
W04,profile-long,768,rf,0,all_z,0.1847,0.5121,0.6966,2304
W04,profile-long,1024,rf,0,GR,-4.0716,22.6492,29.9685,1024
W04,profile-long,1024,rf,0,RHOB,0.5158,0.0783,0.1051,1024
W04,profile-long,1024,rf,0,NPHI,0.6079,0.0474,0.0617,1024
W04,profile-long,1024,rf,0,all,-0.1868,7.5916,17.3024,3072
W04,profile-long,1024,rf,0,all_z,0.3391,0.5373,0.7150,3072
W04,profile-long,1536,rf,0,GR,-2.4880,21.5182,28.4445,1536
W04,profile-long,1536,rf,0,RHOB,0.5565,0.0816,0.1085,1536
W04,profile-long,1536,rf,0,NPHI,0.6579,0.0462,0.0600,1536
W04,profile-long,1536,rf,0,all,0.1758,7.2154,16.4226,4608
W04,profile-long,1536,rf,0,all_z,0.4570,0.5308,0.7027,4608
W04,profile-long,2048,rf,0,GR,-1.0161,21.1738,28.2294,2048
W04,profile-long,2048,rf,0,RHOB,0.4840,0.0883,0.1161,2048
W04,profile-long,2048,rf,0,NPHI,0.6867,0.0476,0.0609,2048
W04,profile-long,2048,rf,0,all,0.4314,7.1032,16.2984,6144
W04,profile-long,2048,rf,0,all_z,0.5322,0.5473,0.7217,6144
W04,blackout-long,256,rf,0,RHOB,-6.3807,0.1023,0.1187,256
W04,blackout-long,256,rf,0,NPHI,-4.5064,0.0514,0.0666,256
W04,blackout-long,256,rf,0,all,0.9940,0.0769,0.0962,512
W04,blackout-long,256,rf,0,all_z,-0.1522,0.6044,0.7391,512
W04,blackout-long,384,rf,0,RHOB,-2.2078,0.0985,0.1166,384
W04,blackout-long,384,rf,0,NPHI,-0.4924,0.0589,0.0740,384
W04,blackout-long,384,rf,0,all,0.9937,0.0787,0.0976,768
W04,blackout-long,384,rf,0,all_z,-0.0548,0.6294,0.7663,768
W04,blackout-long,512,rf,0,RHOB,-0.6201,0.1029,0.1240,512
W04,blackout-long,512,rf,0,NPHI,-0.1354,0.0712,0.0912,512
W04,blackout-long,512,rf,0,all,0.9918,0.0871,0.1089,1024
W04,blackout-long,512,rf,0,all_z,-0.1207,0.7060,0.8790,1024
W04,blackout-long,768,rf,0,RHOB,-0.3606,0.0978,0.1213,768
W04,blackout-long,768,rf,0,NPHI,-0.0530,0.0761,0.0968,768
W04,blackout-long,768,rf,0,all,0.9915,0.0869,0.1097,1536
W04,blackout-long,768,rf,0,all_z,-0.0940,0.7134,0.9002,1536
W04,blackout-long,1024,rf,0,RHOB,-0.0654,0.1226,0.1559,1024
W04,blackout-long,1024,rf,0,NPHI,-0.0679,0.0824,0.1019,1024
W04,blackout-long,1024,rf,0,all,0.9871,0.1025,0.1317,2048
W04,blackout-long,1024,rf,0,all_z,-0.0586,0.8285,1.0394,2048
W04,blackout-long,1536,rf,0,RHOB,-0.2538,0.1461,0.1824,1536
W04,blackout-long,1536,rf,0,NPHI,-0.1250,0.0889,0.1088,1536
W04,blackout-long,1536,rf,0,all,0.9824,0.1175,0.1502,3072
W04,blackout-long,1536,rf,0,all_z,-0.0983,0.9412,1.1659,3072
W04,blackout-long,2048,rf,0,RHOB,-0.6535,0.1709,0.2079,2048
W04,blackout-long,2048,rf,0,NPHI,-0.2299,0.0997,0.1207,2048
W04,blackout-long,2048,rf,0,all,0.9762,0.1353,0.1700,4096
W04,blackout-long,2048,rf,0,all_z,-0.1427,1.0792,1.3131,4096
W01,profile-long,256,rf,1,GR,0.6340,12.5185,15.6229,256
W01,profile-long,256,rf,1,RHOB,-1.8616,0.0447,0.0616,256
W01,profile-long,256,rf,1,NPHI,0.1020,0.0574,0.0753,256
W01,profile-long,256,rf,1,all,0.9335,4.2069,9.0200,768
W01,profile-long,256,rf,1,all_z,0.3259,0.3898,0.5312,768
W01,profile-long,384,rf,1,GR,0.6515,12.4786,15.4693,384
W01,profile-long,384,rf,1,RHOB,-1.4882,0.0455,0.0640,384
W01,profile-long,384,rf,1,NPHI,0.2684,0.0524,0.0708,384
W01,profile-long,384,rf,1,all,0.9312,4.1922,8.9314,1152
W01,profile-long,384,rf,1,all_z,0.4109,0.3750,0.5142,1152
W01,profile-long,512,rf,1,GR,0.6159,12.4767,15.7510,512
W01,profile-long,512,rf,1,RHOB,-1.3487,0.0448,0.0617,512
W01,profile-long,512,rf,1,NPHI,0.2356,0.0513,0.0692,512
W01,profile-long,512,rf,1,all,0.9278,4.1910,9.0940,1536
W01,profile-long,512,rf,1,all_z,0.3873,0.3702,0.5066,1536
W01,profile-long,768,rf,1,GR,0.5471,13.8872,17.9075,768
W01,profile-long,768,rf,1,RHOB,-0.2611,0.0458,0.0612,768
W01,profile-long,768,rf,1,NPHI,0.4107,0.0465,0.0634,768
W01,profile-long,768,rf,1,all,0.8918,4.6598,10.3390,2304
W01,profile-long,768,rf,1,all_z,0.5058,0.3702,0.5023,2304
W01,profile-long,1024,rf,1,GR,0.5481,15.2127,19.3713,1024
W01,profile-long,1024,rf,1,RHOB,0.0287,0.0501,0.0665,1024
W01,profile-long,1024,rf,1,NPHI,0.5232,0.0457,0.0625,1024
W01,profile-long,1024,rf,1,all,0.8694,5.1028,11.1841,3072
W01,profile-long,1024,rf,1,all_z,0.5611,0.3891,0.5212,3072
W01,profile-long,1536,rf,1,GR,0.0792,21.6280,29.4666,1536
W01,profile-long,1536,rf,1,RHOB,-0.7969,0.0635,0.0852,1536
W01,profile-long,1536,rf,1,NPHI,0.3280,0.0520,0.0686,1536
W01,profile-long,1536,rf,1,all,0.6369,7.2478,17.0127,4608
W01,profile-long,1536,rf,1,all_z,0.2882,0.4964,0.6806,4608
W01,profile-long,2048,rf,1,GR,0.0057,22.1300,29.3781,2048
W01,profile-long,2048,rf,1,RHOB,-0.7973,0.0656,0.0849,2048
W01,profile-long,2048,rf,1,NPHI,0.3177,0.0509,0.0659,2048
W01,profile-long,2048,rf,1,all,0.5970,7.4155,16.9615,6144
W01,profile-long,2048,rf,1,all_z,0.3231,0.5020,0.6709,6144
W01,blackout-long,256,rf,1,RHOB,-8.5833,0.0902,0.1127,256
W01,blackout-long,256,rf,1,NPHI,-0.1898,0.0717,0.0867,256
W01,blackout-long,256,rf,1,all,0.9926,0.0810,0.1006,512
W01,blackout-long,256,rf,1,all_z,-0.6466,0.6094,0.7515,512
W01,blackout-long,384,rf,1,RHOB,-6.5870,0.0916,0.1118,384
W01,blackout-long,384,rf,1,NPHI,-0.0349,0.0704,0.0842,384
W01,blackout-long,384,rf,1,all,0.9929,0.0810,0.0990,768
W01,blackout-long,384,rf,1,all_z,-0.4054,0.6069,0.7360,768
W01,blackout-long,512,rf,1,RHOB,-6.1138,0.0867,0.1073,512
W01,blackout-long,512,rf,1,NPHI,-0.0566,0.0674,0.0814,512
W01,blackout-long,512,rf,1,all,0.9934,0.0771,0.0952,1024
W01,blackout-long,512,rf,1,all_z,-0.4094,0.5784,0.7093,1024
W01,blackout-long,768,rf,1,RHOB,-5.5406,0.1076,0.1394,768
W01,blackout-long,768,rf,1,NPHI,-0.2491,0.0747,0.0922,768
W01,blackout-long,768,rf,1,all,0.9901,0.0911,0.1182,1536
W01,blackout-long,768,rf,1,all_z,-0.5262,0.6750,0.8535,1536
W01,blackout-long,1024,rf,1,RHOB,-4.3785,0.1230,0.1564,1024
W01,blackout-long,1024,rf,1,NPHI,-0.1653,0.0805,0.0976,1024
W01,blackout-long,1024,rf,1,all,0.9881,0.1017,0.1304,2048
W01,blackout-long,1024,rf,1,all_z,-0.4671,0.7484,0.9294,2048
W01,blackout-long,1536,rf,1,RHOB,-5.7225,0.1355,0.1648,1536
W01,blackout-long,1536,rf,1,NPHI,-0.2300,0.0758,0.0928,1536
W01,blackout-long,1536,rf,1,all,0.9876,0.1056,0.1337,3072
W01,blackout-long,1536,rf,1,all_z,-0.5440,0.7633,0.9325,3072
W01,blackout-long,2048,rf,1,RHOB,-6.0337,0.1391,0.1680,2048
W01,blackout-long,2048,rf,1,NPHI,-0.3668,0.0762,0.0932,2048
W01,blackout-long,2048,rf,1,all,0.9874,0.1077,0.1358,4096
W01,blackout-long,2048,rf,1,all_z,-0.4686,0.7760,0.9444,4096
W04,profile-long,256,rf,1,GR,-19.3514,19.2831,25.0955,256
W04,profile-long,256,rf,1,RHOB,-0.8093,0.0491,0.0588,256
W04,profile-long,256,rf,1,NPHI,-0.5728,0.0279,0.0356,256
W04,profile-long,256,rf,1,all,-0.9214,6.4533,14.4890,768
W04,profile-long,256,rf,1,all_z,0.4217,0.3762,0.4957,768
W04,profile-long,384,rf,1,GR,-4.4317,19.3606,24.9478,384
W04,profile-long,384,rf,1,RHOB,0.0461,0.0510,0.0636,384
W04,profile-long,384,rf,1,NPHI,0.4844,0.0334,0.0435,384
W04,profile-long,384,rf,1,all,-0.1244,6.4817,14.4037,1152
W04,profile-long,384,rf,1,all_z,0.4246,0.3995,0.5234,1152
W04,profile-long,512,rf,1,GR,-4.8561,20.5720,26.9057,512
W04,profile-long,512,rf,1,RHOB,0.3742,0.0588,0.0771,512
W04,profile-long,512,rf,1,NPHI,0.6695,0.0377,0.0492,512
W04,profile-long,512,rf,1,all,-0.2034,6.8895,15.5341,1536
W04,profile-long,512,rf,1,all_z,0.3849,0.4425,0.5874,1536
W04,profile-long,768,rf,1,GR,-7.0246,22.3482,30.0587,768
W04,profile-long,768,rf,1,RHOB,0.1407,0.0700,0.0964,768
W04,profile-long,768,rf,1,NPHI,0.5737,0.0462,0.0616,768
W04,profile-long,768,rf,1,all,-0.4702,7.4881,17.3545,2304
W04,profile-long,768,rf,1,all_z,0.1847,0.5121,0.6966,2304
W04,profile-long,1024,rf,1,GR,-4.0716,22.6492,29.9685,1024
W04,profile-long,1024,rf,1,RHOB,0.5158,0.0783,0.1051,1024
W04,profile-long,1024,rf,1,NPHI,0.6079,0.0474,0.0617,1024
W04,profile-long,1024,rf,1,all,-0.1868,7.5916,17.3024,3072
W04,profile-long,1024,rf,1,all_z,0.3391,0.5373,0.7150,3072
W04,profile-long,1536,rf,1,GR,-2.4880,21.5182,28.4445,1536
W04,profile-long,1536,rf,1,RHOB,0.5565,0.0816,0.1085,1536
W04,profile-long,1536,rf,1,NPHI,0.6579,0.0462,0.0600,1536
W04,profile-long,1536,rf,1,all,0.1758,7.2154,16.4226,4608
W04,profile-long,1536,rf,1,all_z,0.4570,0.5308,0.7027,4608
W04,profile-long,2048,rf,1,GR,-1.0161,21.1738,28.2294,2048
W04,profile-long,2048,rf,1,RHOB,0.4840,0.0883,0.1161,2048
W04,profile-long,2048,rf,1,NPHI,0.6867,0.0476,0.0609,2048
W04,profile-long,2048,rf,1,all,0.4314,7.1032,16.2984,6144
W04,profile-long,2048,rf,1,all_z,0.5322,0.5473,0.7217,6144
W04,blackout-long,256,rf,1,RHOB,-6.3807,0.1023,0.1187,256
W04,blackout-long,256,rf,1,NPHI,-4.5064,0.0514,0.0666,256
W04,blackout-long,256,rf,1,all,0.9940,0.0769,0.0962,512
W04,blackout-long,256,rf,1,all_z,-0.1522,0.6044,0.7391,512
W04,blackout-long,384,rf,1,RHOB,-2.2078,0.0985,0.1166,384
W04,blackout-long,384,rf,1,NPHI,-0.4924,0.0589,0.0740,384
W04,blackout-long,384,rf,1,all,0.9937,0.0787,0.0976,768
W04,blackout-long,384,rf,1,all_z,-0.0548,0.6294,0.7663,768
W04,blackout-long,512,rf,1,RHOB,-0.6201,0.1029,0.1240,512
W04,blackout-long,512,rf,1,NPHI,-0.1354,0.0712,0.0912,512
W04,blackout-long,512,rf,1,all,0.9918,0.0871,0.1089,1024
W04,blackout-long,512,rf,1,all_z,-0.1207,0.7060,0.8790,1024
W04,blackout-long,768,rf,1,RHOB,-0.3606,0.0978,0.1213,768
W04,blackout-long,768,rf,1,NPHI,-0.0530,0.0761,0.0968,768
W04,blackout-long,768,rf,1,all,0.9915,0.0869,0.1097,1536
W04,blackout-long,768,rf,1,all_z,-0.0940,0.7134,0.9002,1536
W04,blackout-long,1024,rf,1,RHOB,-0.0654,0.1226,0.1559,1024
W04,blackout-long,1024,rf,1,NPHI,-0.0679,0.0824,0.1019,1024
W04,blackout-long,1024,rf,1,all,0.9871,0.1025,0.1317,2048
W04,blackout-long,1024,rf,1,all_z,-0.0586,0.8285,1.0394,2048
W04,blackout-long,1536,rf,1,RHOB,-0.2538,0.1461,0.1824,1536
W04,blackout-long,1536,rf,1,NPHI,-0.1250,0.0889,0.1088,1536
W04,blackout-long,1536,rf,1,all,0.9824,0.1175,0.1502,3072
W04,blackout-long,1536,rf,1,all_z,-0.0983,0.9412,1.1659,3072
W04,blackout-long,2048,rf,1,RHOB,-0.6535,0.1709,0.2079,2048
W04,blackout-long,2048,rf,1,NPHI,-0.2299,0.0997,0.1207,2048
W04,blackout-long,2048,rf,1,all,0.9762,0.1353,0.1700,4096
W04,blackout-long,2048,rf,1,all_z,-0.1427,1.0792,1.3131,4096
W01,profile-long,256,rf,2,GR,0.6340,12.5185,15.6229,256
W01,profile-long,256,rf,2,RHOB,-1.8616,0.0447,0.0616,256
W01,profile-long,256,rf,2,NPHI,0.1020,0.0574,0.0753,256
W01,profile-long,256,rf,2,all,0.9335,4.2069,9.0200,768
W01,profile-long,256,rf,2,all_z,0.3259,0.3898,0.5312,768
W01,profile-long,384,rf,2,GR,0.6515,12.4786,15.4693,384
W01,profile-long,384,rf,2,RHOB,-1.4882,0.0455,0.0640,384
W01,profile-long,384,rf,2,NPHI,0.2684,0.0524,0.0708,384
W01,profile-long,384,rf,2,all,0.9312,4.1922,8.9314,1152
W01,profile-long,384,rf,2,all_z,0.4109,0.3750,0.5142,1152
W01,profile-long,512,rf,2,GR,0.6159,12.4767,15.7510,512
W01,profile-long,512,rf,2,RHOB,-1.3487,0.0448,0.0617,512
W01,profile-long,512,rf,2,NPHI,0.2356,0.0513,0.0692,512
W01,profile-long,512,rf,2,all,0.9278,4.1910,9.0940,1536
W01,profile-long,512,rf,2,all_z,0.3873,0.3702,0.5066,1536
W01,profile-long,768,rf,2,GR,0.5471,13.8872,17.9075,768
W01,profile-long,768,rf,2,RHOB,-0.2611,0.0458,0.0612,768
W01,profile-long,768,rf,2,NPHI,0.4107,0.0465,0.0634,768
W01,profile-long,768,rf,2,all,0.8918,4.6598,10.3390,2304
W01,profile-long,768,rf,2,all_z,0.5058,0.3702,0.5023,2304
W01,profile-long,1024,rf,2,GR,0.5481,15.2127,19.3713,1024
W01,profile-long,1024,rf,2,RHOB,0.0287,0.0501,0.0665,1024
W01,profile-long,1024,rf,2,NPHI,0.5232,0.0457,0.0625,1024
W01,profile-long,1024,rf,2,all,0.8694,5.1028,11.1841,3072
W01,profile-long,1024,rf,2,all_z,0.5611,0.3891,0.5212,3072
W01,profile-long,1536,rf,2,GR,0.0792,21.6280,29.4666,1536
W01,profile-long,1536,rf,2,RHOB,-0.7969,0.0635,0.0852,1536
W01,profile-long,1536,rf,2,NPHI,0.3280,0.0520,0.0686,1536
W01,profile-long,1536,rf,2,all,0.6369,7.2478,17.0127,4608
W01,profile-long,1536,rf,2,all_z,0.2882,0.4964,0.6806,4608
W01,profile-long,2048,rf,2,GR,0.0057,22.1300,29.3781,2048
W01,profile-long,2048,rf,2,RHOB,-0.7973,0.0656,0.0849,2048
W01,profile-long,2048,rf,2,NPHI,0.3177,0.0509,0.0659,2048
W01,profile-long,2048,rf,2,all,0.5970,7.4155,16.9615,6144
W01,profile-long,2048,rf,2,all_z,0.3231,0.5020,0.6709,6144
W01,blackout-long,256,rf,2,RHOB,-8.5833,0.0902,0.1127,256
W01,blackout-long,256,rf,2,NPHI,-0.1898,0.0717,0.0867,256
W01,blackout-long,256,rf,2,all,0.9926,0.0810,0.1006,512
W01,blackout-long,256,rf,2,all_z,-0.6466,0.6094,0.7515,512
W01,blackout-long,384,rf,2,RHOB,-6.5870,0.0916,0.1118,384
W01,blackout-long,384,rf,2,NPHI,-0.0349,0.0704,0.0842,384
W01,blackout-long,384,rf,2,all,0.9929,0.0810,0.0990,768
W01,blackout-long,384,rf,2,all_z,-0.4054,0.6069,0.7360,768
W01,blackout-long,512,rf,2,RHOB,-6.1138,0.0867,0.1073,512
W01,blackout-long,512,rf,2,NPHI,-0.0566,0.0674,0.0814,512
W01,blackout-long,512,rf,2,all,0.9934,0.0771,0.0952,1024
W01,blackout-long,512,rf,2,all_z,-0.4094,0.5784,0.7093,1024
W01,blackout-long,768,rf,2,RHOB,-5.5406,0.1076,0.1394,768
W01,blackout-long,768,rf,2,NPHI,-0.2491,0.0747,0.0922,768
W01,blackout-long,768,rf,2,all,0.9901,0.0911,0.1182,1536
W01,blackout-long,768,rf,2,all_z,-0.5262,0.6750,0.8535,1536
W01,blackout-long,1024,rf,2,RHOB,-4.3785,0.1230,0.1564,1024
W01,blackout-long,1024,rf,2,NPHI,-0.1653,0.0805,0.0976,1024
W01,blackout-long,1024,rf,2,all,0.9881,0.1017,0.1304,2048
W01,blackout-long,1024,rf,2,all_z,-0.4671,0.7484,0.9294,2048
W01,blackout-long,1536,rf,2,RHOB,-5.7225,0.1355,0.1648,1536
W01,blackout-long,1536,rf,2,NPHI,-0.2300,0.0758,0.0928,1536
W01,blackout-long,1536,rf,2,all,0.9876,0.1056,0.1337,3072
W01,blackout-long,1536,rf,2,all_z,-0.5440,0.7633,0.9325,3072
W01,blackout-long,2048,rf,2,RHOB,-6.0337,0.1391,0.1680,2048
W01,blackout-long,2048,rf,2,NPHI,-0.3668,0.0762,0.0932,2048
W01,blackout-long,2048,rf,2,all,0.9874,0.1077,0.1358,4096
W01,blackout-long,2048,rf,2,all_z,-0.4686,0.7760,0.9444,4096
W04,profile-long,256,rf,2,GR,-19.3514,19.2831,25.0955,256
W04,profile-long,256,rf,2,RHOB,-0.8093,0.0491,0.0588,256
W04,profile-long,256,rf,2,NPHI,-0.5728,0.0279,0.0356,256
W04,profile-long,256,rf,2,all,-0.9214,6.4533,14.4890,768
W04,profile-long,256,rf,2,all_z,0.4217,0.3762,0.4957,768
W04,profile-long,384,rf,2,GR,-4.4317,19.3606,24.9478,384
W04,profile-long,384,rf,2,RHOB,0.0461,0.0510,0.0636,384
W04,profile-long,384,rf,2,NPHI,0.4844,0.0334,0.0435,384
W04,profile-long,384,rf,2,all,-0.1244,6.4817,14.4037,1152
W04,profile-long,384,rf,2,all_z,0.4246,0.3995,0.5234,1152
W04,profile-long,512,rf,2,GR,-4.8561,20.5720,26.9057,512
W04,profile-long,512,rf,2,RHOB,0.3742,0.0588,0.0771,512
W04,profile-long,512,rf,2,NPHI,0.6695,0.0377,0.0492,512
W04,profile-long,512,rf,2,all,-0.2034,6.8895,15.5341,1536
W04,profile-long,512,rf,2,all_z,0.3849,0.4425,0.5874,1536
W04,profile-long,768,rf,2,GR,-7.0246,22.3482,30.0587,768
W04,profile-long,768,rf,2,RHOB,0.1407,0.0700,0.0964,768
W04,profile-long,768,rf,2,NPHI,0.5737,0.0462,0.0616,768
W04,profile-long,768,rf,2,all,-0.4702,7.4881,17.3545,2304
W04,profile-long,768,rf,2,all_z,0.1847,0.5121,0.6966,2304
W04,profile-long,1024,rf,2,GR,-4.0716,22.6492,29.9685,1024
W04,profile-long,1024,rf,2,RHOB,0.5158,0.0783,0.1051,1024
W04,profile-long,1024,rf,2,NPHI,0.6079,0.0474,0.0617,1024
W04,profile-long,1024,rf,2,all,-0.1868,7.5916,17.3024,3072
W04,profile-long,1024,rf,2,all_z,0.3391,0.5373,0.7150,3072
W04,profile-long,1536,rf,2,GR,-2.4880,21.5182,28.4445,1536
W04,profile-long,1536,rf,2,RHOB,0.5565,0.0816,0.1085,1536
W04,profile-long,1536,rf,2,NPHI,0.6579,0.0462,0.0600,1536
W04,profile-long,1536,rf,2,all,0.1758,7.2154,16.4226,4608
W04,profile-long,1536,rf,2,all_z,0.4570,0.5308,0.7027,4608
W04,profile-long,2048,rf,2,GR,-1.0161,21.1738,28.2294,2048
W04,profile-long,2048,rf,2,RHOB,0.4840,0.0883,0.1161,2048
W04,profile-long,2048,rf,2,NPHI,0.6867,0.0476,0.0609,2048
W04,profile-long,2048,rf,2,all,0.4314,7.1032,16.2984,6144
W04,profile-long,2048,rf,2,all_z,0.5322,0.5473,0.7217,6144
W04,blackout-long,256,rf,2,RHOB,-6.3807,0.1023,0.1187,256
W04,blackout-long,256,rf,2,NPHI,-4.5064,0.0514,0.0666,256
W04,blackout-long,256,rf,2,all,0.9940,0.0769,0.0962,512
W04,blackout-long,256,rf,2,all_z,-0.1522,0.6044,0.7391,512
W04,blackout-long,384,rf,2,RHOB,-2.2078,0.0985,0.1166,384
W04,blackout-long,384,rf,2,NPHI,-0.4924,0.0589,0.0740,384
W04,blackout-long,384,rf,2,all,0.9937,0.0787,0.0976,768
W04,blackout-long,384,rf,2,all_z,-0.0548,0.6294,0.7663,768
W04,blackout-long,512,rf,2,RHOB,-0.6201,0.1029,0.1240,512
W04,blackout-long,512,rf,2,NPHI,-0.1354,0.0712,0.0912,512
W04,blackout-long,512,rf,2,all,0.9918,0.0871,0.1089,1024
W04,blackout-long,512,rf,2,all_z,-0.1207,0.7060,0.8790,1024
W04,blackout-long,768,rf,2,RHOB,-0.3606,0.0978,0.1213,768
W04,blackout-long,768,rf,2,NPHI,-0.0530,0.0761,0.0968,768
W04,blackout-long,768,rf,2,all,0.9915,0.0869,0.1097,1536
W04,blackout-long,768,rf,2,all_z,-0.0940,0.7134,0.9002,1536
W04,blackout-long,1024,rf,2,RHOB,-0.0654,0.1226,0.1559,1024
W04,blackout-long,1024,rf,2,NPHI,-0.0679,0.0824,0.1019,1024
W04,blackout-long,1024,rf,2,all,0.9871,0.1025,0.1317,2048
W04,blackout-long,1024,rf,2,all_z,-0.0586,0.8285,1.0394,2048
W04,blackout-long,1536,rf,2,RHOB,-0.2538,0.1461,0.1824,1536
W04,blackout-long,1536,rf,2,NPHI,-0.1250,0.0889,0.1088,1536
W04,blackout-long,1536,rf,2,all,0.9824,0.1175,0.1502,3072
W04,blackout-long,1536,rf,2,all_z,-0.0983,0.9412,1.1659,3072
W04,blackout-long,2048,rf,2,RHOB,-0.6535,0.1709,0.2079,2048
W04,blackout-long,2048,rf,2,NPHI,-0.2299,0.0997,0.1207,2048
W04,blackout-long,2048,rf,2,all,0.9762,0.1353,0.1700,4096
W04,blackout-long,2048,rf,2,all_z,-0.1427,1.0792,1.3131,4096
W01,profile-long,256,saits,0,GR,-0.3034,26.8760,29.4823,256
W01,profile-long,256,saits,0,RHOB,-3.1953,0.0670,0.0746,256
W01,profile-long,256,saits,0,NPHI,0.2265,0.0640,0.0699,256
W01,profile-long,256,saits,0,all,0.7632,9.0023,17.0217,768
W01,profile-long,256,saits,0,all_z,-0.0728,0.5915,0.6701,768
W01,profile-long,384,saits,0,GR,-0.2350,26.0314,29.1221,384
W01,profile-long,384,saits,0,RHOB,-2.6686,0.0688,0.0778,384
W01,profile-long,384,saits,0,NPHI,0.2454,0.0654,0.0719,384
W01,profile-long,384,saits,0,all,0.7562,8.7218,16.8137,1152
W01,profile-long,384,saits,0,all_z,-0.0190,0.5912,0.6763,1152
W01,profile-long,512,saits,0,GR,-0.1862,24.5607,27.6811,512
W01,profile-long,512,saits,0,RHOB,-2.5836,0.0680,0.0762,512
W01,profile-long,512,saits,0,NPHI,0.2553,0.0612,0.0683,512
W01,profile-long,512,saits,0,all,0.7772,8.2300,15.9818,1536
W01,profile-long,512,saits,0,all_z,0.0040,0.5625,0.6459,1536
W01,profile-long,768,saits,0,GR,0.0391,23.0859,26.0843,768
W01,profile-long,768,saits,0,RHOB,-2.0655,0.0836,0.0954,768
W01,profile-long,768,saits,0,NPHI,0.2697,0.0614,0.0705,768
W01,profile-long,768,saits,0,all,0.7705,7.7436,15.0599,2304
W01,profile-long,768,saits,0,all_z,0.1340,0.5800,0.6649,2304
W01,profile-long,1024,saits,0,GR,0.0621,24.9412,27.9082,1024
W01,profile-long,1024,saits,0,RHOB,-1.5686,0.0933,0.1081,1024
W01,profile-long,1024,saits,0,NPHI,0.2368,0.0685,0.0790,1024
W01,profile-long,1024,saits,0,all,0.7290,8.3677,16.1130,3072
W01,profile-long,1024,saits,0,all_z,0.1315,0.6395,0.7331,3072
W01,profile-long,1536,saits,0,GR,0.0471,26.9555,29.9768,1536
W01,profile-long,1536,saits,0,RHOB,-2.1664,0.0987,0.1131,1536
W01,profile-long,1536,saits,0,NPHI,0.1992,0.0639,0.0749,1536
W01,profile-long,1536,saits,0,all,0.6242,9.0393,17.3073,4608
W01,profile-long,1536,saits,0,all_z,0.1336,0.6545,0.7509,4608
W01,profile-long,2048,saits,0,GR,0.0069,26.1133,29.3613,2048
W01,profile-long,2048,saits,0,RHOB,-2.4617,0.1039,0.1179,2048
W01,profile-long,2048,saits,0,NPHI,0.1083,0.0647,0.0753,2048
W01,profile-long,2048,saits,0,all,0.5975,8.7606,16.9519,6144
W01,profile-long,2048,saits,0,all_z,0.1447,0.6593,0.7541,6144
W01,blackout-long,256,saits,0,RHOB,-4.9870,0.0804,0.0891,256
W01,blackout-long,256,saits,0,NPHI,0.1112,0.0679,0.0750,256
W01,blackout-long,256,saits,0,all,0.9950,0.0741,0.0823,512
W01,blackout-long,256,saits,0,all_z,-0.1500,0.5618,0.6280,512
W01,blackout-long,384,saits,0,RHOB,-4.2210,0.0836,0.0928,384
W01,blackout-long,384,saits,0,NPHI,0.1072,0.0706,0.0782,384
W01,blackout-long,384,saits,0,all,0.9947,0.0771,0.0858,768
W01,blackout-long,384,saits,0,all_z,-0.1123,0.5843,0.6548,768
W01,blackout-long,512,saits,0,RHOB,-4.0093,0.0815,0.0901,512
W01,blackout-long,512,saits,0,NPHI,0.2414,0.0614,0.0689,512
W01,blackout-long,512,saits,0,all,0.9953,0.0714,0.0802,1024
W01,blackout-long,512,saits,0,all_z,-0.0040,0.5341,0.5986,1024
W01,blackout-long,768,saits,0,RHOB,-3.0281,0.1002,0.1094,768
W01,blackout-long,768,saits,0,NPHI,0.2337,0.0635,0.0722,768
W01,blackout-long,768,saits,0,all,0.9939,0.0818,0.0927,1536
W01,blackout-long,768,saits,0,all_z,0.0620,0.5997,0.6691,1536
W01,blackout-long,1024,saits,0,RHOB,-2.4615,0.1116,0.1255,1024
W01,blackout-long,1024,saits,0,NPHI,0.1233,0.0734,0.0847,1024
W01,blackout-long,1024,saits,0,all,0.9920,0.0925,0.1071,2048
W01,blackout-long,1024,saits,0,all_z,-0.0239,0.6807,0.7764,2048
W01,blackout-long,1536,saits,0,RHOB,-3.4011,0.1178,0.1333,1536
W01,blackout-long,1536,saits,0,NPHI,0.0314,0.0701,0.0824,1536
W01,blackout-long,1536,saits,0,all,0.9915,0.0940,0.1108,3072
W01,blackout-long,1536,saits,0,all_z,-0.1027,0.6837,0.7880,3072
W01,blackout-long,2048,saits,0,RHOB,-3.7990,0.1249,0.1388,2048
W01,blackout-long,2048,saits,0,NPHI,-0.0652,0.0703,0.0823,2048
W01,blackout-long,2048,saits,0,all,0.9911,0.0976,0.1141,4096
W01,blackout-long,2048,saits,0,all_z,-0.0648,0.7055,0.8041,4096
W04,profile-long,256,saits,0,GR,-29.3652,30.0492,30.6540,256
W04,profile-long,256,saits,0,RHOB,-5.2406,0.1023,0.1091,256
W04,profile-long,256,saits,0,NPHI,-8.2895,0.0826,0.0865,256
W04,profile-long,256,saits,0,all,-1.8668,10.0780,17.6983,768
W04,profile-long,256,saits,0,all_z,-0.5496,0.7756,0.8114,768
W04,profile-long,384,saits,0,GR,-6.2082,27.1264,28.7394,384
W04,profile-long,384,saits,0,RHOB,-1.9200,0.1015,0.1112,384
W04,profile-long,384,saits,0,NPHI,-1.3098,0.0852,0.0920,384
W04,profile-long,384,saits,0,all,-0.4921,9.1044,16.5929,1152
W04,profile-long,384,saits,0,all_z,-0.4102,0.7564,0.8193,1152
W04,profile-long,512,saits,0,GR,-5.4426,26.6871,28.2210,512
W04,profile-long,512,saits,0,RHOB,-0.2992,0.1003,0.1111,512
W04,profile-long,512,saits,0,NPHI,-0.2711,0.0880,0.0965,512
W04,profile-long,512,saits,0,all,-0.3240,8.9585,16.2936,1536
W04,profile-long,512,saits,0,all_z,-0.2344,0.7591,0.8321,1536
W04,profile-long,768,saits,0,GR,-6.0986,26.6893,28.2713,768
W04,profile-long,768,saits,0,RHOB,-0.1159,0.0983,0.1098,768
W04,profile-long,768,saits,0,NPHI,-0.1081,0.0897,0.0993,768
W04,profile-long,768,saits,0,all,-0.3005,8.9591,16.3227,2304
W04,profile-long,768,saits,0,all_z,-0.1887,0.7605,0.8411,2304
W04,profile-long,1024,saits,0,GR,-3.2434,25.1784,27.4125,1024
W04,profile-long,1024,saits,0,RHOB,0.1072,0.1187,0.1427,1024
W04,profile-long,1024,saits,0,NPHI,0.0940,0.0834,0.0939,1024
W04,profile-long,1024,saits,0,all,0.0070,8.4602,15.8269,3072
W04,profile-long,1024,saits,0,all_z,-0.0170,0.7717,0.8869,3072
W04,profile-long,1536,saits,0,GR,-1.7353,22.3119,25.1888,1536
W04,profile-long,1536,saits,0,RHOB,0.0223,0.1353,0.1611,1536
W04,profile-long,1536,saits,0,NPHI,0.1077,0.0852,0.0969,1536
W04,profile-long,1536,saits,0,all,0.3537,7.5108,14.5432,4608
W04,profile-long,1536,saits,0,all_z,0.0506,0.7894,0.9292,4608
W04,profile-long,2048,saits,0,GR,-0.5067,21.1717,24.4042,2048
W04,profile-long,2048,saits,0,RHOB,-0.0975,0.1440,0.1694,2048
W04,profile-long,2048,saits,0,NPHI,0.0815,0.0902,0.1043,2048
W04,profile-long,2048,saits,0,all,0.5751,7.1353,14.0903,6144
W04,profile-long,2048,saits,0,all_z,0.1503,0.8156,0.9726,6144
W04,blackout-long,256,saits,0,RHOB,-5.4323,0.1016,0.1108,256
W04,blackout-long,256,saits,0,NPHI,-6.7214,0.0732,0.0789,256
W04,blackout-long,256,saits,0,all,0.9940,0.0874,0.0962,512
W04,blackout-long,256,saits,0,all_z,-0.2558,0.7117,0.7716,512
W04,blackout-long,384,saits,0,RHOB,-2.3147,0.1048,0.1185,384
W04,blackout-long,384,saits,0,NPHI,-1.2497,0.0823,0.0908,384
W04,blackout-long,384,saits,0,all,0.9926,0.0936,0.1056,768
W04,blackout-long,384,saits,0,all_z,-0.3258,0.7685,0.8591,768
W04,blackout-long,512,saits,0,RHOB,-0.4237,0.1025,0.1163,512
W04,blackout-long,512,saits,0,NPHI,-0.1867,0.0828,0.0933,512
W04,blackout-long,512,saits,0,all,0.9923,0.0927,0.1054,1024
W04,blackout-long,512,saits,0,all_z,-0.0866,0.7632,0.8655,1024
W04,blackout-long,768,saits,0,RHOB,-0.2165,0.0992,0.1147,768
W04,blackout-long,768,saits,0,NPHI,-0.0456,0.0857,0.0965,768
W04,blackout-long,768,saits,0,all,0.9921,0.0925,0.1060,1536
W04,blackout-long,768,saits,0,all_z,-0.0415,0.7664,0.8783,1536
W04,blackout-long,1024,saits,0,RHOB,0.1435,0.1178,0.1398,1024
W04,blackout-long,1024,saits,0,NPHI,0.1019,0.0825,0.0934,1024
W04,blackout-long,1024,saits,0,all,0.9895,0.1002,0.1189,2048
W04,blackout-long,1024,saits,0,all_z,0.1299,0.8132,0.9423,2048
W04,blackout-long,1536,saits,0,RHOB,-0.0166,0.1377,0.1642,1536
W04,blackout-long,1536,saits,0,NPHI,0.0528,0.0872,0.0999,1536
W04,blackout-long,1536,saits,0,all,0.9856,0.1125,0.1359,3072
W04,blackout-long,1536,saits,0,all_z,0.0944,0.9043,1.0586,3072
W04,blackout-long,2048,saits,0,RHOB,-0.1605,0.1476,0.1742,2048
W04,blackout-long,2048,saits,0,NPHI,0.0292,0.0925,0.1072,2048
W04,blackout-long,2048,saits,0,all,0.9828,0.1201,0.1446,4096
W04,blackout-long,2048,saits,0,all_z,0.1553,0.9642,1.1290,4096
W01,profile-long,256,saits,1,GR,-0.3034,26.8760,29.4823,256
W01,profile-long,256,saits,1,RHOB,-3.1953,0.0670,0.0746,256
W01,profile-long,256,saits,1,NPHI,0.2265,0.0640,0.0699,256
W01,profile-long,256,saits,1,all,0.7632,9.0023,17.0217,768
W01,profile-long,256,saits,1,all_z,-0.0728,0.5915,0.6701,768
W01,profile-long,384,saits,1,GR,-0.2350,26.0314,29.1221,384
W01,profile-long,384,saits,1,RHOB,-2.6686,0.0688,0.0778,384
W01,profile-long,384,saits,1,NPHI,0.2454,0.0654,0.0719,384
W01,profile-long,384,saits,1,all,0.7562,8.7218,16.8137,1152
W01,profile-long,384,saits,1,all_z,-0.0190,0.5912,0.6763,1152
W01,profile-long,512,saits,1,GR,-0.1862,24.5607,27.6811,512
W01,profile-long,512,saits,1,RHOB,-2.5836,0.0680,0.0762,512
W01,profile-long,512,saits,1,NPHI,0.2553,0.0612,0.0683,512
W01,profile-long,512,saits,1,all,0.7772,8.2300,15.9818,1536
W01,profile-long,512,saits,1,all_z,0.0040,0.5625,0.6459,1536
W01,profile-long,768,saits,1,GR,0.0391,23.0859,26.0843,768
W01,profile-long,768,saits,1,RHOB,-2.0655,0.0836,0.0954,768
W01,profile-long,768,saits,1,NPHI,0.2697,0.0614,0.0705,768
W01,profile-long,768,saits,1,all,0.7705,7.7436,15.0599,2304
W01,profile-long,768,saits,1,all_z,0.1340,0.5800,0.6649,2304
W01,profile-long,1024,saits,1,GR,0.0621,24.9412,27.9082,1024
W01,profile-long,1024,saits,1,RHOB,-1.5686,0.0933,0.1081,1024
W01,profile-long,1024,saits,1,NPHI,0.2368,0.0685,0.0790,1024
W01,profile-long,1024,saits,1,all,0.7290,8.3677,16.1130,3072
W01,profile-long,1024,saits,1,all_z,0.1315,0.6395,0.7331,3072
W01,profile-long,1536,saits,1,GR,0.0471,26.9555,29.9768,1536
W01,profile-long,1536,saits,1,RHOB,-2.1664,0.0987,0.1131,1536
W01,profile-long,1536,saits,1,NPHI,0.1992,0.0639,0.0749,1536
W01,profile-long,1536,saits,1,all,0.6242,9.0393,17.3073,4608
W01,profile-long,1536,saits,1,all_z,0.1336,0.6545,0.7509,4608
W01,profile-long,2048,saits,1,GR,0.0069,26.1133,29.3613,2048
W01,profile-long,2048,saits,1,RHOB,-2.4617,0.1039,0.1179,2048
W01,profile-long,2048,saits,1,NPHI,0.1083,0.0647,0.0753,2048
W01,profile-long,2048,saits,1,all,0.5975,8.7606,16.9519,6144
W01,profile-long,2048,saits,1,all_z,0.1447,0.6593,0.7541,6144
W01,blackout-long,256,saits,1,RHOB,-4.9870,0.0804,0.0891,256
W01,blackout-long,256,saits,1,NPHI,0.1112,0.0679,0.0750,256
W01,blackout-long,256,saits,1,all,0.9950,0.0741,0.0823,512
W01,blackout-long,256,saits,1,all_z,-0.1500,0.5618,0.6280,512
W01,blackout-long,384,saits,1,RHOB,-4.2210,0.0836,0.0928,384
W01,blackout-long,384,saits,1,NPHI,0.1072,0.0706,0.0782,384
W01,blackout-long,384,saits,1,all,0.9947,0.0771,0.0858,768
W01,blackout-long,384,saits,1,all_z,-0.1123,0.5843,0.6548,768
W01,blackout-long,512,saits,1,RHOB,-4.0093,0.0815,0.0901,512
W01,blackout-long,512,saits,1,NPHI,0.2414,0.0614,0.0689,512
W01,blackout-long,512,saits,1,all,0.9953,0.0714,0.0802,1024
W01,blackout-long,512,saits,1,all_z,-0.0040,0.5341,0.5986,1024
W01,blackout-long,768,saits,1,RHOB,-3.0281,0.1002,0.1094,768
W01,blackout-long,768,saits,1,NPHI,0.2337,0.0635,0.0722,768
W01,blackout-long,768,saits,1,all,0.9939,0.0818,0.0927,1536
W01,blackout-long,768,saits,1,all_z,0.0620,0.5997,0.6691,1536
W01,blackout-long,1024,saits,1,RHOB,-2.4615,0.1116,0.1255,1024
W01,blackout-long,1024,saits,1,NPHI,0.1233,0.0734,0.0847,1024
W01,blackout-long,1024,saits,1,all,0.9920,0.0925,0.1071,2048
W01,blackout-long,1024,saits,1,all_z,-0.0239,0.6807,0.7764,2048
W01,blackout-long,1536,saits,1,RHOB,-3.4011,0.1178,0.1333,1536
W01,blackout-long,1536,saits,1,NPHI,0.0314,0.0701,0.0824,1536
W01,blackout-long,1536,saits,1,all,0.9915,0.0940,0.1108,3072
W01,blackout-long,1536,saits,1,all_z,-0.1027,0.6837,0.7880,3072
W01,blackout-long,2048,saits,1,RHOB,-3.7990,0.1249,0.1388,2048
W01,blackout-long,2048,saits,1,NPHI,-0.0652,0.0703,0.0823,2048
W01,blackout-long,2048,saits,1,all,0.9911,0.0976,0.1141,4096
W01,blackout-long,2048,saits,1,all_z,-0.0648,0.7055,0.8041,4096
W04,profile-long,256,saits,1,GR,-29.3652,30.0492,30.6540,256
W04,profile-long,256,saits,1,RHOB,-5.2406,0.1023,0.1091,256
W04,profile-long,256,saits,1,NPHI,-8.2895,0.0826,0.0865,256
W04,profile-long,256,saits,1,all,-1.8668,10.0780,17.6983,768
W04,profile-long,256,saits,1,all_z,-0.5496,0.7756,0.8114,768
W04,profile-long,384,saits,1,GR,-6.2082,27.1264,28.7394,384
W04,profile-long,384,saits,1,RHOB,-1.9200,0.1015,0.1112,384
W04,profile-long,384,saits,1,NPHI,-1.3098,0.0852,0.0920,384
W04,profile-long,384,saits,1,all,-0.4921,9.1044,16.5929,1152
W04,profile-long,384,saits,1,all_z,-0.4102,0.7564,0.8193,1152
W04,profile-long,512,saits,1,GR,-5.4426,26.6871,28.2210,512
W04,profile-long,512,saits,1,RHOB,-0.2992,0.1003,0.1111,512
W04,profile-long,512,saits,1,NPHI,-0.2711,0.0880,0.0965,512
W04,profile-long,512,saits,1,all,-0.3240,8.9585,16.2936,1536
W04,profile-long,512,saits,1,all_z,-0.2344,0.7591,0.8321,1536
W04,profile-long,768,saits,1,GR,-6.0986,26.6893,28.2713,768
W04,profile-long,768,saits,1,RHOB,-0.1159,0.0983,0.1098,768
W04,profile-long,768,saits,1,NPHI,-0.1081,0.0897,0.0993,768
W04,profile-long,768,saits,1,all,-0.3005,8.9591,16.3227,2304
W04,profile-long,768,saits,1,all_z,-0.1887,0.7605,0.8411,2304
W04,profile-long,1024,saits,1,GR,-3.2434,25.1784,27.4125,1024
W04,profile-long,1024,saits,1,RHOB,0.1072,0.1187,0.1427,1024
W04,profile-long,1024,saits,1,NPHI,0.0940,0.0834,0.0939,1024
W04,profile-long,1024,saits,1,all,0.0070,8.4602,15.8269,3072
W04,profile-long,1024,saits,1,all_z,-0.0170,0.7717,0.8869,3072
W04,profile-long,1536,saits,1,GR,-1.7353,22.3119,25.1888,1536
W04,profile-long,1536,saits,1,RHOB,0.0223,0.1353,0.1611,1536
W04,profile-long,1536,saits,1,NPHI,0.1077,0.0852,0.0969,1536
W04,profile-long,1536,saits,1,all,0.3537,7.5108,14.5432,4608
W04,profile-long,1536,saits,1,all_z,0.0506,0.7894,0.9292,4608
W04,profile-long,2048,saits,1,GR,-0.5067,21.1717,24.4042,2048
W04,profile-long,2048,saits,1,RHOB,-0.0975,0.1440,0.1694,2048
W04,profile-long,2048,saits,1,NPHI,0.0815,0.0902,0.1043,2048
W04,profile-long,2048,saits,1,all,0.5751,7.1353,14.0903,6144
W04,profile-long,2048,saits,1,all_z,0.1503,0.8156,0.9726,6144
W04,blackout-long,256,saits,1,RHOB,-5.4323,0.1016,0.1108,256
W04,blackout-long,256,saits,1,NPHI,-6.7214,0.0732,0.0789,256
W04,blackout-long,256,saits,1,all,0.9940,0.0874,0.0962,512
W04,blackout-long,256,saits,1,all_z,-0.2558,0.7117,0.7716,512
W04,blackout-long,384,saits,1,RHOB,-2.3147,0.1048,0.1185,384
W04,blackout-long,384,saits,1,NPHI,-1.2497,0.0823,0.0908,384
W04,blackout-long,384,saits,1,all,0.9926,0.0936,0.1056,768
W04,blackout-long,384,saits,1,all_z,-0.3258,0.7685,0.8591,768
W04,blackout-long,512,saits,1,RHOB,-0.4237,0.1025,0.1163,512
W04,blackout-long,512,saits,1,NPHI,-0.1867,0.0828,0.0933,512
W04,blackout-long,512,saits,1,all,0.9923,0.0927,0.1054,1024
W04,blackout-long,512,saits,1,all_z,-0.0866,0.7632,0.8655,1024
W04,blackout-long,768,saits,1,RHOB,-0.2165,0.0992,0.1147,768
W04,blackout-long,768,saits,1,NPHI,-0.0456,0.0857,0.0965,768
W04,blackout-long,768,saits,1,all,0.9921,0.0925,0.1060,1536
W04,blackout-long,768,saits,1,all_z,-0.0415,0.7664,0.8783,1536
W04,blackout-long,1024,saits,1,RHOB,0.1435,0.1178,0.1398,1024
W04,blackout-long,1024,saits,1,NPHI,0.1019,0.0825,0.0934,1024
W04,blackout-long,1024,saits,1,all,0.9895,0.1002,0.1189,2048
W04,blackout-long,1024,saits,1,all_z,0.1299,0.8132,0.9423,2048
W04,blackout-long,1536,saits,1,RHOB,-0.0166,0.1377,0.1642,1536
W04,blackout-long,1536,saits,1,NPHI,0.0528,0.0872,0.0999,1536
W04,blackout-long,1536,saits,1,all,0.9856,0.1125,0.1359,3072
W04,blackout-long,1536,saits,1,all_z,0.0944,0.9043,1.0586,3072
W04,blackout-long,2048,saits,1,RHOB,-0.1605,0.1476,0.1742,2048
W04,blackout-long,2048,saits,1,NPHI,0.0292,0.0925,0.1072,2048
W04,blackout-long,2048,saits,1,all,0.9828,0.1201,0.1446,4096
W04,blackout-long,2048,saits,1,all_z,0.1553,0.9642,1.1290,4096
W01,profile-long,256,saits,2,GR,-0.3034,26.8760,29.4823,256
W01,profile-long,256,saits,2,RHOB,-3.1953,0.0670,0.0746,256
W01,profile-long,256,saits,2,NPHI,0.2265,0.0640,0.0699,256
W01,profile-long,256,saits,2,all,0.7632,9.0023,17.0217,768
W01,profile-long,256,saits,2,all_z,-0.0728,0.5915,0.6701,768
W01,profile-long,384,saits,2,GR,-0.2350,26.0314,29.1221,384
W01,profile-long,384,saits,2,RHOB,-2.6686,0.0688,0.0778,384
W01,profile-long,384,saits,2,NPHI,0.2454,0.0654,0.0719,384
W01,profile-long,384,saits,2,all,0.7562,8.7218,16.8137,1152
W01,profile-long,384,saits,2,all_z,-0.0190,0.5912,0.6763,1152
W01,profile-long,512,saits,2,GR,-0.1862,24.5607,27.6811,512
W01,profile-long,512,saits,2,RHOB,-2.5836,0.0680,0.0762,512
W01,profile-long,512,saits,2,NPHI,0.2553,0.0612,0.0683,512
W01,profile-long,512,saits,2,all,0.7772,8.2300,15.9818,1536
W01,profile-long,512,saits,2,all_z,0.0040,0.5625,0.6459,1536
W01,profile-long,768,saits,2,GR,0.0391,23.0859,26.0843,768
W01,profile-long,768,saits,2,RHOB,-2.0655,0.0836,0.0954,768
W01,profile-long,768,saits,2,NPHI,0.2697,0.0614,0.0705,768
W01,profile-long,768,saits,2,all,0.7705,7.7436,15.0599,2304
W01,profile-long,768,saits,2,all_z,0.1340,0.5800,0.6649,2304
W01,profile-long,1024,saits,2,GR,0.0621,24.9412,27.9082,1024
W01,profile-long,1024,saits,2,RHOB,-1.5686,0.0933,0.1081,1024
W01,profile-long,1024,saits,2,NPHI,0.2368,0.0685,0.0790,1024
W01,profile-long,1024,saits,2,all,0.7290,8.3677,16.1130,3072
W01,profile-long,1024,saits,2,all_z,0.1315,0.6395,0.7331,3072
W01,profile-long,1536,saits,2,GR,0.0471,26.9555,29.9768,1536
W01,profile-long,1536,saits,2,RHOB,-2.1664,0.0987,0.1131,1536
W01,profile-long,1536,saits,2,NPHI,0.1992,0.0639,0.0749,1536
W01,profile-long,1536,saits,2,all,0.6242,9.0393,17.3073,4608
W01,profile-long,1536,saits,2,all_z,0.1336,0.6545,0.7509,4608
W01,profile-long,2048,saits,2,GR,0.0069,26.1133,29.3613,2048
W01,profile-long,2048,saits,2,RHOB,-2.4617,0.1039,0.1179,2048
W01,profile-long,2048,saits,2,NPHI,0.1083,0.0647,0.0753,2048
W01,profile-long,2048,saits,2,all,0.5975,8.7606,16.9519,6144
W01,profile-long,2048,saits,2,all_z,0.1447,0.6593,0.7541,6144
W01,blackout-long,256,saits,2,RHOB,-4.9870,0.0804,0.0891,256
W01,blackout-long,256,saits,2,NPHI,0.1112,0.0679,0.0750,256
W01,blackout-long,256,saits,2,all,0.9950,0.0741,0.0823,512
W01,blackout-long,256,saits,2,all_z,-0.1500,0.5618,0.6280,512
W01,blackout-long,384,saits,2,RHOB,-4.2210,0.0836,0.0928,384
W01,blackout-long,384,saits,2,NPHI,0.1072,0.0706,0.0782,384
W01,blackout-long,384,saits,2,all,0.9947,0.0771,0.0858,768
W01,blackout-long,384,saits,2,all_z,-0.1123,0.5843,0.6548,768
W01,blackout-long,512,saits,2,RHOB,-4.0093,0.0815,0.0901,512
W01,blackout-long,512,saits,2,NPHI,0.2414,0.0614,0.0689,512
W01,blackout-long,512,saits,2,all,0.9953,0.0714,0.0802,1024
W01,blackout-long,512,saits,2,all_z,-0.0040,0.5341,0.5986,1024
W01,blackout-long,768,saits,2,RHOB,-3.0281,0.1002,0.1094,768
W01,blackout-long,768,saits,2,NPHI,0.2337,0.0635,0.0722,768
W01,blackout-long,768,saits,2,all,0.9939,0.0818,0.0927,1536
W01,blackout-long,768,saits,2,all_z,0.0620,0.5997,0.6691,1536
W01,blackout-long,1024,saits,2,RHOB,-2.4615,0.1116,0.1255,1024
W01,blackout-long,1024,saits,2,NPHI,0.1233,0.0734,0.0847,1024
W01,blackout-long,1024,saits,2,all,0.9920,0.0925,0.1071,2048
W01,blackout-long,1024,saits,2,all_z,-0.0239,0.6807,0.7764,2048
W01,blackout-long,1536,saits,2,RHOB,-3.4011,0.1178,0.1333,1536
W01,blackout-long,1536,saits,2,NPHI,0.0314,0.0701,0.0824,1536
W01,blackout-long,1536,saits,2,all,0.9915,0.0940,0.1108,3072
W01,blackout-long,1536,saits,2,all_z,-0.1027,0.6837,0.7880,3072
W01,blackout-long,2048,saits,2,RHOB,-3.7990,0.1249,0.1388,2048
W01,blackout-long,2048,saits,2,NPHI,-0.0652,0.0703,0.0823,2048
W01,blackout-long,2048,saits,2,all,0.9911,0.0976,0.1141,4096
W01,blackout-long,2048,saits,2,all_z,-0.0648,0.7055,0.8041,4096
W04,profile-long,256,saits,2,GR,-29.3652,30.0492,30.6540,256
W04,profile-long,256,saits,2,RHOB,-5.2406,0.1023,0.1091,256
W04,profile-long,256,saits,2,NPHI,-8.2895,0.0826,0.0865,256
W04,profile-long,256,saits,2,all,-1.8668,10.0780,17.6983,768
W04,profile-long,256,saits,2,all_z,-0.5496,0.7756,0.8114,768
W04,profile-long,384,saits,2,GR,-6.2082,27.1264,28.7394,384
W04,profile-long,384,saits,2,RHOB,-1.9200,0.1015,0.1112,384
W04,profile-long,384,saits,2,NPHI,-1.3098,0.0852,0.0920,384
W04,profile-long,384,saits,2,all,-0.4921,9.1044,16.5929,1152
W04,profile-long,384,saits,2,all_z,-0.4102,0.7564,0.8193,1152
W04,profile-long,512,saits,2,GR,-5.4426,26.6871,28.2210,512
W04,profile-long,512,saits,2,RHOB,-0.2992,0.1003,0.1111,512
W04,profile-long,512,saits,2,NPHI,-0.2711,0.0880,0.0965,512
W04,profile-long,512,saits,2,all,-0.3240,8.9585,16.2936,1536
W04,profile-long,512,saits,2,all_z,-0.2344,0.7591,0.8321,1536
W04,profile-long,768,saits,2,GR,-6.0986,26.6893,28.2713,768
W04,profile-long,768,saits,2,RHOB,-0.1159,0.0983,0.1098,768
W04,profile-long,768,saits,2,NPHI,-0.1081,0.0897,0.0993,768
W04,profile-long,768,saits,2,all,-0.3005,8.9591,16.3227,2304
W04,profile-long,768,saits,2,all_z,-0.1887,0.7605,0.8411,2304
W04,profile-long,1024,saits,2,GR,-3.2434,25.1784,27.4125,1024
W04,profile-long,1024,saits,2,RHOB,0.1072,0.1187,0.1427,1024
W04,profile-long,1024,saits,2,NPHI,0.0940,0.0834,0.0939,1024
W04,profile-long,1024,saits,2,all,0.0070,8.4602,15.8269,3072
W04,profile-long,1024,saits,2,all_z,-0.0170,0.7717,0.8869,3072
W04,profile-long,1536,saits,2,GR,-1.7353,22.3119,25.1888,1536
W04,profile-long,1536,saits,2,RHOB,0.0223,0.1353,0.1611,1536
W04,profile-long,1536,saits,2,NPHI,0.1077,0.0852,0.0969,1536
W04,profile-long,1536,saits,2,all,0.3537,7.5108,14.5432,4608
W04,profile-long,1536,saits,2,all_z,0.0506,0.7894,0.9292,4608
W04,profile-long,2048,saits,2,GR,-0.5067,21.1717,24.4042,2048
W04,profile-long,2048,saits,2,RHOB,-0.0975,0.1440,0.1694,2048
W04,profile-long,2048,saits,2,NPHI,0.0815,0.0902,0.1043,2048
W04,profile-long,2048,saits,2,all,0.5751,7.1353,14.0903,6144
W04,profile-long,2048,saits,2,all_z,0.1503,0.8156,0.9726,6144
W04,blackout-long,256,saits,2,RHOB,-5.4323,0.1016,0.1108,256
W04,blackout-long,256,saits,2,NPHI,-6.7214,0.0732,0.0789,256
W04,blackout-long,256,saits,2,all,0.9940,0.0874,0.0962,512
W04,blackout-long,256,saits,2,all_z,-0.2558,0.7117,0.7716,512
W04,blackout-long,384,saits,2,RHOB,-2.3147,0.1048,0.1185,384
W04,blackout-long,384,saits,2,NPHI,-1.2497,0.0823,0.0908,384
W04,blackout-long,384,saits,2,all,0.9926,0.0936,0.1056,768
W04,blackout-long,384,saits,2,all_z,-0.3258,0.7685,0.8591,768
W04,blackout-long,512,saits,2,RHOB,-0.4237,0.1025,0.1163,512
W04,blackout-long,512,saits,2,NPHI,-0.1867,0.0828,0.0933,512
W04,blackout-long,512,saits,2,all,0.9923,0.0927,0.1054,1024
W04,blackout-long,512,saits,2,all_z,-0.0866,0.7632,0.8655,1024
W04,blackout-long,768,saits,2,RHOB,-0.2165,0.0992,0.1147,768
W04,blackout-long,768,saits,2,NPHI,-0.0456,0.0857,0.0965,768
W04,blackout-long,768,saits,2,all,0.9921,0.0925,0.1060,1536
W04,blackout-long,768,saits,2,all_z,-0.0415,0.7664,0.8783,1536
W04,blackout-long,1024,saits,2,RHOB,0.1435,0.1178,0.1398,1024
W04,blackout-long,1024,saits,2,NPHI,0.1019,0.0825,0.0934,1024
W04,blackout-long,1024,saits,2,all,0.9895,0.1002,0.1189,2048
W04,blackout-long,1024,saits,2,all_z,0.1299,0.8132,0.9423,2048
W04,blackout-long,1536,saits,2,RHOB,-0.0166,0.1377,0.1642,1536
W04,blackout-long,1536,saits,2,NPHI,0.0528,0.0872,0.0999,1536
W04,blackout-long,1536,saits,2,all,0.9856,0.1125,0.1359,3072
W04,blackout-long,1536,saits,2,all_z,0.0944,0.9043,1.0586,3072
W04,blackout-long,2048,saits,2,RHOB,-0.1605,0.1476,0.1742,2048
W04,blackout-long,2048,saits,2,NPHI,0.0292,0.0925,0.1072,2048
W04,blackout-long,2048,saits,2,all,0.9828,0.1201,0.1446,4096
W04,blackout-long,2048,saits,2,all_z,0.1553,0.9642,1.1290,4096
W01,profile-long,256,stgnn,0,GR,0.4162,17.2350,19.7317,256
W01,profile-long,256,stgnn,0,RHOB,-0.2733,0.0372,0.0411,256
W01,profile-long,256,stgnn,0,NPHI,0.9714,0.0103,0.0134,256
W01,profile-long,256,stgnn,0,all,0.8940,5.7609,11.3921,768
W01,profile-long,256,stgnn,0,all_z,0.6869,0.2705,0.3620,768
W01,profile-long,384,stgnn,0,GR,0.5211,15.3317,18.1344,384
W01,profile-long,384,stgnn,0,RHOB,-0.1220,0.0388,0.0430,384
W01,profile-long,384,stgnn,0,NPHI,0.9654,0.0117,0.0154,384
W01,profile-long,384,stgnn,0,all,0.9055,5.1274,10.4700,1152
W01,profile-long,384,stgnn,0,all_z,0.7366,0.2598,0.3439,1152
W01,profile-long,512,stgnn,0,GR,0.4235,16.3442,19.2985,512
W01,profile-long,512,stgnn,0,RHOB,-0.4892,0.0443,0.0491,512
W01,profile-long,512,stgnn,0,NPHI,0.9527,0.0129,0.0172,512
W01,profile-long,512,stgnn,0,all,0.8917,5.4671,11.1420,1536
W01,profile-long,512,stgnn,0,all_z,0.6693,0.2841,0.3721,1536
W01,profile-long,768,stgnn,0,GR,0.4866,16.3912,19.0664,768
W01,profile-long,768,stgnn,0,RHOB,-0.2332,0.0539,0.0605,768
W01,profile-long,768,stgnn,0,NPHI,0.9150,0.0171,0.0241,768
W01,profile-long,768,stgnn,0,all,0.8774,5.4874,11.0081,2304
W01,profile-long,768,stgnn,0,all_z,0.6878,0.3169,0.3992,2304
W01,profile-long,1024,stgnn,0,GR,0.5518,16.7813,19.2932,1024
W01,profile-long,1024,stgnn,0,RHOB,0.1024,0.0575,0.0639,1024
W01,profile-long,1024,stgnn,0,NPHI,0.9183,0.0183,0.0259,1024
W01,profile-long,1024,stgnn,0,all,0.8705,5.6190,11.1390,3072
W01,profile-long,1024,stgnn,0,all_z,0.7264,0.3317,0.4115,3072
W01,profile-long,1536,stgnn,0,GR,0.4434,19.5764,22.9108,1536
W01,profile-long,1536,stgnn,0,RHOB,-0.6346,0.0679,0.0812,1536
W01,profile-long,1536,stgnn,0,NPHI,0.7301,0.0297,0.0435,1536
W01,profile-long,1536,stgnn,0,all,0.7805,6.5580,13.2277,4608
W01,profile-long,1536,stgnn,0,all_z,0.5738,0.4150,0.5266,4608
W01,profile-long,2048,stgnn,0,GR,0.3352,20.8524,24.0224,2048
W01,profile-long,2048,stgnn,0,RHOB,-0.5570,0.0643,0.0790,2048
W01,profile-long,2048,stgnn,0,NPHI,0.6348,0.0355,0.0482,2048
W01,profile-long,2048,stgnn,0,all,0.7305,6.9841,13.8695,6144
W01,profile-long,2048,stgnn,0,all_z,0.5483,0.4384,0.5480,6144
W01,blackout-long,256,stgnn,0,RHOB,-4.1911,0.0734,0.0829,256
W01,blackout-long,256,stgnn,0,NPHI,0.4909,0.0501,0.0567,256
W01,blackout-long,256,stgnn,0,all,0.9963,0.0618,0.0711,512
W01,blackout-long,256,stgnn,0,all_z,0.2210,0.4567,0.5169,512
W01,blackout-long,384,stgnn,0,RHOB,-2.8321,0.0703,0.0795,384
W01,blackout-long,384,stgnn,0,NPHI,0.5315,0.0502,0.0567,384
W01,blackout-long,384,stgnn,0,all,0.9965,0.0603,0.0690,768
W01,blackout-long,384,stgnn,0,all_z,0.3337,0.4479,0.5068,768
W01,blackout-long,512,stgnn,0,RHOB,-3.9655,0.0799,0.0897,512
W01,blackout-long,512,stgnn,0,NPHI,0.4379,0.0532,0.0593,512
W01,blackout-long,512,stgnn,0,all,0.9958,0.0665,0.0760,1024
W01,blackout-long,512,stgnn,0,all_z,0.1555,0.4905,0.5490,1024
W01,blackout-long,768,stgnn,0,RHOB,-3.4651,0.1027,0.1152,768
W01,blackout-long,768,stgnn,0,NPHI,0.3378,0.0602,0.0672,768
W01,blackout-long,768,stgnn,0,all,0.9937,0.0814,0.0943,1536
W01,blackout-long,768,stgnn,0,all_z,0.0811,0.5916,0.6623,1536
W01,blackout-long,1024,stgnn,0,RHOB,-2.7419,0.1134,0.1305,1024
W01,blackout-long,1024,stgnn,0,NPHI,0.3476,0.0643,0.0731,1024
W01,blackout-long,1024,stgnn,0,all,0.9922,0.0889,0.1057,2048
W01,blackout-long,1024,stgnn,0,all_z,0.0788,0.6429,0.7365,2048
W01,blackout-long,1536,stgnn,0,RHOB,-3.5954,0.1225,0.1362,1536
W01,blackout-long,1536,stgnn,0,NPHI,0.2869,0.0614,0.0707,1536
W01,blackout-long,1536,stgnn,0,all,0.9918,0.0920,0.1085,3072
W01,blackout-long,1536,stgnn,0,all_z,0.0164,0.6563,0.7442,3072
W01,blackout-long,2048,stgnn,0,RHOB,-3.6563,0.1247,0.1367,2048
W01,blackout-long,2048,stgnn,0,NPHI,0.0948,0.0649,0.0759,2048
W01,blackout-long,2048,stgnn,0,all,0.9916,0.0948,0.1105,4096
W01,blackout-long,2048,stgnn,0,all_z,0.0276,0.6794,0.7685,4096
W04,profile-long,256,stgnn,0,GR,-4.7349,12.0797,13.3218,256
W04,profile-long,256,stgnn,0,RHOB,0.2936,0.0302,0.0367,256
W04,profile-long,256,stgnn,0,NPHI,-1.6170,0.0402,0.0459,256
W04,profile-long,256,stgnn,0,all,0.4586,4.0500,7.6914,768
W04,profile-long,256,stgnn,0,all_z,0.6844,0.3107,0.3662,768
W04,profile-long,384,stgnn,0,GR,-2.0457,14.7572,18.6815,384
W04,profile-long,384,stgnn,0,RHOB,0.5291,0.0346,0.0447,384
W04,profile-long,384,stgnn,0,NPHI,0.1547,0.0482,0.0557,384
W04,profile-long,384,stgnn,0,all,0.3695,4.9466,10.7859,1152
W04,profile-long,384,stgnn,0,all_z,0.5415,0.3711,0.4672,1152
W04,profile-long,512,stgnn,0,GR,-3.8281,17.6121,24.4303,512
W04,profile-long,512,stgnn,0,RHOB,0.6925,0.0411,0.0540,512
W04,profile-long,512,stgnn,0,NPHI,0.4502,0.0539,0.0635,512
W04,profile-long,512,stgnn,0,all,0.0078,5.9024,14.1049,1536
W04,profile-long,512,stgnn,0,all_z,0.4242,0.4303,0.5683,1536
W04,profile-long,768,stgnn,0,GR,-8.8285,22.1617,33.2661,768
W04,profile-long,768,stgnn,0,RHOB,0.5958,0.0473,0.0661,768
W04,profile-long,768,stgnn,0,NPHI,0.4077,0.0609,0.0726,768
W04,profile-long,768,stgnn,0,all,-0.8006,7.4233,19.2063,2304
W04,profile-long,768,stgnn,0,all_z,0.1452,0.5083,0.7132,2304
W04,profile-long,1024,stgnn,0,GR,-5.8445,25.1858,34.8148,1024
W04,profile-long,1024,stgnn,0,RHOB,0.5443,0.0700,0.1019,1024
W04,profile-long,1024,stgnn,0,NPHI,0.5059,0.0564,0.0693,1024
W04,profile-long,1024,stgnn,0,all,-0.6016,8.4374,20.1005,3072
W04,profile-long,1024,stgnn,0,all_z,0.2116,0.5715,0.7809,3072
W04,profile-long,1536,stgnn,0,GR,-3.4556,23.6095,32.1487,1536
W04,profile-long,1536,stgnn,0,RHOB,0.4719,0.0840,0.1184,1536
W04,profile-long,1536,stgnn,0,NPHI,0.5948,0.0519,0.0653,1536
W04,profile-long,1536,stgnn,0,all,-0.0528,7.9151,18.5612,4608
W04,profile-long,1536,stgnn,0,all_z,0.3358,0.5737,0.7772,4608
W04,profile-long,2048,stgnn,0,GR,-1.5795,24.3611,31.9311,2048
W04,profile-long,2048,stgnn,0,RHOB,0.3996,0.0913,0.1253,2048
W04,profile-long,2048,stgnn,0,NPHI,0.6416,0.0523,0.0651,2048
W04,profile-long,2048,stgnn,0,all,0.2726,8.1682,18.4356,6144
W04,profile-long,2048,stgnn,0,all_z,0.4381,0.5986,0.7909,6144
W04,blackout-long,256,stgnn,0,RHOB,-2.9912,0.0779,0.0873,256
W04,blackout-long,256,stgnn,0,NPHI,-3.0282,0.0512,0.0570,256
W04,blackout-long,256,stgnn,0,all,0.9965,0.0645,0.0737,512
W04,blackout-long,256,stgnn,0,all_z,0.2865,0.5205,0.5816,512
W04,blackout-long,384,stgnn,0,RHOB,-0.8517,0.0768,0.0886,384
W04,blackout-long,384,stgnn,0,NPHI,-0.3730,0.0623,0.0709,384
W04,blackout-long,384,stgnn,0,all,0.9957,0.0696,0.0802,768
W04,blackout-long,384,stgnn,0,all_z,0.2206,0.5730,0.6587,768
W04,blackout-long,512,stgnn,0,RHOB,-0.2992,0.0878,0.1111,512
W04,blackout-long,512,stgnn,0,NPHI,-0.0180,0.0720,0.0864,512
W04,blackout-long,512,stgnn,0,all,0.9932,0.0799,0.0995,1024
W04,blackout-long,512,stgnn,0,all_z,0.0434,0.6588,0.8121,1024
W04,blackout-long,768,stgnn,0,RHOB,-0.1644,0.0862,0.1122,768
W04,blackout-long,768,stgnn,0,NPHI,0.0025,0.0783,0.0942,768
W04,blackout-long,768,stgnn,0,all,0.9925,0.0822,0.1036,1536
W04,blackout-long,768,stgnn,0,all_z,0.0052,0.6851,0.8585,1536
W04,blackout-long,1024,stgnn,0,RHOB,-0.1216,0.1178,0.1599,1024
W04,blackout-long,1024,stgnn,0,NPHI,-0.0253,0.0844,0.0998,1024
W04,blackout-long,1024,stgnn,0,all,0.9867,0.1011,0.1333,2048
W04,blackout-long,1024,stgnn,0,all_z,-0.0668,0.8227,1.0434,2048
W04,blackout-long,1536,stgnn,0,RHOB,-0.3506,0.1443,0.1893,1536
W04,blackout-long,1536,stgnn,0,NPHI,-0.0561,0.0894,0.1055,1536
W04,blackout-long,1536,stgnn,0,all,0.9816,0.1168,0.1532,3072
W04,blackout-long,1536,stgnn,0,all_z,-0.1160,0.9372,1.1752,3072
W04,blackout-long,2048,stgnn,0,RHOB,-0.7116,0.1697,0.2115,2048
W04,blackout-long,2048,stgnn,0,NPHI,-0.1081,0.0974,0.1146,2048
W04,blackout-long,2048,stgnn,0,all,0.9762,0.1335,0.1701,4096
W04,blackout-long,2048,stgnn,0,all_z,-0.1172,1.0632,1.2983,4096
W01,profile-long,256,stgnn,1,GR,0.5723,14.6124,16.8886,256
W01,profile-long,256,stgnn,1,RHOB,-0.7006,0.0419,0.0475,256
W01,profile-long,256,stgnn,1,NPHI,0.9359,0.0164,0.0201,256
W01,profile-long,256,stgnn,1,all,0.9223,4.8902,9.7507,768
W01,profile-long,256,stgnn,1,all_z,0.7223,0.2741,0.3409,768
W01,profile-long,384,stgnn,1,GR,0.6047,13.9396,16.4758,384
W01,profile-long,384,stgnn,1,RHOB,-0.2626,0.0395,0.0456,384
W01,profile-long,384,stgnn,1,NPHI,0.9201,0.0183,0.0234,384
W01,profile-long,384,stgnn,1,all,0.9220,4.6658,9.5123,1152
W01,profile-long,384,stgnn,1,all_z,0.7444,0.2690,0.3387,1152
W01,profile-long,512,stgnn,1,GR,0.4611,15.6532,18.6587,512
W01,profile-long,512,stgnn,1,RHOB,-0.5499,0.0434,0.0501,512
W01,profile-long,512,stgnn,1,NPHI,0.9157,0.0179,0.0230,512
W01,profile-long,512,stgnn,1,all,0.8988,5.2381,10.7726,1536
W01,profile-long,512,stgnn,1,all_z,0.6656,0.2917,0.3742,1536
W01,profile-long,768,stgnn,1,GR,0.4656,16.6823,19.4521,768
W01,profile-long,768,stgnn,1,RHOB,0.0831,0.0433,0.0522,768
W01,profile-long,768,stgnn,1,NPHI,0.8853,0.0203,0.0280,768
W01,profile-long,768,stgnn,1,all,0.8724,5.5819,11.2307,2304
W01,profile-long,768,stgnn,1,all_z,0.6897,0.3088,0.3980,2304
W01,profile-long,1024,stgnn,1,GR,0.5333,17.0404,19.6869,1024
W01,profile-long,1024,stgnn,1,RHOB,0.4289,0.0423,0.0510,1024
W01,profile-long,1024,stgnn,1,NPHI,0.8875,0.0215,0.0303,1024
W01,profile-long,1024,stgnn,1,all,0.8651,5.7014,11.3663,3072
W01,profile-long,1024,stgnn,1,all_z,0.7356,0.3141,0.4045,3072
W01,profile-long,1536,stgnn,1,GR,0.4757,19.1233,22.2362,1536
W01,profile-long,1536,stgnn,1,RHOB,-0.3943,0.0558,0.0750,1536
W01,profile-long,1536,stgnn,1,NPHI,0.6733,0.0325,0.0478,1536
W01,profile-long,1536,stgnn,1,all,0.7932,6.4039,12.8382,4608
W01,profile-long,1536,stgnn,1,all_z,0.5857,0.3956,0.5192,4608
W01,profile-long,2048,stgnn,1,GR,0.3938,19.8619,22.9382,2048
W01,profile-long,2048,stgnn,1,RHOB,-0.3282,0.0542,0.0730,2048
W01,profile-long,2048,stgnn,1,NPHI,0.5964,0.0368,0.0506,2048
W01,profile-long,2048,stgnn,1,all,0.7543,6.6509,13.2435,6144
W01,profile-long,2048,stgnn,1,all_z,0.5743,0.4128,0.5320,6144
W01,blackout-long,256,stgnn,1,RHOB,-0.6489,0.0389,0.0467,256
W01,blackout-long,256,stgnn,1,NPHI,0.8690,0.0223,0.0288,256
W01,blackout-long,256,stgnn,1,all,0.9989,0.0306,0.0388,512
W01,blackout-long,256,stgnn,1,all_z,0.7781,0.2217,0.2758,512
W01,blackout-long,384,stgnn,1,RHOB,-0.2625,0.0385,0.0456,384
W01,blackout-long,384,stgnn,1,NPHI,0.8824,0.0219,0.0284,384
W01,blackout-long,384,stgnn,1,all,0.9990,0.0302,0.0380,768
W01,blackout-long,384,stgnn,1,all_z,0.8100,0.2187,0.2706,768
W01,blackout-long,512,stgnn,1,RHOB,-1.4270,0.0507,0.0627,512
W01,blackout-long,512,stgnn,1,NPHI,0.7764,0.0281,0.0374,512
W01,blackout-long,512,stgnn,1,all,0.9981,0.0394,0.0516,1024
W01,blackout-long,512,stgnn,1,all_z,0.6278,0.2842,0.3645,1024
W01,blackout-long,768,stgnn,1,RHOB,-1.2832,0.0677,0.0824,768
W01,blackout-long,768,stgnn,1,NPHI,0.6651,0.0377,0.0478,768
W01,blackout-long,768,stgnn,1,all,0.9968,0.0527,0.0673,1536
W01,blackout-long,768,stgnn,1,all_z,0.5325,0.3806,0.4724,1536
W01,blackout-long,1024,stgnn,1,RHOB,-1.2175,0.0804,0.1004,1024
W01,blackout-long,1024,stgnn,1,NPHI,0.6091,0.0456,0.0566,1024
W01,blackout-long,1024,stgnn,1,all,0.9953,0.0630,0.0815,2048
W01,blackout-long,1024,stgnn,1,all_z,0.4514,0.4557,0.5684,2048
W01,blackout-long,1536,stgnn,1,RHOB,-1.9076,0.0904,0.1084,1536
W01,blackout-long,1536,stgnn,1,NPHI,0.5545,0.0451,0.0559,1536
W01,blackout-long,1536,stgnn,1,all,0.9948,0.0678,0.0862,3072
W01,blackout-long,1536,stgnn,1,all_z,0.3809,0.4832,0.5905,3072
W01,blackout-long,2048,stgnn,1,RHOB,-2.0856,0.0953,0.1113,2048
W01,blackout-long,2048,stgnn,1,NPHI,0.2955,0.0528,0.0669,2048
W01,blackout-long,2048,stgnn,1,all,0.9942,0.0740,0.0918,4096
W01,blackout-long,2048,stgnn,1,all_z,0.3061,0.5342,0.6491,4096
W04,profile-long,256,stgnn,1,GR,-4.3375,11.0128,12.8520,256
W04,profile-long,256,stgnn,1,RHOB,0.4788,0.0258,0.0315,256
W04,profile-long,256,stgnn,1,NPHI,0.2570,0.0186,0.0245,256
W04,profile-long,256,stgnn,1,all,0.4961,3.6858,7.4201,768
W04,profile-long,256,stgnn,1,all_z,0.8240,0.2188,0.2735,768
W04,profile-long,384,stgnn,1,GR,-0.9344,11.8472,14.8880,384
W04,profile-long,384,stgnn,1,RHOB,0.5932,0.0291,0.0415,384
W04,profile-long,384,stgnn,1,NPHI,0.5557,0.0297,0.0404,384
W04,profile-long,384,stgnn,1,all,0.5996,3.9687,8.5957,1152
W04,profile-long,384,stgnn,1,all_z,0.7182,0.2711,0.3662,1152
W04,profile-long,512,stgnn,1,GR,-2.8883,15.0416,21.9239,512
W04,profile-long,512,stgnn,1,RHOB,0.7544,0.0352,0.0483,512
W04,profile-long,512,stgnn,1,NPHI,0.7237,0.0340,0.0450,512
W04,profile-long,512,stgnn,1,all,0.2010,5.0370,12.6578,1536
W04,profile-long,512,stgnn,1,all_z,0.6103,0.3278,0.4676,1536
W04,profile-long,768,stgnn,1,GR,-6.8234,19.0381,29.6795,768
W04,profile-long,768,stgnn,1,RHOB,0.6772,0.0416,0.0591,768
W04,profile-long,768,stgnn,1,NPHI,0.6799,0.0412,0.0534,768
W04,profile-long,768,stgnn,1,all,-0.4333,6.3736,17.1355,2304
W04,profile-long,768,stgnn,1,all_z,0.3957,0.4017,0.5997,2304
W04,profile-long,1024,stgnn,1,GR,-5.7291,23.9982,34.5200,1024
W04,profile-long,1024,stgnn,1,RHOB,0.5136,0.0676,0.1053,1024
W04,profile-long,1024,stgnn,1,NPHI,0.7168,0.0409,0.0525,1024
W04,profile-long,1024,stgnn,1,all,-0.5746,8.0356,19.9302,3072
W04,profile-long,1024,stgnn,1,all_z,0.2937,0.5036,0.7391,3072
W04,profile-long,1536,stgnn,1,GR,-3.6657,23.7323,32.8979,1536
W04,profile-long,1536,stgnn,1,RHOB,0.4586,0.0829,0.1198,1536
W04,profile-long,1536,stgnn,1,NPHI,0.7550,0.0400,0.0508,1536
W04,profile-long,1536,stgnn,1,all,-0.1024,7.9517,18.9937,4608
W04,profile-long,1536,stgnn,1,all_z,0.3798,0.5327,0.7511,4608
W04,profile-long,2048,stgnn,1,GR,-1.6441,24.4586,32.3289,2048
W04,profile-long,2048,stgnn,1,RHOB,0.3998,0.0909,0.1253,2048
W04,profile-long,2048,stgnn,1,NPHI,0.7801,0.0410,0.0510,2048
W04,profile-long,2048,stgnn,1,all,0.2543,8.1969,18.6653,6144
W04,profile-long,2048,stgnn,1,all_z,0.4824,0.5606,0.7591,6144
W04,blackout-long,256,stgnn,1,RHOB,-0.0461,0.0359,0.0447,256
W04,blackout-long,256,stgnn,1,NPHI,-0.1153,0.0241,0.0300,256
W04,blackout-long,256,stgnn,1,all,0.9991,0.0300,0.0380,512
W04,blackout-long,256,stgnn,1,all_z,0.8079,0.2423,0.3018,512
W04,blackout-long,384,stgnn,1,RHOB,0.0225,0.0479,0.0644,384
W04,blackout-long,384,stgnn,1,NPHI,-0.0087,0.0443,0.0608,384
W04,blackout-long,384,stgnn,1,all,0.9974,0.0461,0.0626,768
W04,blackout-long,384,stgnn,1,all_z,0.4939,0.3848,0.5308,768
W04,blackout-long,512,stgnn,1,RHOB,-0.0825,0.0681,0.1014,512
W04,blackout-long,512,stgnn,1,NPHI,-0.0080,0.0591,0.0860,512
W04,blackout-long,512,stgnn,1,all,0.9939,0.0636,0.0940,1024
W04,blackout-long,512,stgnn,1,all_z,0.1169,0.5274,0.7802,1024
W04,blackout-long,768,stgnn,1,RHOB,-0.1733,0.0761,0.1126,768
W04,blackout-long,768,stgnn,1,NPHI,-0.1176,0.0692,0.0997,768
W04,blackout-long,768,stgnn,1,all,0.9920,0.0726,0.1064,1536
W04,blackout-long,768,stgnn,1,all_z,-0.0709,0.6051,0.8907,1536
W04,blackout-long,1024,stgnn,1,RHOB,-0.3336,0.1167,0.1744,1024
W04,blackout-long,1024,stgnn,1,NPHI,-0.2028,0.0817,0.1081,1024
W04,blackout-long,1024,stgnn,1,all,0.9843,0.0992,0.1451,2048
W04,blackout-long,1024,stgnn,1,all_z,-0.2605,0.8054,1.1342,2048
W04,blackout-long,1536,stgnn,1,RHOB,-0.5178,0.1451,0.2007,1536
W04,blackout-long,1536,stgnn,1,NPHI,-0.1419,0.0863,0.1097,1536
W04,blackout-long,1536,stgnn,1,all,0.9795,0.1157,0.1617,3072
W04,blackout-long,1536,stgnn,1,all_z,-0.2348,0.9246,1.2362,3072
W04,blackout-long,2048,stgnn,1,RHOB,-0.7732,0.1664,0.2153,2048
W04,blackout-long,2048,stgnn,1,NPHI,-0.0664,0.0917,0.1124,2048
W04,blackout-long,2048,stgnn,1,all,0.9757,0.1290,0.1717,4096
W04,blackout-long,2048,stgnn,1,all_z,-0.1251,1.0234,1.3029,4096
W01,profile-long,256,stgnn,2,GR,0.6515,12.8271,15.2440,256
W01,profile-long,256,stgnn,2,RHOB,0.3133,0.0248,0.0302,256
W01,profile-long,256,stgnn,2,NPHI,0.9455,0.0137,0.0186,256
W01,profile-long,256,stgnn,2,all,0.9367,4.2886,8.8011,768
W01,profile-long,256,stgnn,2,all_z,0.7988,0.2148,0.2902,768
W01,profile-long,384,stgnn,2,GR,0.6710,12.7601,15.0301,384
W01,profile-long,384,stgnn,2,RHOB,0.4560,0.0244,0.0299,384
W01,profile-long,384,stgnn,2,NPHI,0.9448,0.0141,0.0194,384
W01,profile-long,384,stgnn,2,all,0.9351,4.2662,8.6776,1152
W01,profile-long,384,stgnn,2,all_z,0.8144,0.2145,0.2886,1152
W01,profile-long,512,stgnn,2,GR,0.3254,16.4575,20.8755,512
W01,profile-long,512,stgnn,2,RHOB,0.3589,0.0260,0.0322,512
W01,profile-long,512,stgnn,2,NPHI,0.9428,0.0137,0.0189,512
W01,profile-long,512,stgnn,2,all,0.8733,5.4991,12.0525,1536
W01,profile-long,512,stgnn,2,all_z,0.6624,0.2515,0.3760,1536
W01,profile-long,768,stgnn,2,GR,0.2174,19.4826,23.5404,768
W01,profile-long,768,stgnn,2,RHOB,0.3932,0.0341,0.0425,768
W01,profile-long,768,stgnn,2,NPHI,0.9147,0.0164,0.0241,768
W01,profile-long,768,stgnn,2,all,0.8131,6.5110,13.5911,2304
W01,profile-long,768,stgnn,2,all_z,0.6293,0.3050,0.4350,2304
W01,profile-long,1024,stgnn,2,GR,0.3105,20.1150,23.9296,1024
W01,profile-long,1024,stgnn,2,RHOB,0.4893,0.0397,0.0482,1024
W01,profile-long,1024,stgnn,2,NPHI,0.9090,0.0189,0.0273,1024
W01,profile-long,1024,stgnn,2,all,0.8007,6.7245,13.8158,3072
W01,profile-long,1024,stgnn,2,all_z,0.6682,0.3301,0.4531,3072
W01,profile-long,1536,stgnn,2,GR,0.2768,22.0261,26.1146,1536
W01,profile-long,1536,stgnn,2,RHOB,-0.6342,0.0595,0.0812,1536
W01,profile-long,1536,stgnn,2,NPHI,0.6148,0.0331,0.0519,1536
W01,profile-long,1536,stgnn,2,all,0.7148,7.3729,15.0774,4608
W01,profile-long,1536,stgnn,2,all_z,0.4709,0.4325,0.5868,4608
W01,profile-long,2048,stgnn,2,GR,0.1932,22.6569,26.4639,2048
W01,profile-long,2048,stgnn,2,RHOB,-0.6668,0.0611,0.0818,2048
W01,profile-long,2048,stgnn,2,NPHI,0.5557,0.0367,0.0531,2048
W01,profile-long,2048,stgnn,2,all,0.6730,7.5849,15.2790,6144
W01,profile-long,2048,stgnn,2,all_z,0.4674,0.4531,0.5951,6144
W01,blackout-long,256,stgnn,2,RHOB,-2.3618,0.0615,0.0667,256
W01,blackout-long,256,stgnn,2,NPHI,0.5553,0.0484,0.0530,256
W01,blackout-long,256,stgnn,2,all,0.9973,0.0550,0.0603,512
W01,blackout-long,256,stgnn,2,all_z,0.3996,0.4131,0.4538,512
W01,blackout-long,384,stgnn,2,RHOB,-1.6435,0.0601,0.0660,384
W01,blackout-long,384,stgnn,2,NPHI,0.6416,0.0451,0.0495,384
W01,blackout-long,384,stgnn,2,all,0.9975,0.0526,0.0584,768
W01,blackout-long,384,stgnn,2,all_z,0.5121,0.3929,0.4336,768
W01,blackout-long,512,stgnn,2,RHOB,-2.4797,0.0678,0.0751,512
W01,blackout-long,512,stgnn,2,NPHI,0.5456,0.0486,0.0534,512
W01,blackout-long,512,stgnn,2,all,0.9969,0.0582,0.0651,1024
W01,blackout-long,512,stgnn,2,all_z,0.3602,0.4329,0.4779,1024
W01,blackout-long,768,stgnn,2,RHOB,-2.1100,0.0859,0.0961,768
W01,blackout-long,768,stgnn,2,NPHI,0.4723,0.0545,0.0600,768
W01,blackout-long,768,stgnn,2,all,0.9955,0.0702,0.0801,1536
W01,blackout-long,768,stgnn,2,all_z,0.3171,0.5147,0.5709,1536
W01,blackout-long,1024,stgnn,2,RHOB,-1.8912,0.0985,0.1147,1024
W01,blackout-long,1024,stgnn,2,NPHI,0.5282,0.0558,0.0621,1024
W01,blackout-long,1024,stgnn,2,all,0.9940,0.0771,0.0922,2048
W01,blackout-long,1024,stgnn,2,all_z,0.3085,0.5579,0.6381,2048
W01,blackout-long,1536,stgnn,2,RHOB,-2.8623,0.1104,0.1249,1536
W01,blackout-long,1536,stgnn,2,NPHI,0.4350,0.0558,0.0629,1536
W01,blackout-long,1536,stgnn,2,all,0.9932,0.0831,0.0989,3072
W01,blackout-long,1536,stgnn,2,all_z,0.1927,0.5935,0.6743,3072
W01,blackout-long,2048,stgnn,2,RHOB,-2.9883,0.1128,0.1265,2048
W01,blackout-long,2048,stgnn,2,NPHI,0.2254,0.0606,0.0702,2048
W01,blackout-long,2048,stgnn,2,all,0.9928,0.0867,0.1023,4096
W01,blackout-long,2048,stgnn,2,all_z,0.1675,0.6235,0.7110,4096
W04,profile-long,256,stgnn,2,GR,-21.8914,25.3630,26.6155,256
W04,profile-long,256,stgnn,2,RHOB,-0.3209,0.0422,0.0502,256
W04,profile-long,256,stgnn,2,NPHI,0.4606,0.0158,0.0209,256
W04,profile-long,256,stgnn,2,all,-1.1612,8.4737,15.3665,768
W04,profile-long,256,stgnn,2,all_z,0.4771,0.3745,0.4714,768
W04,profile-long,384,stgnn,2,GR,-5.4517,25.2431,27.1895,384
W04,profile-long,384,stgnn,2,RHOB,0.3876,0.0397,0.0509,384
W04,profile-long,384,stgnn,2,NPHI,0.5922,0.0279,0.0387,384
W04,profile-long,384,stgnn,2,all,-0.3355,8.4369,15.6979,1152
W04,profile-long,384,stgnn,2,all_z,0.4402,0.4084,0.5162,1152
W04,profile-long,512,stgnn,2,GR,-6.6811,26.3929,30.8143,512
W04,profile-long,512,stgnn,2,RHOB,0.6952,0.0421,0.0538,512
W04,profile-long,512,stgnn,2,NPHI,0.6987,0.0349,0.0470,512
W04,profile-long,512,stgnn,2,all,-0.5785,8.8233,17.7907,1536
W04,profile-long,512,stgnn,2,all_z,0.3844,0.4473,0.5876,1536
W04,profile-long,768,stgnn,2,GR,-11.0131,29.7663,36.7779,768
W04,profile-long,768,stgnn,2,RHOB,0.6301,0.0461,0.0632,768
W04,profile-long,768,stgnn,2,NPHI,0.6174,0.0437,0.0584,768
W04,profile-long,768,stgnn,2,all,-1.2009,9.9521,21.2338,2304
W04,profile-long,768,stgnn,2,all_z,0.1618,0.5161,0.7062,2304
W04,profile-long,1024,stgnn,2,GR,-7.3508,31.6557,38.4553,1024
W04,profile-long,1024,stgnn,2,RHOB,0.5765,0.0673,0.0983,1024
W04,profile-long,1024,stgnn,2,NPHI,0.6719,0.0428,0.0565,1024
W04,profile-long,1024,stgnn,2,all,-0.9541,10.5886,22.2023,3072
W04,profile-long,1024,stgnn,2,all_z,0.2142,0.5776,0.7796,3072
W04,profile-long,1536,stgnn,2,GR,-4.4875,29.3256,35.6776,1536
W04,profile-long,1536,stgnn,2,RHOB,0.4992,0.0830,0.1153,1536
W04,profile-long,1536,stgnn,2,NPHI,0.7122,0.0421,0.0551,1536
W04,profile-long,1536,stgnn,2,all,-0.2966,9.8169,20.5986,4608
W04,profile-long,1536,stgnn,2,all_z,0.3310,0.5899,0.7800,4608
W04,profile-long,2048,stgnn,2,GR,-2.0716,28.9370,34.8445,2048
W04,profile-long,2048,stgnn,2,RHOB,0.4332,0.0910,0.1217,2048
W04,profile-long,2048,stgnn,2,NPHI,0.7243,0.0450,0.0571,2048
W04,profile-long,2048,stgnn,2,all,0.1338,9.6910,20.1176,6144
W04,profile-long,2048,stgnn,2,all_z,0.4380,0.6141,0.7909,6144
W04,blackout-long,256,stgnn,2,RHOB,-0.6196,0.0465,0.0556,256
W04,blackout-long,256,stgnn,2,NPHI,-0.4171,0.0289,0.0338,256
W04,blackout-long,256,stgnn,2,all,0.9986,0.0377,0.0460,512
W04,blackout-long,256,stgnn,2,all_z,0.7292,0.3022,0.3583,512
W04,blackout-long,384,stgnn,2,RHOB,-0.2362,0.0580,0.0724,384
W04,blackout-long,384,stgnn,2,NPHI,-0.0179,0.0481,0.0611,384
W04,blackout-long,384,stgnn,2,all,0.9970,0.0530,0.0670,768
W04,blackout-long,384,stgnn,2,all_z,0.4459,0.4378,0.5554,768
W04,blackout-long,512,stgnn,2,RHOB,-0.0604,0.0730,0.1003,512
W04,blackout-long,512,stgnn,2,NPHI,0.1053,0.0604,0.0810,512
W04,blackout-long,512,stgnn,2,all,0.9943,0.0667,0.0912,1024
W04,blackout-long,512,stgnn,2,all_z,0.1848,0.5504,0.7496,1024
W04,blackout-long,768,stgnn,2,RHOB,-0.0880,0.0773,0.1084,768
W04,blackout-long,768,stgnn,2,NPHI,0.0354,0.0695,0.0927,768
W04,blackout-long,768,stgnn,2,all,0.9928,0.0734,0.1009,1536
W04,blackout-long,768,stgnn,2,all_z,0.0506,0.6107,0.8386,1536
W04,blackout-long,1024,stgnn,2,RHOB,-0.2479,0.1171,0.1687,1024
W04,blackout-long,1024,stgnn,2,NPHI,-0.0278,0.0791,0.1000,1024
W04,blackout-long,1024,stgnn,2,all,0.9857,0.0981,0.1387,2048
W04,blackout-long,1024,stgnn,2,all_z,-0.1324,0.7937,1.0750,2048
W04,blackout-long,1536,stgnn,2,RHOB,-0.4883,0.1481,0.1987,1536
W04,blackout-long,1536,stgnn,2,NPHI,-0.0280,0.0849,0.1041,1536
W04,blackout-long,1536,stgnn,2,all,0.9803,0.1165,0.1586,3072
W04,blackout-long,1536,stgnn,2,all_z,-0.1712,0.9274,1.2039,3072
W04,blackout-long,2048,stgnn,2,RHOB,-0.7600,0.1698,0.2145,2048
W04,blackout-long,2048,stgnn,2,NPHI,-0.0087,0.0912,0.1093,2048
W04,blackout-long,2048,stgnn,2,all,0.9761,0.1305,0.1702,4096
W04,blackout-long,2048,stgnn,2,all_z,-0.0969,1.0325,1.2865,4096
W01,profile-long,256,unet,0,GR,0.7600,10.5372,12.6521,256
W01,profile-long,256,unet,0,RHOB,-1.3948,0.0496,0.0563,256
W01,profile-long,256,unet,0,NPHI,0.7031,0.0332,0.0433,256
W01,profile-long,256,unet,0,all,0.9564,3.5400,7.3048,768
W01,profile-long,256,unet,0,all_z,0.6716,0.3038,0.3708,768
W01,profile-long,384,unet,0,GR,0.8188,9.1392,11.1540,384
W01,profile-long,384,unet,0,RHOB,-0.5813,0.0430,0.0511,384
W01,profile-long,384,unet,0,NPHI,0.7009,0.0337,0.0453,384
W01,profile-long,384,unet,0,all,0.9642,3.0720,6.4399,1152
W01,profile-long,384,unet,0,all_z,0.7187,0.2791,0.3554,1152
W01,profile-long,512,unet,0,GR,0.7678,10.1167,12.2471,512
W01,profile-long,512,unet,0,RHOB,-0.6684,0.0443,0.0520,512
W01,profile-long,512,unet,0,NPHI,0.6759,0.0345,0.0451,512
W01,profile-long,512,unet,0,all,0.9564,3.3985,7.0710,1536
W01,profile-long,512,unet,0,all_z,0.6805,0.2933,0.3658,1536
W01,profile-long,768,unet,0,GR,0.7404,10.6470,13.5575,768
W01,profile-long,768,unet,0,RHOB,0.1156,0.0443,0.0513,768
W01,profile-long,768,unet,0,NPHI,0.7375,0.0322,0.0423,768
W01,profile-long,768,unet,0,all,0.9380,3.5745,7.8275,2304
W01,profile-long,768,unet,0,all_z,0.7359,0.2910,0.3672,2304
W01,profile-long,1024,unet,0,GR,0.7737,11.0676,13.7078,1024
W01,profile-long,1024,unet,0,RHOB,0.3544,0.0468,0.0542,1024
W01,profile-long,1024,unet,0,NPHI,0.7622,0.0338,0.0441,1024
W01,profile-long,1024,unet,0,all,0.9346,3.7160,7.9143,3072
W01,profile-long,1024,unet,0,all_z,0.7668,0.3050,0.3799,3072
W01,profile-long,1536,unet,0,GR,0.3979,17.1242,23.8274,1536
W01,profile-long,1536,unet,0,RHOB,-0.6627,0.0631,0.0819,1536
W01,profile-long,1536,unet,0,NPHI,0.5994,0.0404,0.0530,1536
W01,profile-long,1536,unet,0,all,0.7626,5.7426,13.7568,4608
W01,profile-long,1536,unet,0,all_z,0.5115,0.4162,0.5638,4608
W01,profile-long,2048,unet,0,GR,0.3214,18.0661,24.2709,2048
W01,profile-long,2048,unet,0,RHOB,-0.6465,0.0647,0.0813,2048
W01,profile-long,2048,unet,0,NPHI,0.5708,0.0414,0.0522,2048
W01,profile-long,2048,unet,0,all,0.7249,6.0574,14.0129,6144
W01,profile-long,2048,unet,0,all_z,0.5186,0.4313,0.5657,6144
W01,blackout-long,256,unet,0,RHOB,-11.4340,0.1182,0.1284,256
W01,blackout-long,256,unet,0,NPHI,0.2996,0.0564,0.0665,256
W01,blackout-long,256,unet,0,all,0.9924,0.0873,0.1022,512
W01,blackout-long,256,unet,0,all_z,-0.4334,0.6195,0.7011,512
W01,blackout-long,384,unet,0,RHOB,-8.3290,0.1125,0.1240,384
W01,blackout-long,384,unet,0,NPHI,0.2967,0.0612,0.0694,384
W01,blackout-long,384,unet,0,all,0.9927,0.0868,0.1005,768
W01,blackout-long,384,unet,0,all_z,-0.2706,0.6252,0.6998,768
W01,blackout-long,512,unet,0,RHOB,-8.5269,0.1126,0.1242,512
W01,blackout-long,512,unet,0,NPHI,0.1777,0.0623,0.0718,512
W01,blackout-long,512,unet,0,all,0.9925,0.0875,0.1014,1024
W01,blackout-long,512,unet,0,all_z,-0.4169,0.6313,0.7112,1024
W01,blackout-long,768,unet,0,RHOB,-5.2154,0.1227,0.1359,768
W01,blackout-long,768,unet,0,NPHI,0.2265,0.0626,0.0726,768
W01,blackout-long,768,unet,0,all,0.9916,0.0926,0.1090,1536
W01,blackout-long,768,unet,0,all_z,-0.1834,0.6623,0.7516,1536
W01,blackout-long,1024,unet,0,RHOB,-3.5150,0.1279,0.1433,1024
W01,blackout-long,1024,unet,0,NPHI,0.2738,0.0656,0.0771,1024
W01,blackout-long,1024,unet,0,all,0.9907,0.0967,0.1151,2048
W01,blackout-long,1024,unet,0,all_z,-0.0732,0.6919,0.7949,2048
W01,blackout-long,1536,unet,0,RHOB,-4.2183,0.1309,0.1452,1536
W01,blackout-long,1536,unet,0,NPHI,0.2137,0.0615,0.0742,1536
W01,blackout-long,1536,unet,0,all,0.9908,0.0962,0.1153,3072
W01,blackout-long,1536,unet,0,all_z,-0.1037,0.6814,0.7884,3072
W01,blackout-long,2048,unet,0,RHOB,-4.4490,0.1339,0.1479,2048
W01,blackout-long,2048,unet,0,NPHI,0.0787,0.0646,0.0765,2048
W01,blackout-long,2048,unet,0,all,0.9905,0.0993,0.1177,4096
W01,blackout-long,2048,unet,0,all_z,-0.0726,0.7053,0.8071,4096
W04,profile-long,256,unet,0,GR,-1.3420,6.3599,8.5132,256
W04,profile-long,256,unet,0,RHOB,0.2047,0.0301,0.0390,256
W04,profile-long,256,unet,0,NPHI,0.4146,0.0173,0.0217,256
W04,profile-long,256,unet,0,all,0.7789,2.1358,4.9152,768
W04,profile-long,256,unet,0,all_z,0.8674,0.1824,0.2373,768
W04,profile-long,384,unet,0,GR,-0.3987,9.3242,12.6598,384
W04,profile-long,384,unet,0,RHOB,0.1035,0.0439,0.0616,384
W04,profile-long,384,unet,0,NPHI,0.5913,0.0285,0.0387,384
W04,profile-long,384,unet,0,all,0.7105,3.1322,7.3092,1152
W04,profile-long,384,unet,0,all_z,0.6919,0.2778,0.3829,1152
W04,profile-long,512,unet,0,GR,-0.9912,11.4558,15.6891,512
W04,profile-long,512,unet,0,RHOB,0.2481,0.0604,0.0845,512
W04,profile-long,512,unet,0,NPHI,0.7301,0.0332,0.0445,512
W04,profile-long,512,unet,0,all,0.5908,3.8498,9.0583,1536
W04,profile-long,512,unet,0,all_z,0.5825,0.3496,0.4839,1536
W04,profile-long,768,unet,0,GR,-3.3695,15.6038,22.1807,768
W04,profile-long,768,unet,0,RHOB,0.0369,0.0747,0.1020,768
W04,profile-long,768,unet,0,NPHI,0.6452,0.0414,0.0562,768
W04,profile-long,768,unet,0,all,0.1995,5.2399,12.8062,2304
W04,profile-long,768,unet,0,all_z,0.3572,0.4462,0.6185,2304
W04,profile-long,1024,unet,0,GR,-1.9444,16.4627,22.8345,1024
W04,profile-long,1024,unet,0,RHOB,0.5097,0.0797,0.1057,1024
W04,profile-long,1024,unet,0,NPHI,0.6656,0.0439,0.0570,1024
W04,profile-long,1024,unet,0,all,0.3110,5.5287,13.1837,3072
W04,profile-long,1024,unet,0,all_z,0.4771,0.4734,0.6359,3072
W04,profile-long,1536,unet,0,GR,-1.4224,17.6299,23.7043,1536
W04,profile-long,1536,unet,0,RHOB,0.5660,0.0823,0.1073,1536
W04,profile-long,1536,unet,0,NPHI,0.7046,0.0447,0.0558,1536
W04,profile-long,1536,unet,0,all,0.4276,5.9190,13.6859,4608
W04,profile-long,1536,unet,0,all_z,0.5443,0.4925,0.6437,4608
W04,profile-long,2048,unet,0,GR,-0.6369,18.4593,25.4366,2048
W04,profile-long,2048,unet,0,RHOB,0.5698,0.0832,0.1060,2048
W04,profile-long,2048,unet,0,NPHI,0.7467,0.0442,0.0548,2048
W04,profile-long,2048,unet,0,all,0.5384,6.1956,14.6860,6144
W04,profile-long,2048,unet,0,all_z,0.6165,0.5004,0.6534,6144
W04,blackout-long,256,unet,0,RHOB,-3.7261,0.0858,0.0950,256
W04,blackout-long,256,unet,0,NPHI,-2.1615,0.0440,0.0505,256
W04,blackout-long,256,unet,0,all,0.9962,0.0649,0.0760,512
W04,blackout-long,256,unet,0,all_z,0.2936,0.5110,0.5787,512
W04,blackout-long,384,unet,0,RHOB,-1.8083,0.0977,0.1091,384
W04,blackout-long,384,unet,0,NPHI,-0.4045,0.0598,0.0717,384
W04,blackout-long,384,unet,0,all,0.9943,0.0787,0.0923,768
W04,blackout-long,384,unet,0,all_z,0.0439,0.6309,0.7295,768
W04,blackout-long,512,unet,0,RHOB,-0.4116,0.0985,0.1158,512
W04,blackout-long,512,unet,0,NPHI,-0.0604,0.0702,0.0882,512
W04,blackout-long,512,unet,0,all,0.9927,0.0843,0.1029,1024
W04,blackout-long,512,unet,0,all_z,-0.0148,0.6859,0.8364,1024
W04,blackout-long,768,unet,0,RHOB,-0.1596,0.0936,0.1120,768
W04,blackout-long,768,unet,0,NPHI,-0.0043,0.0770,0.0946,768
W04,blackout-long,768,unet,0,all,0.9924,0.0853,0.1036,1536
W04,blackout-long,768,unet,0,all_z,0.0026,0.7039,0.8596,1536
W04,blackout-long,1024,unet,0,RHOB,-0.0007,0.1179,0.1511,1024
W04,blackout-long,1024,unet,0,NPHI,-0.0181,0.0828,0.0995,1024
W04,blackout-long,1024,unet,0,all,0.9878,0.1004,0.1279,2048
W04,blackout-long,1024,unet,0,all_z,-0.0016,0.8152,1.0110,2048
W04,blackout-long,1536,unet,0,RHOB,-0.1554,0.1386,0.1751,1536
W04,blackout-long,1536,unet,0,NPHI,-0.0110,0.0869,0.1032,1536
W04,blackout-long,1536,unet,0,all,0.9838,0.1128,0.1437,3072
W04,blackout-long,1536,unet,0,all_z,-0.0010,0.9054,1.1130,3072
W04,blackout-long,2048,unet,0,RHOB,-0.3094,0.1500,0.1850,2048
W04,blackout-long,2048,unet,0,NPHI,0.0198,0.0917,0.1077,2048
W04,blackout-long,2048,unet,0,all,0.9811,0.1208,0.1514,4096
W04,blackout-long,2048,unet,0,all_z,0.0926,0.9680,1.1701,4096
W01,profile-long,256,unet,1,GR,0.7065,11.8721,13.9895,256
W01,profile-long,256,unet,1,RHOB,-2.8323,0.0606,0.0713,256
W01,profile-long,256,unet,1,NPHI,0.5441,0.0413,0.0537,256
W01,profile-long,256,unet,1,all,0.9467,3.9913,8.0770,768
W01,profile-long,256,unet,1,all_z,0.5224,0.3641,0.4471,768
W01,profile-long,384,unet,1,GR,0.7414,10.8982,13.3273,384
W01,profile-long,384,unet,1,RHOB,-1.6348,0.0534,0.0659,384
W01,profile-long,384,unet,1,NPHI,0.6365,0.0362,0.0499,384
W01,profile-long,384,unet,1,all,0.9489,3.6626,7.6947,1152
W01,profile-long,384,unet,1,all_z,0.6113,0.3242,0.4177,1152
W01,profile-long,512,unet,1,GR,0.6754,12.1671,14.4801,512
W01,profile-long,512,unet,1,RHOB,-1.5929,0.0541,0.0648,512
W01,profile-long,512,unet,1,NPHI,0.4644,0.0435,0.0579,512
W01,profile-long,512,unet,1,all,0.9390,4.0882,8.3602,1536
W01,profile-long,512,unet,1,all_z,0.5043,0.3610,0.4556,1536
W01,profile-long,768,unet,1,GR,0.6612,13.1819,15.4877,768
W01,profile-long,768,unet,1,RHOB,-0.4748,0.0569,0.0662,768
W01,profile-long,768,unet,1,NPHI,0.5215,0.0441,0.0571,768
W01,profile-long,768,unet,1,all,0.9191,4.4276,8.9420,2304
W01,profile-long,768,unet,1,all_z,0.5787,0.3780,0.4638,2304
W01,profile-long,1024,unet,1,GR,0.6602,14.4576,16.7983,1024
W01,profile-long,1024,unet,1,RHOB,-0.0430,0.0581,0.0689,1024
W01,profile-long,1024,unet,1,NPHI,0.6164,0.0427,0.0560,1024
W01,profile-long,1024,unet,1,all,0.9018,4.8528,9.6986,3072
W01,profile-long,1024,unet,1,all_z,0.6329,0.3881,0.4766,3072
W01,profile-long,1536,unet,1,GR,0.3646,19.4173,24.4769,1536
W01,profile-long,1536,unet,1,RHOB,-0.7438,0.0687,0.0839,1536
W01,profile-long,1536,unet,1,NPHI,0.4796,0.0469,0.0604,1536
W01,profile-long,1536,unet,1,all,0.7495,6.5109,14.1319,4608
W01,profile-long,1536,unet,1,all_z,0.4536,0.4695,0.5963,4608
W01,profile-long,2048,unet,1,GR,0.2354,20.9656,25.7624,2048
W01,profile-long,2048,unet,1,RHOB,-0.6984,0.0688,0.0826,2048
W01,profile-long,2048,unet,1,NPHI,0.4683,0.0456,0.0581,2048
W01,profile-long,2048,unet,1,all,0.6901,7.0267,14.8740,6144
W01,profile-long,2048,unet,1,all_z,0.4549,0.4803,0.6020,6144
W01,blackout-long,256,unet,1,RHOB,-3.3423,0.0643,0.0759,256
W01,blackout-long,256,unet,1,NPHI,0.5435,0.0455,0.0537,256
W01,blackout-long,256,unet,1,all,0.9968,0.0549,0.0657,512
W01,blackout-long,256,unet,1,all_z,0.3228,0.4077,0.4819,512
W01,blackout-long,384,unet,1,RHOB,-2.4761,0.0580,0.0757,384
W01,blackout-long,384,unet,1,NPHI,0.6621,0.0381,0.0481,384
W01,blackout-long,384,unet,1,all,0.9971,0.0481,0.0634,768
W01,blackout-long,384,unet,1,all_z,0.4656,0.3536,0.4539,768
W01,blackout-long,512,unet,1,RHOB,-5.6897,0.0800,0.1041,512
W01,blackout-long,512,unet,1,NPHI,0.2758,0.0551,0.0674,512
W01,blackout-long,512,unet,1,all,0.9944,0.0676,0.0877,1024
W01,blackout-long,512,unet,1,all_z,-0.1115,0.5001,0.6299,1024
W01,blackout-long,768,unet,1,RHOB,-4.3974,0.0969,0.1267,768
W01,blackout-long,768,unet,1,NPHI,0.1334,0.0634,0.0768,768
W01,blackout-long,768,unet,1,all,0.9922,0.0801,0.1047,1536
W01,blackout-long,768,unet,1,all_z,-0.1535,0.5895,0.7420,1536
W01,blackout-long,1024,unet,1,RHOB,-2.7863,0.1041,0.1313,1024
W01,blackout-long,1024,unet,1,NPHI,0.2022,0.0672,0.0808,1024
W01,blackout-long,1024,unet,1,all,0.9917,0.0857,0.1090,2048
W01,blackout-long,1024,unet,1,all_z,-0.0187,0.6291,0.7745,2048
W01,blackout-long,1536,unet,1,RHOB,-3.3234,0.1075,0.1321,1536
W01,blackout-long,1536,unet,1,NPHI,0.1170,0.0641,0.0786,1536
W01,blackout-long,1536,unet,1,all,0.9918,0.0858,0.1087,3072
W01,blackout-long,1536,unet,1,all_z,-0.0447,0.6247,0.7670,3072
W01,blackout-long,2048,unet,1,RHOB,-3.9586,0.1163,0.1411,2048
W01,blackout-long,2048,unet,1,NPHI,-0.1011,0.0690,0.0837,2048
W01,blackout-long,2048,unet,1,all,0.9908,0.0927,0.1160,4096
W01,blackout-long,2048,unet,1,all_z,-0.1005,0.6741,0.8175,4096
W04,profile-long,256,unet,1,GR,-5.4612,13.3226,14.1402,256
W04,profile-long,256,unet,1,RHOB,-0.5753,0.0484,0.0548,256
W04,profile-long,256,unet,1,NPHI,0.4927,0.0149,0.0202,256
W04,profile-long,256,unet,1,all,0.3900,4.4620,8.1639,768
W04,profile-long,256,unet,1,all_z,0.7475,0.2778,0.3275,768
W04,profile-long,384,unet,1,GR,-1.0409,13.9083,15.2925,384
W04,profile-long,384,unet,1,RHOB,-0.0098,0.0533,0.0654,384
W04,profile-long,384,unet,1,NPHI,0.6490,0.0256,0.0359,384
W04,profile-long,384,unet,1,all,0.5775,4.6624,8.8293,1152
W04,profile-long,384,unet,1,all_z,0.6547,0.3301,0.4054,1152
W04,profile-long,512,unet,1,GR,-1.4484,14.6665,17.3973,512
W04,profile-long,512,unet,1,RHOB,0.5093,0.0540,0.0682,512
W04,profile-long,512,unet,1,NPHI,0.7370,0.0320,0.0439,512
W04,profile-long,512,unet,1,all,0.4969,4.9175,10.0444,1536
W04,profile-long,512,unet,1,all_z,0.6288,0.3598,0.4563,1536
W04,profile-long,768,unet,1,GR,-3.1151,16.6464,21.5254,768
W04,profile-long,768,unet,1,RHOB,0.3424,0.0621,0.0843,768
W04,profile-long,768,unet,1,NPHI,0.6554,0.0400,0.0554,768
W04,profile-long,768,unet,1,all,0.2461,5.5828,12.4278,2304
W04,profile-long,768,unet,1,all_z,0.4583,0.4227,0.5678,2304
W04,profile-long,1024,unet,1,GR,-1.6216,17.2785,21.5466,1024
W04,profile-long,1024,unet,1,RHOB,0.6384,0.0704,0.0908,1024
W04,profile-long,1024,unet,1,NPHI,0.6934,0.0414,0.0546,1024
W04,profile-long,1024,unet,1,all,0.3865,5.7968,12.4401,3072
W04,profile-long,1024,unet,1,all_z,0.5643,0.4517,0.5805,3072
W04,profile-long,1536,unet,1,GR,-0.6544,15.6059,19.5899,1536
W04,profile-long,1536,unet,1,RHOB,0.6970,0.0699,0.0897,1536
W04,profile-long,1536,unet,1,NPHI,0.7338,0.0410,0.0530,1536
W04,profile-long,1536,unet,1,all,0.6091,5.2390,11.3104,4608
W04,profile-long,1536,unet,1,all_z,0.6607,0.4343,0.5555,4608
W04,profile-long,2048,unet,1,GR,0.0864,14.9915,19.0029,2048
W04,profile-long,2048,unet,1,RHOB,0.6859,0.0719,0.0906,2048
W04,profile-long,2048,unet,1,NPHI,0.7704,0.0411,0.0521,2048
W04,profile-long,2048,unet,1,all,0.7424,5.0349,10.9715,6144
W04,profile-long,2048,unet,1,all_z,0.7278,0.4336,0.5504,6144
W04,blackout-long,256,unet,1,RHOB,-1.9154,0.0664,0.0746,256
W04,blackout-long,256,unet,1,NPHI,-0.7307,0.0311,0.0374,256
W04,blackout-long,256,unet,1,all,0.9977,0.0487,0.0590,512
W04,blackout-long,256,unet,1,all_z,0.5831,0.3806,0.4445,512
W04,blackout-long,384,unet,1,RHOB,-0.5906,0.0708,0.0821,384
W04,blackout-long,384,unet,1,NPHI,0.1808,0.0444,0.0548,384
W04,blackout-long,384,unet,1,all,0.9968,0.0576,0.0698,768
W04,blackout-long,384,unet,1,all_z,0.4506,0.4623,0.5530,768
W04,blackout-long,512,unet,1,RHOB,-0.0091,0.0798,0.0979,512
W04,blackout-long,512,unet,1,NPHI,0.1432,0.0593,0.0793,512
W04,blackout-long,512,unet,1,all,0.9945,0.0696,0.0891,1024
W04,blackout-long,512,unet,1,all_z,0.2214,0.5682,0.7326,1024
W04,blackout-long,768,unet,1,RHOB,0.0261,0.0816,0.1026,768
W04,blackout-long,768,unet,1,NPHI,0.0593,0.0690,0.0915,768
W04,blackout-long,768,unet,1,all,0.9934,0.0753,0.0972,1536
W04,blackout-long,768,unet,1,all_z,0.1032,0.6227,0.8151,1536
W04,blackout-long,1024,unet,1,RHOB,-0.0253,0.1110,0.1529,1024
W04,blackout-long,1024,unet,1,NPHI,-0.0183,0.0786,0.0995,1024
W04,blackout-long,1024,unet,1,all,0.9876,0.0948,0.1290,2048
W04,blackout-long,1024,unet,1,all_z,-0.0142,0.7707,1.0174,2048
W04,blackout-long,1536,unet,1,RHOB,-0.1614,0.1337,0.1755,1536
W04,blackout-long,1536,unet,1,NPHI,-0.0570,0.0858,0.1055,1536
W04,blackout-long,1536,unet,1,all,0.9836,0.1098,0.1448,3072
W04,blackout-long,1536,unet,1,all_z,-0.0237,0.8837,1.1256,3072
W04,blackout-long,2048,unet,1,RHOB,-0.3159,0.1472,0.1855,2048
W04,blackout-long,2048,unet,1,NPHI,-0.1227,0.0959,0.1153,2048
W04,blackout-long,2048,unet,1,all,0.9803,0.1215,0.1544,4096
W04,blackout-long,2048,unet,1,all_z,0.0334,0.9799,1.2076,4096
W01,profile-long,256,unet,2,GR,0.2535,19.5779,22.3123,256
W01,profile-long,256,unet,2,RHOB,-2.2964,0.0488,0.0661,256
W01,profile-long,256,unet,2,NPHI,0.8107,0.0279,0.0346,256
W01,profile-long,256,unet,2,all,0.8644,6.5515,12.8821,768
W01,profile-long,256,unet,2,all_z,0.4677,0.3714,0.4720,768
W01,profile-long,384,unet,2,GR,0.3277,18.7156,21.4862,384
W01,profile-long,384,unet,2,RHOB,-0.8544,0.0386,0.0553,384
W01,profile-long,384,unet,2,NPHI,0.5632,0.0391,0.0547,384
W01,profile-long,384,unet,2,all,0.8673,6.2644,12.4052,1152
W01,profile-long,384,unet,2,all_z,0.4395,0.3783,0.5016,1152
W01,profile-long,512,unet,2,GR,0.2901,18.5588,21.4139,512
W01,profile-long,512,unet,2,RHOB,-1.2602,0.0445,0.0605,512
W01,profile-long,512,unet,2,NPHI,0.6639,0.0325,0.0459,512
W01,profile-long,512,unet,2,all,0.8666,6.2119,12.3634,1536
W01,profile-long,512,unet,2,all_z,0.4481,0.3679,0.4808,1536
W01,profile-long,768,unet,2,GR,0.1435,19.2265,24.6275,768
W01,profile-long,768,unet,2,RHOB,-0.3211,0.0470,0.0627,768
W01,profile-long,768,unet,2,NPHI,0.7098,0.0318,0.0445,768
W01,profile-long,768,unet,2,all,0.7954,6.4351,14.2187,2304
W01,profile-long,768,unet,2,all_z,0.4700,0.3767,0.5201,2304
W01,profile-long,1024,unet,2,GR,0.3468,18.4845,23.2909,1024
W01,profile-long,1024,unet,2,RHOB,0.1114,0.0492,0.0636,1024
W01,profile-long,1024,unet,2,NPHI,0.7448,0.0330,0.0457,1024
W01,profile-long,1024,unet,2,all,0.8112,6.1889,13.4471,3072
W01,profile-long,1024,unet,2,all_z,0.5833,0.3780,0.5078,3072
W01,profile-long,1536,unet,2,GR,0.2757,21.0454,26.1339,1536
W01,profile-long,1536,unet,2,RHOB,-0.6884,0.0625,0.0826,1536
W01,profile-long,1536,unet,2,NPHI,0.5283,0.0428,0.0575,1536
W01,profile-long,1536,unet,2,all,0.7144,7.0502,15.0885,4608
W01,profile-long,1536,unet,2,all_z,0.4385,0.4598,0.6045,4608
W01,profile-long,2048,unet,2,GR,0.1016,22.8747,27.9263,2048
W01,profile-long,2048,unet,2,RHOB,-0.6554,0.0632,0.0815,2048
W01,profile-long,2048,unet,2,NPHI,0.4999,0.0435,0.0564,2048
W01,profile-long,2048,unet,2,all,0.6358,7.6605,16.1234,6144
W01,profile-long,2048,unet,2,all_z,0.4196,0.4808,0.6212,6144
W01,blackout-long,256,unet,2,RHOB,-28.7655,0.1462,0.1986,256
W01,blackout-long,256,unet,2,NPHI,-1.0442,0.0820,0.1137,256
W01,blackout-long,256,unet,2,all,0.9809,0.1141,0.1618,512
W01,blackout-long,256,unet,2,all_z,-2.7377,0.8247,1.1322,512
W01,blackout-long,384,unet,2,RHOB,-9.9110,0.1016,0.1341,384
W01,blackout-long,384,unet,2,NPHI,0.0525,0.0602,0.0806,384
W01,blackout-long,384,unet,2,all,0.9911,0.0809,0.1106,768
W01,blackout-long,384,unet,2,all_z,-0.5864,0.5882,0.7820,768
W01,blackout-long,512,unet,2,RHOB,-14.5600,0.1157,0.1587,512
W01,blackout-long,512,unet,2,NPHI,-0.4403,0.0718,0.0950,512
W01,blackout-long,512,unet,2,all,0.9876,0.0938,0.1308,1024
W01,blackout-long,512,unet,2,all_z,-1.3915,0.6856,0.9239,1024
W01,blackout-long,768,unet,2,RHOB,-8.1516,0.1307,0.1649,768
W01,blackout-long,768,unet,2,NPHI,-0.3417,0.0770,0.0956,768
W01,blackout-long,768,unet,2,all,0.9872,0.1039,0.1348,1536
W01,blackout-long,768,unet,2,all_z,-0.8734,0.7548,0.9456,1536
W01,blackout-long,1024,unet,2,RHOB,-5.3372,0.1355,0.1698,1024
W01,blackout-long,1024,unet,2,NPHI,-0.1905,0.0814,0.0987,1024
W01,blackout-long,1024,unet,2,all,0.9865,0.1085,0.1389,2048
W01,blackout-long,1024,unet,2,all_z,-0.6140,0.7901,0.9748,2048
W01,blackout-long,1536,unet,2,RHOB,-7.6054,0.1505,0.1864,1536
W01,blackout-long,1536,unet,2,NPHI,-0.4430,0.0803,0.1005,1536
W01,blackout-long,1536,unet,2,all,0.9844,0.1154,0.1498,3072
W01,blackout-long,1536,unet,2,all_z,-0.9024,0.8296,1.0351,3072
W01,blackout-long,2048,unet,2,RHOB,-7.6585,0.1506,0.1864,2048
W01,blackout-long,2048,unet,2,NPHI,-0.6344,0.0814,0.1019,2048
W01,blackout-long,2048,unet,2,all,0.9846,0.1160,0.1502,4096
W01,blackout-long,2048,unet,2,all_z,-0.7851,0.8350,1.0412,4096
W04,profile-long,256,unet,2,GR,-2.7992,9.0950,10.8429,256
W04,profile-long,256,unet,2,RHOB,-0.4267,0.0448,0.0522,256
W04,profile-long,256,unet,2,NPHI,-0.7041,0.0289,0.0371,256
W04,profile-long,256,unet,2,all,0.6413,3.0562,6.2603,768
W04,profile-long,256,unet,2,all_z,0.7273,0.2787,0.3404,768
W04,profile-long,384,unet,2,GR,-0.9607,11.9292,14.9891,384
W04,profile-long,384,unet,2,RHOB,0.1242,0.0477,0.0609,384
W04,profile-long,384,unet,2,NPHI,0.4990,0.0343,0.0428,384
W04,profile-long,384,unet,2,all,0.5941,4.0037,8.6541,1152
W04,profile-long,384,unet,2,all_z,0.6385,0.3288,0.4148,1152
W04,profile-long,512,unet,2,GR,-3.4959,17.8389,23.5747,512
W04,profile-long,512,unet,2,RHOB,0.5614,0.0525,0.0645,512
W04,profile-long,512,unet,2,NPHI,0.6283,0.0397,0.0522,512
W04,profile-long,512,unet,2,all,0.0761,5.9770,13.6110,1536
W04,profile-long,512,unet,2,all_z,0.4865,0.4104,0.5367,1536
W04,profile-long,768,unet,2,GR,-6.3045,21.0602,28.6783,768
W04,profile-long,768,unet,2,RHOB,0.5373,0.0545,0.0707,768
W04,profile-long,768,unet,2,NPHI,0.5539,0.0495,0.0630,768
W04,profile-long,768,unet,2,all,-0.3382,7.0547,16.5575,2304
W04,profile-long,768,unet,2,all_z,0.3168,0.4768,0.6376,2304
W04,profile-long,1024,unet,2,GR,-3.0089,19.7153,26.6444,1024
W04,profile-long,1024,unet,2,RHOB,0.6998,0.0648,0.0827,1024
W04,profile-long,1024,unet,2,NPHI,0.6230,0.0481,0.0605,1024
W04,profile-long,1024,unet,2,all,0.0619,6.6094,15.3832,3072
W04,profile-long,1024,unet,2,all_z,0.4862,0.4832,0.6304,3072
W04,profile-long,1536,unet,2,GR,-1.6340,18.8392,24.7183,1536
W04,profile-long,1536,unet,2,RHOB,0.6924,0.0688,0.0903,1536
W04,profile-long,1536,unet,2,NPHI,0.6745,0.0474,0.0585,1536
W04,profile-long,1536,unet,2,all,0.3776,6.3185,14.2712,4608
W04,profile-long,1536,unet,2,all_z,0.5758,0.4820,0.6211,4608
W04,profile-long,2048,unet,2,GR,-0.3534,17.6601,23.1296,2048
W04,profile-long,2048,unet,2,RHOB,0.6467,0.0752,0.0961,2048
W04,profile-long,2048,unet,2,NPHI,0.7188,0.0467,0.0577,2048
W04,profile-long,2048,unet,2,all,0.6183,5.9273,13.3540,6144
W04,profile-long,2048,unet,2,all_z,0.6580,0.4835,0.6170,6144
W04,blackout-long,256,unet,2,RHOB,-2.2204,0.0659,0.0784,256
W04,blackout-long,256,unet,2,NPHI,-2.4228,0.0405,0.0525,256
W04,blackout-long,256,unet,2,all,0.9971,0.0532,0.0667,512
W04,blackout-long,256,unet,2,all_z,0.4094,0.4261,0.5291,512
W04,blackout-long,384,unet,2,RHOB,-0.4200,0.0634,0.0776,384
W04,blackout-long,384,unet,2,NPHI,-0.0348,0.0510,0.0616,384
W04,blackout-long,384,unet,2,all,0.9967,0.0572,0.0700,768
W04,blackout-long,384,unet,2,all_z,0.4083,0.4709,0.5739,768
W04,blackout-long,512,unet,2,RHOB,-0.0456,0.0766,0.0996,512
W04,blackout-long,512,unet,2,NPHI,0.1335,0.0615,0.0797,512
W04,blackout-long,512,unet,2,all,0.9944,0.0691,0.0902,1024
W04,blackout-long,512,unet,2,all_z,0.2047,0.5683,0.7404,1024
W04,blackout-long,768,unet,2,RHOB,-0.0140,0.0809,0.1047,768
W04,blackout-long,768,unet,2,NPHI,0.0731,0.0713,0.0908,768
W04,blackout-long,768,unet,2,all,0.9932,0.0761,0.0980,1536
W04,blackout-long,768,unet,2,all_z,0.0982,0.6318,0.8173,1536
W04,blackout-long,1024,unet,2,RHOB,0.0646,0.1068,0.1461,1024
W04,blackout-long,1024,unet,2,NPHI,0.1087,0.0751,0.0931,1024
W04,blackout-long,1024,unet,2,all,0.9888,0.0909,0.1225,2048
W04,blackout-long,1024,unet,2,all_z,0.0929,0.7387,0.9621,2048
W04,blackout-long,1536,unet,2,RHOB,-0.1813,0.1319,0.1770,1536
W04,blackout-long,1536,unet,2,NPHI,0.0989,0.0805,0.0974,1536
W04,blackout-long,1536,unet,2,all,0.9840,0.1062,0.1429,3072
W04,blackout-long,1536,unet,2,all_z,0.0337,0.8509,1.0935,3072
W04,blackout-long,2048,unet,2,RHOB,-0.4650,0.1527,0.1957,2048
W04,blackout-long,2048,unet,2,NPHI,0.0725,0.0878,0.1048,2048
W04,blackout-long,2048,unet,2,all,0.9797,0.1202,0.1570,4096
W04,blackout-long,2048,unet,2,all_z,0.0521,0.9576,1.1960,4096
W01,profile-long,256,xgb,0,GR,0.8208,9.5292,10.9324,256
W01,profile-long,256,xgb,0,RHOB,0.5921,0.0176,0.0233,256
W01,profile-long,256,xgb,0,NPHI,0.2900,0.0515,0.0670,256
W01,profile-long,256,xgb,0,all,0.9674,3.1995,6.3120,768
W01,profile-long,256,xgb,0,all_z,0.5839,0.2889,0.4173,768
W01,profile-long,384,xgb,0,GR,0.8335,9.1807,10.6915,384
W01,profile-long,384,xgb,0,RHOB,0.3089,0.0211,0.0337,384
W01,profile-long,384,xgb,0,NPHI,0.4141,0.0472,0.0634,384
W01,profile-long,384,xgb,0,all,0.9671,3.0830,6.1729,1152
W01,profile-long,384,xgb,0,all_z,0.6314,0.2789,0.4068,1152
W01,profile-long,512,xgb,0,GR,0.8103,9.3891,11.0684,512
W01,profile-long,512,xgb,0,RHOB,0.3270,0.0212,0.0330,512
W01,profile-long,512,xgb,0,NPHI,0.3930,0.0462,0.0617,512
W01,profile-long,512,xgb,0,all,0.9644,3.1522,6.3905,1536
W01,profile-long,512,xgb,0,all_z,0.6161,0.2778,0.4010,1536
W01,profile-long,768,xgb,0,GR,0.7741,10.2937,12.6472,768
W01,profile-long,768,xgb,0,RHOB,0.5132,0.0259,0.0380,768
W01,profile-long,768,xgb,0,NPHI,0.5289,0.0414,0.0566,768
W01,profile-long,768,xgb,0,all,0.9460,3.4537,7.3020,2304
W01,profile-long,768,xgb,0,all_z,0.6920,0.2804,0.3965,2304
W01,profile-long,1024,xgb,0,GR,0.7670,11.3576,13.9095,1024
W01,profile-long,1024,xgb,0,RHOB,0.5216,0.0317,0.0467,1024
W01,profile-long,1024,xgb,0,NPHI,0.6244,0.0410,0.0554,1024
W01,profile-long,1024,xgb,0,all,0.9327,3.8101,8.0308,3072
W01,profile-long,1024,xgb,0,all_z,0.7240,0.3009,0.4133,3072
W01,profile-long,1536,xgb,0,GR,0.3243,17.8904,25.2413,1536
W01,profile-long,1536,xgb,0,RHOB,-0.3780,0.0490,0.0746,1536
W01,profile-long,1536,xgb,0,NPHI,0.4277,0.0477,0.0633,1536
W01,profile-long,1536,xgb,0,all,0.7336,5.9957,14.5732,4608
W01,profile-long,1536,xgb,0,all_z,0.4477,0.4184,0.5995,4608
W01,profile-long,2048,xgb,0,GR,0.2423,18.8258,25.6457,2048
W01,profile-long,2048,xgb,0,RHOB,-0.4140,0.0534,0.0753,2048
W01,profile-long,2048,xgb,0,NPHI,0.4199,0.0469,0.0607,2048
W01,profile-long,2048,xgb,0,all,0.6929,6.3087,14.8067,6144
W01,profile-long,2048,xgb,0,all_z,0.4637,0.4338,0.5972,6144
W01,blackout-long,256,xgb,0,RHOB,-176.8974,0.4658,0.4856,256
W01,blackout-long,256,xgb,0,NPHI,-4.4169,0.1665,0.1850,256
W01,blackout-long,256,xgb,0,all,0.9013,0.3162,0.3674,512
W01,blackout-long,256,xgb,0,all_z,-15.6701,2.1767,2.3910,512
W01,blackout-long,384,xgb,0,RHOB,-145.1991,0.4689,0.4909,384
W01,blackout-long,384,xgb,0,NPHI,-4.1485,0.1694,0.1878,384
W01,blackout-long,384,xgb,0,all,0.8997,0.3191,0.3716,768
W01,blackout-long,384,xgb,0,all_z,-14.1903,2.1997,2.4197,768
W01,blackout-long,512,xgb,0,RHOB,-142.5673,0.4622,0.4821,512
W01,blackout-long,512,xgb,0,NPHI,-4.5491,0.1695,0.1865,512
W01,blackout-long,512,xgb,0,all,0.9029,0.3158,0.3655,1024
W01,blackout-long,512,xgb,0,all_z,-14.9201,2.1801,2.3838,1024
W01,blackout-long,768,xgb,0,RHOB,-82.6782,0.4795,0.4987,768
W01,blackout-long,768,xgb,0,NPHI,-5.2453,0.1880,0.2063,768
W01,blackout-long,768,xgb,0,all,0.8971,0.3337,0.3816,1536
W01,blackout-long,768,xgb,0,all_z,-12.2424,2.3196,2.5141,1536
W01,blackout-long,1024,xgb,0,RHOB,-56.8559,0.4921,0.5131,1024
W01,blackout-long,1024,xgb,0,NPHI,-4.4301,0.1913,0.2108,1024
W01,blackout-long,1024,xgb,0,all,0.8921,0.3417,0.3922,2048
W01,blackout-long,1024,xgb,0,all_z,-10.3168,2.3725,2.5813,2048
W01,blackout-long,1536,xgb,0,RHOB,-67.4411,0.5074,0.5257,1536
W01,blackout-long,1536,xgb,0,NPHI,-5.5085,0.1966,0.2135,1536
W01,blackout-long,1536,xgb,0,all,0.8881,0.3520,0.4012,3072
W01,blackout-long,1536,xgb,0,all_z,-11.3366,2.4435,2.6358,3072
W01,blackout-long,2048,xgb,0,RHOB,-69.7083,0.5154,0.5326,2048
W01,blackout-long,2048,xgb,0,NPHI,-6.9925,0.2104,0.2254,2048
W01,blackout-long,2048,xgb,0,all,0.8856,0.3629,0.4090,4096
W01,blackout-long,2048,xgb,0,all_z,-11.0430,2.5332,2.7043,4096
W04,profile-long,256,xgb,0,GR,-8.9909,15.5116,17.5833,256
W04,profile-long,256,xgb,0,RHOB,-0.4113,0.0458,0.0519,256
W04,profile-long,256,xgb,0,NPHI,0.1081,0.0213,0.0268,256
W04,profile-long,256,xgb,0,all,0.0568,5.1929,10.1518,768
W04,profile-long,256,xgb,0,all_z,0.6727,0.3130,0.3729,768
W04,profile-long,384,xgb,0,GR,-2.3786,16.6120,19.6758,384
W04,profile-long,384,xgb,0,RHOB,0.1850,0.0482,0.0588,384
W04,profile-long,384,xgb,0,NPHI,0.5953,0.0295,0.0385,384
W04,profile-long,384,xgb,0,all,0.3006,5.5632,11.3599,1152
W04,profile-long,384,xgb,0,all_z,0.5902,0.3557,0.4417,1152
W04,profile-long,512,xgb,0,GR,-2.9410,17.7430,22.0721,512
W04,profile-long,512,xgb,0,RHOB,0.4872,0.0548,0.0698,512
W04,profile-long,512,xgb,0,NPHI,0.7238,0.0347,0.0450,512
W04,profile-long,512,xgb,0,all,0.1901,5.9442,12.7434,1536
W04,profile-long,512,xgb,0,all_z,0.5387,0.3979,0.5087,1536
W04,profile-long,768,xgb,0,GR,-4.9263,19.4335,25.8316,768
W04,profile-long,768,xgb,0,RHOB,0.2120,0.0666,0.0923,768
W04,profile-long,768,xgb,0,NPHI,0.6283,0.0431,0.0575,768
W04,profile-long,768,xgb,0,all,-0.0857,6.5144,14.9140,2304
W04,profile-long,768,xgb,0,all_z,0.3268,0.4680,0.6330,2304
W04,profile-long,1024,xgb,0,GR,-2.7008,19.6829,25.5999,1024
W04,profile-long,1024,xgb,0,RHOB,0.5685,0.0734,0.0992,1024
W04,profile-long,1024,xgb,0,NPHI,0.6656,0.0440,0.0570,1024
W04,profile-long,1024,xgb,0,all,0.1340,6.6001,14.7803,3072
W04,profile-long,1024,xgb,0,all_z,0.4622,0.4886,0.6450,3072
W04,profile-long,1536,xgb,0,GR,-1.4349,18.3002,23.7657,1536
W04,profile-long,1536,xgb,0,RHOB,0.6289,0.0745,0.0992,1536
W04,profile-long,1536,xgb,0,NPHI,0.7171,0.0424,0.0546,1536
W04,profile-long,1536,xgb,0,all,0.4247,6.1390,13.7213,4608
W04,profile-long,1536,xgb,0,all_z,0.5764,0.4732,0.6207,4608
W04,profile-long,2048,xgb,0,GR,-0.3510,17.8381,23.1084,2048
W04,profile-long,2048,xgb,0,RHOB,0.5510,0.0815,0.1083,2048
W04,profile-long,2048,xgb,0,NPHI,0.7410,0.0437,0.0554,2048
W04,profile-long,2048,xgb,0,all,0.6190,5.9878,13.3418,6144
W04,profile-long,2048,xgb,0,all_z,0.6320,0.4892,0.6400,6144
W04,blackout-long,256,xgb,0,RHOB,-151.8660,0.5372,0.5401,256
W04,blackout-long,256,xgb,0,NPHI,-86.6160,0.2638,0.2658,256
W04,blackout-long,256,xgb,0,all,0.8819,0.4005,0.4256,512
W04,blackout-long,256,xgb,0,all_z,-20.5884,3.1423,3.1991,512
W04,blackout-long,384,xgb,0,RHOB,-64.8201,0.5216,0.5281,384
W04,blackout-long,384,xgb,0,NPHI,-17.2598,0.2501,0.2587,384
W04,blackout-long,384,xgb,0,all,0.8854,0.3858,0.4158,768
W04,blackout-long,384,xgb,0,all_z,-16.5221,3.0203,3.1232,768
W04,blackout-long,512,xgb,0,RHOB,-26.2945,0.4977,0.5090,512
W04,blackout-long,512,xgb,0,NPHI,-7.3307,0.2320,0.2471,512
W04,blackout-long,512,xgb,0,all,0.8897,0.3649,0.4001,1024
W04,blackout-long,512,xgb,0,all_z,-12.0669,2.8489,3.0013,1024
W04,blackout-long,768,xgb,0,RHOB,-22.2105,0.4886,0.5009,768
W04,blackout-long,768,xgb,0,NPHI,-5.3769,0.2196,0.2383,768
W04,blackout-long,768,xgb,0,all,0.8918,0.3541,0.3922,1536
W04,blackout-long,768,xgb,0,all_z,-10.6118,2.7558,2.9329,1536
W04,blackout-long,1024,xgb,0,RHOB,-8.3496,0.4359,0.4618,1024
W04,blackout-long,1024,xgb,0,NPHI,-3.8778,0.1956,0.2178,1024
W04,blackout-long,1024,xgb,0,all,0.9028,0.3158,0.3610,2048
W04,blackout-long,1024,xgb,0,all_z,-6.1225,2.4571,2.6960,2048
W04,blackout-long,1536,xgb,0,RHOB,-5.9894,0.3954,0.4306,1536
W04,blackout-long,1536,xgb,0,NPHI,-2.8820,0.1778,0.2022,1536
W04,blackout-long,1536,xgb,0,all,0.9115,0.2866,0.3364,3072
W04,blackout-long,1536,xgb,0,all_z,-4.0929,2.2303,2.5105,3072
W04,blackout-long,2048,xgb,0,RHOB,-5.0481,0.3568,0.3976,2048
W04,blackout-long,2048,xgb,0,NPHI,-1.8667,0.1578,0.1843,2048
W04,blackout-long,2048,xgb,0,all,0.9208,0.2573,0.3099,4096
W04,blackout-long,2048,xgb,0,all_z,-2.5310,1.9993,2.3082,4096
W01,profile-long,256,xgb,1,GR,0.8208,9.5292,10.9324,256
W01,profile-long,256,xgb,1,RHOB,0.5921,0.0176,0.0233,256
W01,profile-long,256,xgb,1,NPHI,0.2900,0.0515,0.0670,256
W01,profile-long,256,xgb,1,all,0.9674,3.1995,6.3120,768
W01,profile-long,256,xgb,1,all_z,0.5839,0.2889,0.4173,768
W01,profile-long,384,xgb,1,GR,0.8335,9.1807,10.6915,384
W01,profile-long,384,xgb,1,RHOB,0.3089,0.0211,0.0337,384
W01,profile-long,384,xgb,1,NPHI,0.4141,0.0472,0.0634,384
W01,profile-long,384,xgb,1,all,0.9671,3.0830,6.1729,1152
W01,profile-long,384,xgb,1,all_z,0.6314,0.2789,0.4068,1152
W01,profile-long,512,xgb,1,GR,0.8103,9.3891,11.0684,512
W01,profile-long,512,xgb,1,RHOB,0.3270,0.0212,0.0330,512
W01,profile-long,512,xgb,1,NPHI,0.3930,0.0462,0.0617,512
W01,profile-long,512,xgb,1,all,0.9644,3.1522,6.3905,1536
W01,profile-long,512,xgb,1,all_z,0.6161,0.2778,0.4010,1536
W01,profile-long,768,xgb,1,GR,0.7741,10.2937,12.6472,768
W01,profile-long,768,xgb,1,RHOB,0.5132,0.0259,0.0380,768
W01,profile-long,768,xgb,1,NPHI,0.5289,0.0414,0.0566,768
W01,profile-long,768,xgb,1,all,0.9460,3.4537,7.3020,2304
W01,profile-long,768,xgb,1,all_z,0.6920,0.2804,0.3965,2304
W01,profile-long,1024,xgb,1,GR,0.7670,11.3576,13.9095,1024
W01,profile-long,1024,xgb,1,RHOB,0.5216,0.0317,0.0467,1024
W01,profile-long,1024,xgb,1,NPHI,0.6244,0.0410,0.0554,1024
W01,profile-long,1024,xgb,1,all,0.9327,3.8101,8.0308,3072
W01,profile-long,1024,xgb,1,all_z,0.7240,0.3009,0.4133,3072
W01,profile-long,1536,xgb,1,GR,0.3243,17.8904,25.2413,1536
W01,profile-long,1536,xgb,1,RHOB,-0.3780,0.0490,0.0746,1536
W01,profile-long,1536,xgb,1,NPHI,0.4277,0.0477,0.0633,1536
W01,profile-long,1536,xgb,1,all,0.7336,5.9957,14.5732,4608
W01,profile-long,1536,xgb,1,all_z,0.4477,0.4184,0.5995,4608
W01,profile-long,2048,xgb,1,GR,0.2423,18.8258,25.6457,2048
W01,profile-long,2048,xgb,1,RHOB,-0.4140,0.0534,0.0753,2048
W01,profile-long,2048,xgb,1,NPHI,0.4199,0.0469,0.0607,2048
W01,profile-long,2048,xgb,1,all,0.6929,6.3087,14.8067,6144
W01,profile-long,2048,xgb,1,all_z,0.4637,0.4338,0.5972,6144
W01,blackout-long,256,xgb,1,RHOB,-176.8974,0.4658,0.4856,256
W01,blackout-long,256,xgb,1,NPHI,-4.4169,0.1665,0.1850,256
W01,blackout-long,256,xgb,1,all,0.9013,0.3162,0.3674,512
W01,blackout-long,256,xgb,1,all_z,-15.6701,2.1767,2.3910,512
W01,blackout-long,384,xgb,1,RHOB,-145.1991,0.4689,0.4909,384
W01,blackout-long,384,xgb,1,NPHI,-4.1485,0.1694,0.1878,384
W01,blackout-long,384,xgb,1,all,0.8997,0.3191,0.3716,768
W01,blackout-long,384,xgb,1,all_z,-14.1903,2.1997,2.4197,768
W01,blackout-long,512,xgb,1,RHOB,-142.5673,0.4622,0.4821,512
W01,blackout-long,512,xgb,1,NPHI,-4.5491,0.1695,0.1865,512
W01,blackout-long,512,xgb,1,all,0.9029,0.3158,0.3655,1024
W01,blackout-long,512,xgb,1,all_z,-14.9201,2.1801,2.3838,1024
W01,blackout-long,768,xgb,1,RHOB,-82.6782,0.4795,0.4987,768
W01,blackout-long,768,xgb,1,NPHI,-5.2453,0.1880,0.2063,768
W01,blackout-long,768,xgb,1,all,0.8971,0.3337,0.3816,1536
W01,blackout-long,768,xgb,1,all_z,-12.2424,2.3196,2.5141,1536
W01,blackout-long,1024,xgb,1,RHOB,-56.8559,0.4921,0.5131,1024
W01,blackout-long,1024,xgb,1,NPHI,-4.4301,0.1913,0.2108,1024
W01,blackout-long,1024,xgb,1,all,0.8921,0.3417,0.3922,2048
W01,blackout-long,1024,xgb,1,all_z,-10.3168,2.3725,2.5813,2048
W01,blackout-long,1536,xgb,1,RHOB,-67.4411,0.5074,0.5257,1536
W01,blackout-long,1536,xgb,1,NPHI,-5.5085,0.1966,0.2135,1536
W01,blackout-long,1536,xgb,1,all,0.8881,0.3520,0.4012,3072
W01,blackout-long,1536,xgb,1,all_z,-11.3366,2.4435,2.6358,3072
W01,blackout-long,2048,xgb,1,RHOB,-69.7083,0.5154,0.5326,2048
W01,blackout-long,2048,xgb,1,NPHI,-6.9925,0.2104,0.2254,2048
W01,blackout-long,2048,xgb,1,all,0.8856,0.3629,0.4090,4096
W01,blackout-long,2048,xgb,1,all_z,-11.0430,2.5332,2.7043,4096
W04,profile-long,256,xgb,1,GR,-8.9909,15.5116,17.5833,256
W04,profile-long,256,xgb,1,RHOB,-0.4113,0.0458,0.0519,256
W04,profile-long,256,xgb,1,NPHI,0.1081,0.0213,0.0268,256
W04,profile-long,256,xgb,1,all,0.0568,5.1929,10.1518,768
W04,profile-long,256,xgb,1,all_z,0.6727,0.3130,0.3729,768
W04,profile-long,384,xgb,1,GR,-2.3786,16.6120,19.6758,384
W04,profile-long,384,xgb,1,RHOB,0.1850,0.0482,0.0588,384
W04,profile-long,384,xgb,1,NPHI,0.5953,0.0295,0.0385,384
W04,profile-long,384,xgb,1,all,0.3006,5.5632,11.3599,1152
W04,profile-long,384,xgb,1,all_z,0.5902,0.3557,0.4417,1152
W04,profile-long,512,xgb,1,GR,-2.9410,17.7430,22.0721,512
W04,profile-long,512,xgb,1,RHOB,0.4872,0.0548,0.0698,512
W04,profile-long,512,xgb,1,NPHI,0.7238,0.0347,0.0450,512
W04,profile-long,512,xgb,1,all,0.1901,5.9442,12.7434,1536
W04,profile-long,512,xgb,1,all_z,0.5387,0.3979,0.5087,1536
W04,profile-long,768,xgb,1,GR,-4.9263,19.4335,25.8316,768
W04,profile-long,768,xgb,1,RHOB,0.2120,0.0666,0.0923,768
W04,profile-long,768,xgb,1,NPHI,0.6283,0.0431,0.0575,768
W04,profile-long,768,xgb,1,all,-0.0857,6.5144,14.9140,2304
W04,profile-long,768,xgb,1,all_z,0.3268,0.4680,0.6330,2304
W04,profile-long,1024,xgb,1,GR,-2.7008,19.6829,25.5999,1024
W04,profile-long,1024,xgb,1,RHOB,0.5685,0.0734,0.0992,1024
W04,profile-long,1024,xgb,1,NPHI,0.6656,0.0440,0.0570,1024
W04,profile-long,1024,xgb,1,all,0.1340,6.6001,14.7803,3072
W04,profile-long,1024,xgb,1,all_z,0.4622,0.4886,0.6450,3072
W04,profile-long,1536,xgb,1,GR,-1.4349,18.3002,23.7657,1536
W04,profile-long,1536,xgb,1,RHOB,0.6289,0.0745,0.0992,1536
W04,profile-long,1536,xgb,1,NPHI,0.7171,0.0424,0.0546,1536
W04,profile-long,1536,xgb,1,all,0.4247,6.1390,13.7213,4608
W04,profile-long,1536,xgb,1,all_z,0.5764,0.4732,0.6207,4608
W04,profile-long,2048,xgb,1,GR,-0.3510,17.8381,23.1084,2048
W04,profile-long,2048,xgb,1,RHOB,0.5510,0.0815,0.1083,2048
W04,profile-long,2048,xgb,1,NPHI,0.7410,0.0437,0.0554,2048
W04,profile-long,2048,xgb,1,all,0.6190,5.9878,13.3418,6144
W04,profile-long,2048,xgb,1,all_z,0.6320,0.4892,0.6400,6144
W04,blackout-long,256,xgb,1,RHOB,-151.8660,0.5372,0.5401,256
W04,blackout-long,256,xgb,1,NPHI,-86.6160,0.2638,0.2658,256
W04,blackout-long,256,xgb,1,all,0.8819,0.4005,0.4256,512
W04,blackout-long,256,xgb,1,all_z,-20.5884,3.1423,3.1991,512
W04,blackout-long,384,xgb,1,RHOB,-64.8201,0.5216,0.5281,384
W04,blackout-long,384,xgb,1,NPHI,-17.2598,0.2501,0.2587,384
W04,blackout-long,384,xgb,1,all,0.8854,0.3858,0.4158,768
W04,blackout-long,384,xgb,1,all_z,-16.5221,3.0203,3.1232,768
W04,blackout-long,512,xgb,1,RHOB,-26.2945,0.4977,0.5090,512
W04,blackout-long,512,xgb,1,NPHI,-7.3307,0.2320,0.2471,512
W04,blackout-long,512,xgb,1,all,0.8897,0.3649,0.4001,1024
W04,blackout-long,512,xgb,1,all_z,-12.0669,2.8489,3.0013,1024
W04,blackout-long,768,xgb,1,RHOB,-22.2105,0.4886,0.5009,768
W04,blackout-long,768,xgb,1,NPHI,-5.3769,0.2196,0.2383,768
W04,blackout-long,768,xgb,1,all,0.8918,0.3541,0.3922,1536
W04,blackout-long,768,xgb,1,all_z,-10.6118,2.7558,2.9329,1536
W04,blackout-long,1024,xgb,1,RHOB,-8.3496,0.4359,0.4618,1024
W04,blackout-long,1024,xgb,1,NPHI,-3.8778,0.1956,0.2178,1024
W04,blackout-long,1024,xgb,1,all,0.9028,0.3158,0.3610,2048
W04,blackout-long,1024,xgb,1,all_z,-6.1225,2.4571,2.6960,2048
W04,blackout-long,1536,xgb,1,RHOB,-5.9894,0.3954,0.4306,1536
W04,blackout-long,1536,xgb,1,NPHI,-2.8820,0.1778,0.2022,1536
W04,blackout-long,1536,xgb,1,all,0.9115,0.2866,0.3364,3072
W04,blackout-long,1536,xgb,1,all_z,-4.0929,2.2303,2.5105,3072
W04,blackout-long,2048,xgb,1,RHOB,-5.0481,0.3568,0.3976,2048
W04,blackout-long,2048,xgb,1,NPHI,-1.8667,0.1578,0.1843,2048
W04,blackout-long,2048,xgb,1,all,0.9208,0.2573,0.3099,4096
W04,blackout-long,2048,xgb,1,all_z,-2.5310,1.9993,2.3082,4096
W01,profile-long,256,xgb,2,GR,0.8208,9.5292,10.9324,256
W01,profile-long,256,xgb,2,RHOB,0.5921,0.0176,0.0233,256
W01,profile-long,256,xgb,2,NPHI,0.2900,0.0515,0.0670,256
W01,profile-long,256,xgb,2,all,0.9674,3.1995,6.3120,768
W01,profile-long,256,xgb,2,all_z,0.5839,0.2889,0.4173,768
W01,profile-long,384,xgb,2,GR,0.8335,9.1807,10.6915,384
W01,profile-long,384,xgb,2,RHOB,0.3089,0.0211,0.0337,384
W01,profile-long,384,xgb,2,NPHI,0.4141,0.0472,0.0634,384
W01,profile-long,384,xgb,2,all,0.9671,3.0830,6.1729,1152
W01,profile-long,384,xgb,2,all_z,0.6314,0.2789,0.4068,1152
W01,profile-long,512,xgb,2,GR,0.8103,9.3891,11.0684,512
W01,profile-long,512,xgb,2,RHOB,0.3270,0.0212,0.0330,512
W01,profile-long,512,xgb,2,NPHI,0.3930,0.0462,0.0617,512
W01,profile-long,512,xgb,2,all,0.9644,3.1522,6.3905,1536
W01,profile-long,512,xgb,2,all_z,0.6161,0.2778,0.4010,1536
W01,profile-long,768,xgb,2,GR,0.7741,10.2937,12.6472,768
W01,profile-long,768,xgb,2,RHOB,0.5132,0.0259,0.0380,768
W01,profile-long,768,xgb,2,NPHI,0.5289,0.0414,0.0566,768
W01,profile-long,768,xgb,2,all,0.9460,3.4537,7.3020,2304
W01,profile-long,768,xgb,2,all_z,0.6920,0.2804,0.3965,2304
W01,profile-long,1024,xgb,2,GR,0.7670,11.3576,13.9095,1024
W01,profile-long,1024,xgb,2,RHOB,0.5216,0.0317,0.0467,1024
W01,profile-long,1024,xgb,2,NPHI,0.6244,0.0410,0.0554,1024
W01,profile-long,1024,xgb,2,all,0.9327,3.8101,8.0308,3072
W01,profile-long,1024,xgb,2,all_z,0.7240,0.3009,0.4133,3072
W01,profile-long,1536,xgb,2,GR,0.3243,17.8904,25.2413,1536
W01,profile-long,1536,xgb,2,RHOB,-0.3780,0.0490,0.0746,1536
W01,profile-long,1536,xgb,2,NPHI,0.4277,0.0477,0.0633,1536
W01,profile-long,1536,xgb,2,all,0.7336,5.9957,14.5732,4608
W01,profile-long,1536,xgb,2,all_z,0.4477,0.4184,0.5995,4608
W01,profile-long,2048,xgb,2,GR,0.2423,18.8258,25.6457,2048
W01,profile-long,2048,xgb,2,RHOB,-0.4140,0.0534,0.0753,2048
W01,profile-long,2048,xgb,2,NPHI,0.4199,0.0469,0.0607,2048
W01,profile-long,2048,xgb,2,all,0.6929,6.3087,14.8067,6144
W01,profile-long,2048,xgb,2,all_z,0.4637,0.4338,0.5972,6144
W01,blackout-long,256,xgb,2,RHOB,-176.8974,0.4658,0.4856,256
W01,blackout-long,256,xgb,2,NPHI,-4.4169,0.1665,0.1850,256
W01,blackout-long,256,xgb,2,all,0.9013,0.3162,0.3674,512
W01,blackout-long,256,xgb,2,all_z,-15.6701,2.1767,2.3910,512
W01,blackout-long,384,xgb,2,RHOB,-145.1991,0.4689,0.4909,384
W01,blackout-long,384,xgb,2,NPHI,-4.1485,0.1694,0.1878,384
W01,blackout-long,384,xgb,2,all,0.8997,0.3191,0.3716,768
W01,blackout-long,384,xgb,2,all_z,-14.1903,2.1997,2.4197,768
W01,blackout-long,512,xgb,2,RHOB,-142.5673,0.4622,0.4821,512
W01,blackout-long,512,xgb,2,NPHI,-4.5491,0.1695,0.1865,512
W01,blackout-long,512,xgb,2,all,0.9029,0.3158,0.3655,1024
W01,blackout-long,512,xgb,2,all_z,-14.9201,2.1801,2.3838,1024
W01,blackout-long,768,xgb,2,RHOB,-82.6782,0.4795,0.4987,768
W01,blackout-long,768,xgb,2,NPHI,-5.2453,0.1880,0.2063,768
W01,blackout-long,768,xgb,2,all,0.8971,0.3337,0.3816,1536
W01,blackout-long,768,xgb,2,all_z,-12.2424,2.3196,2.5141,1536
W01,blackout-long,1024,xgb,2,RHOB,-56.8559,0.4921,0.5131,1024
W01,blackout-long,1024,xgb,2,NPHI,-4.4301,0.1913,0.2108,1024
W01,blackout-long,1024,xgb,2,all,0.8921,0.3417,0.3922,2048
W01,blackout-long,1024,xgb,2,all_z,-10.3168,2.3725,2.5813,2048
W01,blackout-long,1536,xgb,2,RHOB,-67.4411,0.5074,0.5257,1536
W01,blackout-long,1536,xgb,2,NPHI,-5.5085,0.1966,0.2135,1536
W01,blackout-long,1536,xgb,2,all,0.8881,0.3520,0.4012,3072
W01,blackout-long,1536,xgb,2,all_z,-11.3366,2.4435,2.6358,3072
W01,blackout-long,2048,xgb,2,RHOB,-69.7083,0.5154,0.5326,2048
W01,blackout-long,2048,xgb,2,NPHI,-6.9925,0.2104,0.2254,2048
W01,blackout-long,2048,xgb,2,all,0.8856,0.3629,0.4090,4096
W01,blackout-long,2048,xgb,2,all_z,-11.0430,2.5332,2.7043,4096
W04,profile-long,256,xgb,2,GR,-8.9909,15.5116,17.5833,256
W04,profile-long,256,xgb,2,RHOB,-0.4113,0.0458,0.0519,256
W04,profile-long,256,xgb,2,NPHI,0.1081,0.0213,0.0268,256
W04,profile-long,256,xgb,2,all,0.0568,5.1929,10.1518,768
W04,profile-long,256,xgb,2,all_z,0.6727,0.3130,0.3729,768
W04,profile-long,384,xgb,2,GR,-2.3786,16.6120,19.6758,384
W04,profile-long,384,xgb,2,RHOB,0.1850,0.0482,0.0588,384
W04,profile-long,384,xgb,2,NPHI,0.5953,0.0295,0.0385,384
W04,profile-long,384,xgb,2,all,0.3006,5.5632,11.3599,1152
W04,profile-long,384,xgb,2,all_z,0.5902,0.3557,0.4417,1152
W04,profile-long,512,xgb,2,GR,-2.9410,17.7430,22.0721,512
W04,profile-long,512,xgb,2,RHOB,0.4872,0.0548,0.0698,512
W04,profile-long,512,xgb,2,NPHI,0.7238,0.0347,0.0450,512
W04,profile-long,512,xgb,2,all,0.1901,5.9442,12.7434,1536
W04,profile-long,512,xgb,2,all_z,0.5387,0.3979,0.5087,1536
W04,profile-long,768,xgb,2,GR,-4.9263,19.4335,25.8316,768
W04,profile-long,768,xgb,2,RHOB,0.2120,0.0666,0.0923,768
W04,profile-long,768,xgb,2,NPHI,0.6283,0.0431,0.0575,768
W04,profile-long,768,xgb,2,all,-0.0857,6.5144,14.9140,2304
W04,profile-long,768,xgb,2,all_z,0.3268,0.4680,0.6330,2304
W04,profile-long,1024,xgb,2,GR,-2.7008,19.6829,25.5999,1024
W04,profile-long,1024,xgb,2,RHOB,0.5685,0.0734,0.0992,1024
W04,profile-long,1024,xgb,2,NPHI,0.6656,0.0440,0.0570,1024
W04,profile-long,1024,xgb,2,all,0.1340,6.6001,14.7803,3072
W04,profile-long,1024,xgb,2,all_z,0.4622,0.4886,0.6450,3072
W04,profile-long,1536,xgb,2,GR,-1.4349,18.3002,23.7657,1536
W04,profile-long,1536,xgb,2,RHOB,0.6289,0.0745,0.0992,1536
W04,profile-long,1536,xgb,2,NPHI,0.7171,0.0424,0.0546,1536
W04,profile-long,1536,xgb,2,all,0.4247,6.1390,13.7213,4608
W04,profile-long,1536,xgb,2,all_z,0.5764,0.4732,0.6207,4608
W04,profile-long,2048,xgb,2,GR,-0.3510,17.8381,23.1084,2048
W04,profile-long,2048,xgb,2,RHOB,0.5510,0.0815,0.1083,2048
W04,profile-long,2048,xgb,2,NPHI,0.7410,0.0437,0.0554,2048
W04,profile-long,2048,xgb,2,all,0.6190,5.9878,13.3418,6144
W04,profile-long,2048,xgb,2,all_z,0.6320,0.4892,0.6400,6144
W04,blackout-long,256,xgb,2,RHOB,-151.8660,0.5372,0.5401,256
W04,blackout-long,256,xgb,2,NPHI,-86.6160,0.2638,0.2658,256
W04,blackout-long,256,xgb,2,all,0.8819,0.4005,0.4256,512
W04,blackout-long,256,xgb,2,all_z,-20.5884,3.1423,3.1991,512
W04,blackout-long,384,xgb,2,RHOB,-64.8201,0.5216,0.5281,384
W04,blackout-long,384,xgb,2,NPHI,-17.2598,0.2501,0.2587,384
W04,blackout-long,384,xgb,2,all,0.8854,0.3858,0.4158,768
W04,blackout-long,384,xgb,2,all_z,-16.5221,3.0203,3.1232,768
W04,blackout-long,512,xgb,2,RHOB,-26.2945,0.4977,0.5090,512
W04,blackout-long,512,xgb,2,NPHI,-7.3307,0.2320,0.2471,512
W04,blackout-long,512,xgb,2,all,0.8897,0.3649,0.4001,1024
W04,blackout-long,512,xgb,2,all_z,-12.0669,2.8489,3.0013,1024
W04,blackout-long,768,xgb,2,RHOB,-22.2105,0.4886,0.5009,768
W04,blackout-long,768,xgb,2,NPHI,-5.3769,0.2196,0.2383,768
W04,blackout-long,768,xgb,2,all,0.8918,0.3541,0.3922,1536
W04,blackout-long,768,xgb,2,all_z,-10.6118,2.7558,2.9329,1536
W04,blackout-long,1024,xgb,2,RHOB,-8.3496,0.4359,0.4618,1024
W04,blackout-long,1024,xgb,2,NPHI,-3.8778,0.1956,0.2178,1024
W04,blackout-long,1024,xgb,2,all,0.9028,0.3158,0.3610,2048
W04,blackout-long,1024,xgb,2,all_z,-6.1225,2.4571,2.6960,2048
W04,blackout-long,1536,xgb,2,RHOB,-5.9894,0.3954,0.4306,1536
W04,blackout-long,1536,xgb,2,NPHI,-2.8820,0.1778,0.2022,1536
W04,blackout-long,1536,xgb,2,all,0.9115,0.2866,0.3364,3072
W04,blackout-long,1536,xgb,2,all_z,-4.0929,2.2303,2.5105,3072
W04,blackout-long,2048,xgb,2,RHOB,-5.0481,0.3568,0.3976,2048
W04,blackout-long,2048,xgb,2,NPHI,-1.8667,0.1578,0.1843,2048
W04,blackout-long,2048,xgb,2,all,0.9208,0.2573,0.3099,4096
W04,blackout-long,2048,xgb,2,all_z,-2.5310,1.9993,2.3082,4096
