seed,method,scenario,fold,log,r2,mae
0,ae,blackout,0,GR,0.498709,22.597897
0,ae,blackout,0,NPHI,-0.379759,0.069575
0,ae,blackout,0,RHOB,-0.135351,0.097546
0,ae,blackout,0,all,0.754851,8.628015
0,ae,blackout,1,GR,-0.225049,21.911957
0,ae,blackout,1,NPHI,-3.311223,0.138315
0,ae,blackout,1,RHOB,-4.880786,0.196186
0,ae,blackout,1,all,0.862946,11.039979
0,ae,blackout,2,GR,-0.536837,19.148439
0,ae,blackout,2,NPHI,0.010812,0.069165
0,ae,blackout,2,RHOB,-0.083964,0.125341
0,ae,blackout,2,all,0.868034,7.520947
0,ae,blackout,3,GR,-0.152902,19.468981
0,ae,blackout,3,NPHI,0.406960,0.059943
0,ae,blackout,3,RHOB,0.295532,0.096174
0,ae,blackout,3,all,0.598732,6.489627
0,ae,blackout,4,GR,0.324955,20.247988
0,ae,blackout,4,NPHI,0.164903,0.077754
0,ae,blackout,4,RHOB,0.060365,0.106471
0,ae,blackout,4,all,0.800297,7.223271
0,ae,blackout,5,GR,0.029083,18.192055
0,ae,blackout,5,NPHI,0.420423,0.060209
0,ae,blackout,5,RHOB,0.373627,0.093213
0,ae,blackout,5,all,0.653320,5.913632
0,ae,blackout,6,GR,-3.407760,13.173493
0,ae,blackout,6,NPHI,-2.748980,0.074304
0,ae,blackout,6,RHOB,-0.092285,0.061383
0,ae,blackout,6,all,0.797157,5.694589
0,ae,blackout,7,GR,-2.558851,12.706729
0,ae,blackout,7,NPHI,-0.129705,0.044647
0,ae,blackout,7,RHOB,-0.441200,0.085131
0,ae,blackout,7,all,-0.446052,5.434832
0,ae,blackout,8,GR,0.312708,30.479101
0,ae,blackout,8,NPHI,-2.635755,0.077562
0,ae,blackout,8,RHOB,-0.080286,0.119081
0,ae,blackout,8,all,0.857329,12.464912
0,ae,blackout,9,GR,0.396457,26.629887
0,ae,blackout,9,NPHI,0.277821,0.066676
0,ae,blackout,9,RHOB,-0.510133,0.122822
0,ae,blackout,9,all,0.722396,10.297348
0,ae,blackout,10,GR,0.520236,20.744102
0,ae,blackout,10,NPHI,0.122068,0.063525
0,ae,blackout,10,RHOB,-0.024570,0.097371
0,ae,blackout,10,all,0.784190,8.087334
0,ae,blackout,11,GR,-1.174561,11.912989
0,ae,blackout,11,NPHI,-0.184247,0.063526
0,ae,blackout,11,RHOB,-0.373879,0.094857
0,ae,blackout,11,all,-0.015508,5.003794
0,ae,blackout,12,GR,-0.216523,17.739220
0,ae,blackout,12,NPHI,0.214692,0.067833
0,ae,blackout,12,RHOB,0.258203,0.110279
0,ae,blackout,12,all,0.629770,6.387123
0,ae,blackout,13,GR,0.365178,21.469517
0,ae,blackout,13,NPHI,0.244249,0.070431
0,ae,blackout,13,RHOB,-0.047309,0.097621
0,ae,blackout,13,all,0.836627,7.650932
0,ae,blackout,14,GR,-0.382258,11.184343
0,ae,blackout,14,NPHI,-0.109533,0.048923
0,ae,blackout,14,RHOB,0.141598,0.067866
0,ae,blackout,14,all,0.587368,4.587033
0,ae,blackout,15,GR,0.281329,14.445333
0,ae,blackout,15,NPHI,0.417117,0.061404
0,ae,blackout,15,RHOB,-0.047292,0.080763
0,ae,blackout,15,all,0.730292,5.593222
0,ae,blackout,16,GR,-18.976213,20.213058
0,ae,blackout,16,NPHI,,
0,ae,blackout,16,RHOB,-1.082861,0.059035
0,ae,blackout,16,all,-5.096427,10.136047
0,ae,blackout,17,GR,0.540076,18.023870
0,ae,blackout,17,NPHI,0.242417,0.058517
0,ae,blackout,17,RHOB,-0.068730,0.081560
0,ae,blackout,17,all,0.798547,5.852258
0,ae,blackout,18,GR,-0.964330,36.290592
0,ae,blackout,18,NPHI,0.141623,0.059438
0,ae,blackout,18,RHOB,-0.093769,0.091002
0,ae,blackout,18,all,0.672775,13.729472
0,ae,block,0,GR,0.640257,18.400879
0,ae,block,0,NPHI,-1.837642,0.048464
0,ae,block,0,RHOB,0.023562,0.089026
0,ae,block,0,all,0.834359,7.465921
0,ae,block,1,GR,-0.228360,13.474505
0,ae,block,1,NPHI,-2.441632,0.019783
0,ae,block,1,RHOB,,
0,ae,block,1,all,0.912495,6.747144
0,ae,block,2,GR,-1.372737,15.746578
0,ae,block,2,NPHI,-1.244146,0.090428
0,ae,block,2,RHOB,0.052749,0.098228
0,ae,block,2,all,0.905134,6.196185
0,ae,block,3,GR,0.015453,19.221809
0,ae,block,3,NPHI,0.459310,0.050897
0,ae,block,3,RHOB,0.390532,0.079031
0,ae,block,3,all,0.577652,6.073822
0,ae,block,4,GR,0.564525,16.111517
0,ae,block,4,NPHI,0.447345,0.060352
0,ae,block,4,RHOB,0.179655,0.094692
0,ae,block,4,all,0.859213,4.361181
0,ae,block,5,GR,0.338059,16.552473
0,ae,block,5,NPHI,0.484318,0.052575
0,ae,block,5,RHOB,0.611327,0.073063
0,ae,block,5,all,0.749211,4.949067
0,ae,block,6,GR,-4.052014,11.682197
0,ae,block,6,NPHI,-3.913579,0.080659
0,ae,block,6,RHOB,-0.043819,0.069220
0,ae,block,6,all,0.826073,5.432281
0,ae,block,7,GR,-0.934453,9.093871
0,ae,block,7,NPHI,0.240728,0.054587
0,ae,block,7,RHOB,0.387977,0.053232
0,ae,block,7,all,0.275382,4.335996
0,ae,block,8,GR,-0.346904,48.808662
0,ae,block,8,NPHI,-1.847195,0.064605
0,ae,block,8,RHOB,-0.540473,0.083996
0,ae,block,8,all,0.570758,21.470112
0,ae,block,9,GR,0.710514,13.768270
0,ae,block,9,NPHI,0.196643,0.066472
0,ae,block,9,RHOB,0.372903,0.097691
0,ae,block,9,all,0.885872,5.509633
0,ae,block,10,GR,0.702924,16.364706
0,ae,block,10,NPHI,0.619011,0.061118
0,ae,block,10,RHOB,0.097990,0.103123
0,ae,block,10,all,0.844853,5.832004
0,ae,block,11,GR,-21.781065,20.595774
0,ae,block,11,NPHI,-0.162404,0.049818
0,ae,block,11,RHOB,-0.541193,0.084036
0,ae,block,11,all,-8.348605,9.304909
0,ae,block,12,GR,-0.997147,20.727255
0,ae,block,12,NPHI,0.448378,0.067527
0,ae,block,12,RHOB,0.264388,0.104073
0,ae,block,12,all,0.483455,5.857905
0,ae,block,13,GR,0.715782,13.821117
0,ae,block,13,NPHI,-0.017108,0.064423
0,ae,block,13,RHOB,0.309898,0.069039
0,ae,block,13,all,0.935294,3.984456
0,ae,block,14,GR,-0.915354,8.716017
0,ae,block,14,NPHI,0.011379,0.033315
0,ae,block,14,RHOB,0.569217,0.044520
0,ae,block,14,all,0.524677,3.848512
0,ae,block,15,GR,-0.720828,18.623594
0,ae,block,15,NPHI,0.527374,0.043327
0,ae,block,15,RHOB,-0.172825,0.061138
0,ae,block,15,all,0.661399,6.870019
0,ae,block,16,GR,,
0,ae,block,16,NPHI,-1.350032,0.032891
0,ae,block,16,RHOB,,
0,ae,block,16,all,-1.350032,0.032891
0,ae,block,17,GR,0.568572,16.850269
0,ae,block,17,NPHI,0.432873,0.050852
0,ae,block,17,RHOB,-0.214639,0.076887
0,ae,block,17,all,0.842088,4.697082
0,ae,block,18,GR,0.332922,20.075577
0,ae,block,18,NPHI,0.011264,0.096251
0,ae,block,18,RHOB,-1.001120,0.105421
0,ae,block,18,all,0.866799,9.108693
0,ae,profile,0,GR,-2.256681,45.371998
0,ae,profile,0,NPHI,-1.906044,0.082040
0,ae,profile,0,RHOB,-0.214057,0.111076
0,ae,profile,0,all,0.560889,8.088051
0,ae,profile,1,GR,,
0,ae,profile,1,NPHI,,
0,ae,profile,1,RHOB,-2.535062,0.140437
0,ae,profile,1,all,-2.535062,0.140437
0,ae,profile,2,GR,-2.511598,38.824577
0,ae,profile,2,NPHI,-0.212028,0.071011
0,ae,profile,2,RHOB,-0.003634,0.082929
0,ae,profile,2,all,0.656155,6.195013
0,ae,profile,3,GR,-0.140977,18.268270
0,ae,profile,3,NPHI,0.460223,0.055180
0,ae,profile,3,RHOB,0.414290,0.094623
0,ae,profile,3,all,0.586677,6.229411
0,ae,profile,4,GR,-0.802768,29.572273
0,ae,profile,4,NPHI,0.413222,0.061104
0,ae,profile,4,RHOB,0.066460,0.096584
0,ae,profile,4,all,0.627872,9.560142
0,ae,profile,5,GR,-0.583351,22.522213
0,ae,profile,5,NPHI,0.324715,0.058377
0,ae,profile,5,RHOB,0.496101,0.084563
0,ae,profile,5,all,0.433495,8.249413
0,ae,profile,6,GR,-9.146524,32.453072
0,ae,profile,6,NPHI,-2.409215,0.067170
0,ae,profile,6,RHOB,-0.260908,0.055645
0,ae,profile,6,all,0.581866,3.005057
0,ae,profile,7,GR,,
0,ae,profile,7,NPHI,0.033186,0.038621
0,ae,profile,7,RHOB,0.027240,0.072356
0,ae,profile,7,all,0.995937,0.058862
0,ae,profile,8,GR,-7.601320,78.990753
0,ae,profile,8,NPHI,-2.645475,0.094393
0,ae,profile,8,RHOB,-0.537849,0.159350
0,ae,profile,8,all,0.731311,6.203317
0,ae,profile,9,GR,0.380379,30.015905
0,ae,profile,9,NPHI,0.492967,0.062811
0,ae,profile,9,RHOB,-1.495299,0.108133
0,ae,profile,9,all,0.769911,5.075136
0,ae,profile,10,GR,0.035903,24.503582
0,ae,profile,10,NPHI,0.013404,0.070635
0,ae,profile,10,RHOB,-0.364794,0.109412
0,ae,profile,10,all,0.644053,4.160566
0,ae,profile,11,GR,-16.560307,34.442162
0,ae,profile,11,NPHI,-0.169189,0.064255
0,ae,profile,11,RHOB,0.305888,0.064216
0,ae,profile,11,all,-5.661597,2.929058
0,ae,profile,12,GR,-0.972307,25.054350
0,ae,profile,12,NPHI,0.351543,0.061266
0,ae,profile,12,RHOB,0.540278,0.088606
0,ae,profile,12,all,0.442245,8.258554
0,ae,profile,13,GR,-2.065073,41.605946
0,ae,profile,13,NPHI,0.231556,0.066648
0,ae,profile,13,RHOB,-0.285642,0.082673
0,ae,profile,13,all,0.472223,13.364993
0,ae,profile,14,GR,-8.221570,30.097477
0,ae,profile,14,NPHI,-0.523861,0.043574
0,ae,profile,14,RHOB,0.136236,0.066836
0,ae,profile,14,all,0.334842,2.369727
0,ae,profile,15,GR,0.558402,13.850148
0,ae,profile,15,NPHI,0.496022,0.046655
0,ae,profile,15,RHOB,-0.054356,0.083742
0,ae,profile,15,all,0.802859,2.109474
0,ae,profile,16,GR,,
0,ae,profile,16,NPHI,,
0,ae,profile,16,RHOB,-0.649257,0.062986
0,ae,profile,16,all,-0.649257,0.062986
0,ae,profile,17,GR,0.394035,19.115477
0,ae,profile,17,NPHI,0.310179,0.056270
0,ae,profile,17,RHOB,0.065532,0.084707
0,ae,profile,17,all,0.721157,6.178522
0,ae,profile,18,GR,-3.368420,59.689003
0,ae,profile,18,NPHI,-0.651518,0.086629
0,ae,profile,18,RHOB,-0.353923,0.108038
0,ae,profile,18,all,0.481227,8.045031
0,ae,single,0,GR,0.480726,20.559547
0,ae,single,0,NPHI,-0.088087,0.063019
0,ae,single,0,RHOB,-0.353881,0.093163
0,ae,single,0,all,0.752395,8.713397
0,ae,single,1,GR,-0.046288,18.456287
0,ae,single,1,NPHI,,
0,ae,single,1,RHOB,,
0,ae,single,1,all,-0.046288,18.456287
0,ae,single,2,GR,-0.195722,15.964463
0,ae,single,2,NPHI,-0.277257,0.060443
0,ae,single,2,RHOB,0.478089,0.084042
0,ae,single,2,all,0.913329,6.050903
0,ae,single,3,GR,-0.083983,18.416010
0,ae,single,3,NPHI,0.523767,0.051770
0,ae,single,3,RHOB,0.433484,0.095102
0,ae,single,3,all,0.652250,6.569182
0,ae,single,4,GR,0.289457,16.629175
0,ae,single,4,NPHI,0.462537,0.059583
0,ae,single,4,RHOB,0.252211,0.069491
0,ae,single,4,all,0.815991,6.906201
0,ae,single,5,GR,0.498313,14.048064
0,ae,single,5,NPHI,0.482357,0.051922
0,ae,single,5,RHOB,0.612935,0.070072
0,ae,single,5,all,0.803793,4.518632
0,ae,single,6,GR,-1.813162,10.678777
0,ae,single,6,NPHI,-0.721451,0.044074
0,ae,single,6,RHOB,0.288816,0.050262
0,ae,single,6,all,0.839952,4.968694
0,ae,single,7,GR,-0.367884,8.599085
0,ae,single,7,NPHI,0.181639,0.039016
0,ae,single,7,RHOB,0.625338,0.043452
0,ae,single,7,all,0.484104,3.533827
0,ae,single,8,GR,0.479414,28.419451
0,ae,single,8,NPHI,-1.145786,0.079360
0,ae,single,8,RHOB,-0.194863,0.104826
0,ae,single,8,all,0.798497,11.155676
0,ae,single,9,GR,0.661530,18.467276
0,ae,single,9,NPHI,0.438445,0.054227
0,ae,single,9,RHOB,0.354045,0.073575
0,ae,single,9,all,0.865522,7.381996
0,ae,single,10,GR,0.622040,19.115137
0,ae,single,10,NPHI,-0.233642,0.052601
0,ae,single,10,RHOB,0.706673,0.045855
0,ae,single,10,all,0.853294,8.103483
0,ae,single,11,GR,-11.289059,19.543591
0,ae,single,11,NPHI,0.038384,0.055397
0,ae,single,11,RHOB,0.583062,0.048837
0,ae,single,11,all,-3.378520,8.311995
0,ae,single,12,GR,0.257492,14.794547
0,ae,single,12,NPHI,0.368040,0.060478
0,ae,single,12,RHOB,0.558417,0.083636
0,ae,single,12,all,0.752227,6.197079
0,ae,single,13,GR,0.462635,20.706505
0,ae,single,13,NPHI,0.487976,0.047670
0,ae,single,13,RHOB,-0.207641,0.068208
0,ae,single,13,all,0.863018,8.787247
0,ae,single,14,GR,0.227418,7.812729
0,ae,single,14,NPHI,0.448647,0.029960
0,ae,single,14,RHOB,0.075755,0.067177
0,ae,single,14,all,0.766102,3.078827
0,ae,single,15,GR,0.251177,14.330843
0,ae,single,15,NPHI,0.737281,0.041749
0,ae,single,15,RHOB,0.342011,0.073533
0,ae,single,15,all,0.695877,5.395987
0,ae,single,16,GR,0.193846,4.306258
0,ae,single,16,NPHI,,
0,ae,single,16,RHOB,,
0,ae,single,16,all,0.193846,4.306258
0,ae,single,17,GR,0.709596,14.648158
0,ae,single,17,NPHI,0.453950,0.051115
0,ae,single,17,RHOB,0.177194,0.066202
0,ae,single,17,all,0.865585,5.120111
0,ae,single,18,GR,0.186726,26.575787
0,ae,single,18,NPHI,0.189932,0.041221
0,ae,single,18,RHOB,-2.582595,0.081521
0,ae,single,18,all,0.804762,12.599522
0,brits,blackout,0,GR,0.098335,34.870522
0,brits,blackout,0,NPHI,-0.300526,0.072119
0,brits,blackout,0,RHOB,-0.006543,0.091230
0,brits,blackout,0,all,0.559059,13.285284
0,brits,blackout,1,GR,-2.499549,39.543842
0,brits,blackout,1,NPHI,-1.006090,0.094905
0,brits,blackout,1,RHOB,-0.235309,0.077814
0,brits,blackout,1,all,0.608499,19.814989
0,brits,blackout,2,GR,-1.647814,26.532024
0,brits,blackout,2,NPHI,0.099305,0.062853
0,brits,blackout,2,RHOB,0.048568,0.121478
0,brits,blackout,2,all,0.772642,10.395218
0,brits,blackout,3,GR,-0.534135,24.890265
0,brits,blackout,3,NPHI,0.169008,0.077654
0,brits,blackout,3,RHOB,-0.593170,0.141421
0,brits,blackout,3,all,0.466035,8.303220
0,brits,blackout,4,GR,-0.038159,28.081005
0,brits,blackout,4,NPHI,0.158125,0.080992
0,brits,blackout,4,RHOB,0.024134,0.113455
0,brits,blackout,4,all,0.692879,9.997895
0,brits,blackout,5,GR,-0.450998,23.579502
0,brits,blackout,5,NPHI,0.155922,0.078749
0,brits,blackout,5,RHOB,-0.389632,0.139148
0,brits,blackout,5,all,0.481894,7.671524
0,brits,blackout,6,GR,-2.345605,12.000678
0,brits,blackout,6,NPHI,-8.793163,0.132682
0,brits,blackout,6,RHOB,-0.638365,0.082028
0,brits,blackout,6,all,0.846026,5.216488
0,brits,blackout,7,GR,-21.668209,41.136269
0,brits,blackout,7,NPHI,-4.741508,0.118244
0,brits,blackout,7,RHOB,-0.109507,0.070429
0,brits,blackout,7,all,-8.210493,17.539312
0,brits,blackout,8,GR,-1.603757,62.140663
0,brits,blackout,8,NPHI,-0.490572,0.048243
0,brits,blackout,8,RHOB,-0.260886,0.149193
0,brits,blackout,8,all,0.459507,25.352163
0,brits,blackout,9,GR,0.094969,35.321423
0,brits,blackout,9,NPHI,0.288119,0.073197
0,brits,blackout,9,RHOB,-0.041282,0.111796
0,brits,blackout,9,all,0.583729,13.638630
0,brits,blackout,10,GR,0.136928,32.840385
0,brits,blackout,10,NPHI,0.254549,0.062530
0,brits,blackout,10,RHOB,0.166178,0.089027
0,brits,blackout,10,all,0.611773,12.771892
0,brits,blackout,11,GR,-14.107026,36.948051
0,brits,blackout,11,NPHI,-1.108552,0.084167
0,brits,blackout,11,RHOB,0.091575,0.077790
0,brits,blackout,11,all,-6.054576,15.429777
0,brits,blackout,12,GR,-0.764108,23.859951
0,brits,blackout,12,NPHI,-0.292111,0.090018
0,brits,blackout,12,RHOB,-0.948928,0.174388
0,brits,blackout,12,all,0.463106,8.598955
0,brits,blackout,13,GR,-0.115698,29.686701
0,brits,blackout,13,NPHI,0.039073,0.086942
0,brits,blackout,13,RHOB,-0.080207,0.107021
0,brits,blackout,13,all,0.712876,10.566772
0,brits,blackout,14,GR,-4.690155,27.950993
0,brits,blackout,14,NPHI,-1.972480,0.085259
0,brits,blackout,14,RHOB,-0.569113,0.101661
0,brits,blackout,14,all,-0.698599,11.434191
0,brits,blackout,15,GR,-0.101873,21.948195
0,brits,blackout,15,NPHI,0.193196,0.078817
0,brits,blackout,15,RHOB,-0.199505,0.088034
0,brits,blackout,15,all,0.586484,8.483530
0,brits,blackout,16,GR,-41.137459,30.888979
0,brits,blackout,16,NPHI,,
0,brits,blackout,16,RHOB,0.408430,0.033826
0,brits,blackout,16,all,-11.859555,15.461401
0,brits,blackout,17,GR,0.142954,28.885643
0,brits,blackout,17,NPHI,0.055074,0.070113
0,brits,blackout,17,RHOB,-0.079004,0.084037
0,brits,blackout,17,all,0.624607,9.355216
0,brits,blackout,18,GR,-1.230700,41.631462
0,brits,blackout,18,NPHI,-0.385529,0.084200
0,brits,blackout,18,RHOB,0.080301,0.095147
0,brits,blackout,18,all,0.628402,15.753418
0,brits,block,0,GR,0.252050,29.033230
0,brits,block,0,NPHI,-1.249846,0.048805
0,brits,block,0,RHOB,-0.088871,0.092221
0,brits,block,0,all,0.655615,11.757222
0,brits,block,1,GR,-0.757957,17.313545
0,brits,block,1,NPHI,-51.357944,0.102179
0,brits,block,1,RHOB,,
0,brits,block,1,all,0.874766,8.707863
0,brits,block,2,GR,-1.904399,18.035139
0,brits,block,2,NPHI,-0.276372,0.072376
0,brits,block,2,RHOB,-0.160468,0.121590
0,brits,block,2,all,0.883878,7.090658
0,brits,block,3,GR,-1.162112,30.567572
0,brits,block,3,NPHI,0.476821,0.050359
0,brits,block,3,RHOB,-0.330147,0.112327
0,brits,block,3,all,0.072507,9.644201
0,brits,block,4,GR,0.135011,28.068552
0,brits,block,4,NPHI,0.489271,0.057248
0,brits,block,4,RHOB,0.165074,0.107588
0,brits,block,4,all,0.720368,7.558705
0,brits,block,5,GR,-0.400709,25.249357
0,brits,block,5,NPHI,0.481539,0.055148
0,brits,block,5,RHOB,0.030521,0.122034
0,brits,block,5,all,0.469315,7.545018
0,brits,block,6,GR,-6.877199,14.656058
0,brits,block,6,NPHI,-6.494174,0.107266
0,brits,block,6,RHOB,-1.528207,0.115750
0,brits,block,6,all,0.728806,6.824269
0,brits,block,7,GR,-24.942789,37.074299
0,brits,block,7,NPHI,-0.391049,0.074671
0,brits,block,7,RHOB,-0.972045,0.112237
0,brits,block,7,all,-8.717443,17.610697
0,brits,block,8,GR,-0.313328,49.514259
0,brits,block,8,NPHI,-1.065274,0.051778
0,brits,block,8,RHOB,-1.004122,0.114557
0,brits,block,8,all,0.581458,21.785387
0,brits,block,9,GR,0.162222,26.306358
0,brits,block,9,NPHI,0.562420,0.044496
0,brits,block,9,RHOB,-0.131695,0.132543
0,brits,block,9,all,0.669718,10.486008
0,brits,block,10,GR,0.326732,32.054874
0,brits,block,10,NPHI,0.448466,0.080149
0,brits,block,10,RHOB,0.074409,0.110646
0,brits,block,10,all,0.648399,11.377455
0,brits,block,11,GR,-59.634350,39.947731
0,brits,block,11,NPHI,-0.026887,0.037831
0,brits,block,11,RHOB,0.250486,0.065311
0,brits,block,11,all,-23.882105,18.004845
0,brits,block,12,GR,-1.256510,24.050739
0,brits,block,12,NPHI,0.550362,0.065029
0,brits,block,12,RHOB,-0.577946,0.149020
0,brits,block,12,all,0.416357,6.804128
0,brits,block,13,GR,0.141078,22.967443
0,brits,block,13,NPHI,0.291742,0.055487
0,brits,block,13,RHOB,-0.532877,0.120813
0,brits,block,13,all,0.804460,6.609159
0,brits,block,14,GR,-18.513489,33.242481
0,brits,block,14,NPHI,-5.147000,0.085997
0,brits,block,14,RHOB,-0.755516,0.091311
0,brits,block,14,all,-3.842490,14.644057
0,brits,block,15,GR,-0.174334,14.964487
0,brits,block,15,NPHI,0.430987,0.052385
0,brits,block,15,RHOB,-0.127790,0.061676
0,brits,block,15,all,0.768929,5.529623
0,brits,block,16,GR,,
0,brits,block,16,NPHI,-9.353460,0.077821
0,brits,block,16,RHOB,,
0,brits,block,16,all,-9.353460,0.077821
0,brits,block,17,GR,0.325694,24.762676
0,brits,block,17,NPHI,0.442453,0.052369
0,brits,block,17,RHOB,-0.220883,0.082966
0,brits,block,17,all,0.753192,6.883712
0,brits,block,18,GR,-0.537695,30.803442
0,brits,block,18,NPHI,0.266386,0.086704
0,brits,block,18,RHOB,-0.373559,0.089835
0,brits,block,18,all,0.692962,13.940087
0,brits,profile,0,GR,-0.784854,32.666187
0,brits,profile,0,NPHI,-0.442909,0.066585
0,brits,profile,0,RHOB,-0.194076,0.119208
0,brits,profile,0,all,0.759337,5.844219
0,brits,profile,1,GR,,
0,brits,profile,1,NPHI,,
0,brits,profile,1,RHOB,0.124546,0.074205
0,brits,profile,1,all,0.124546,0.074205
0,brits,profile,2,GR,-1.056589,28.933533
0,brits,profile,2,NPHI,0.216875,0.062195
0,brits,profile,2,RHOB,-0.356165,0.122428
0,brits,profile,2,all,0.798619,4.646188
0,brits,profile,3,GR,-1.872253,33.631767
0,brits,profile,3,NPHI,0.167488,0.069748
0,brits,profile,3,RHOB,-0.969254,0.178318
0,brits,profile,3,all,-0.040489,11.459927
0,brits,profile,4,GR,-0.518646,32.675636
0,brits,profile,4,NPHI,0.326489,0.073074
0,brits,profile,4,RHOB,-0.078420,0.121358
0,brits,profile,4,all,0.686519,10.570574
0,brits,profile,5,GR,-0.758381,26.784832
0,brits,profile,5,NPHI,0.098794,0.073907
0,brits,profile,5,RHOB,-0.592438,0.165738
0,brits,profile,5,all,0.370855,9.834067
0,brits,profile,6,GR,-0.228181,10.806190
0,brits,profile,6,NPHI,-7.479635,0.117090
0,brits,profile,6,RHOB,-5.958173,0.154715
0,brits,profile,6,all,0.949311,1.109349
0,brits,profile,7,GR,,
0,brits,profile,7,NPHI,-2.988615,0.095217
0,brits,profile,7,RHOB,-1.263200,0.124640
0,brits,profile,7,all,0.989319,0.112871
0,brits,profile,8,GR,-14.307827,110.226875
0,brits,profile,8,NPHI,-0.662051,0.064515
0,brits,profile,8,RHOB,-0.478411,0.161542
0,brits,profile,8,all,0.521824,8.598251
0,brits,profile,9,GR,-0.057544,41.664719
0,brits,profile,9,NPHI,0.453774,0.068454
0,brits,profile,9,RHOB,-3.367076,0.139448
0,brits,profile,9,all,0.607294,7.032718
0,brits,profile,10,GR,-0.029447,30.330437
0,brits,profile,10,NPHI,0.391851,0.058988
0,brits,profile,10,RHOB,-0.301638,0.102495
0,brits,profile,10,all,0.619931,5.124170
0,brits,profile,11,GR,-26.786291,45.364773
0,brits,profile,11,NPHI,-0.882881,0.078745
0,brits,profile,11,RHOB,-0.171968,0.085310
0,brits,profile,11,all,-9.540907,3.856410
0,brits,profile,12,GR,-0.641723,24.022705
0,brits,profile,12,NPHI,-0.016734,0.084020
0,brits,profile,12,RHOB,-1.325553,0.197245
0,brits,profile,12,all,0.535697,7.966998
0,brits,profile,13,GR,-0.895605,36.881393
0,brits,profile,13,NPHI,0.182447,0.075672
0,brits,profile,13,RHOB,-0.641130,0.124511
0,brits,profile,13,all,0.673592,11.871085
0,brits,profile,14,GR,-2.508407,18.200449
0,brits,profile,14,NPHI,-4.668549,0.095045
0,brits,profile,14,RHOB,-2.095068,0.139579
0,brits,profile,14,all,0.746801,1.515174
0,brits,profile,15,GR,-0.779852,33.707386
0,brits,profile,15,NPHI,0.147026,0.072558
0,brits,profile,15,RHOB,-0.544059,0.106859
0,brits,profile,15,all,0.205498,5.072011
0,brits,profile,16,GR,,
0,brits,profile,16,NPHI,,
0,brits,profile,16,RHOB,-1.360867,0.080087
0,brits,profile,16,all,-1.360867,0.080087
0,brits,profile,17,GR,-0.058812,31.040775
0,brits,profile,17,NPHI,0.201919,0.064134
0,brits,profile,17,RHOB,-0.264607,0.100602
0,brits,profile,17,all,0.512777,10.010960
0,brits,profile,18,GR,-1.508579,42.385124
0,brits,profile,18,NPHI,-0.176378,0.075748
0,brits,profile,18,RHOB,-0.200184,0.107593
0,brits,profile,18,all,0.702090,5.733983
0,brits,single,0,GR,0.975644,4.712037
0,brits,single,0,NPHI,0.994559,0.004498
0,brits,single,0,RHOB,0.983458,0.010446
0,brits,single,0,all,0.988386,1.991038
0,brits,single,1,GR,0.990563,1.944812
0,brits,single,1,NPHI,,
0,brits,single,1,RHOB,,
0,brits,single,1,all,0.990563,1.944812
0,brits,single,2,GR,0.984399,1.812342
0,brits,single,2,NPHI,0.977009,0.007765
0,brits,single,2,RHOB,0.934864,0.029441
0,brits,single,2,all,0.998869,0.691568
0,brits,single,3,GR,0.983842,1.491872
0,brits,single,3,NPHI,0.997371,0.003330
0,brits,single,3,RHOB,0.997918,0.004721
0,brits,single,3,all,0.994817,0.530953
0,brits,single,4,GR,0.995858,1.069878
0,brits,single,4,NPHI,0.996208,0.004494
0,brits,single,4,RHOB,0.994641,0.005264
0,brits,single,4,all,0.998927,0.444751
0,brits,single,5,GR,0.996336,0.777459
0,brits,single,5,NPHI,0.997652,0.002951
0,brits,single,5,RHOB,0.999119,0.003233
0,brits,single,5,all,0.998567,0.249864
0,brits,single,6,GR,0.986762,0.772009
0,brits,single,6,NPHI,0.991092,0.003110
0,brits,single,6,RHOB,0.997032,0.002227
0,brits,single,6,all,0.999247,0.358919
0,brits,single,7,GR,0.965950,1.233749
0,brits,single,7,NPHI,0.996845,0.002467
0,brits,single,7,RHOB,0.998828,0.002408
0,brits,single,7,all,0.987159,0.505019
0,brits,single,8,GR,0.931052,6.021489
0,brits,single,8,NPHI,0.995985,0.003331
0,brits,single,8,RHOB,0.994696,0.006654
0,brits,single,8,all,0.973312,2.354953
0,brits,single,9,GR,0.996308,1.670244
0,brits,single,9,NPHI,0.999381,0.001931
0,brits,single,9,RHOB,0.996143,0.005317
0,brits,single,9,all,0.998533,0.666234
0,brits,single,10,GR,0.989911,2.807264
0,brits,single,10,NPHI,0.991312,0.004688
0,brits,single,10,RHOB,0.989213,0.009451
0,brits,single,10,all,0.996084,1.189520
0,brits,single,11,GR,0.987861,0.627411
0,brits,single,11,NPHI,0.999445,0.001307
0,brits,single,11,RHOB,0.999069,0.001704
0,brits,single,11,all,0.995675,0.266673
0,brits,single,12,GR,0.991114,0.873241
0,brits,single,12,NPHI,0.997814,0.003393
0,brits,single,12,RHOB,0.998801,0.004101
0,brits,single,12,all,0.997035,0.365506
0,brits,single,13,GR,0.997196,1.287615
0,brits,single,13,NPHI,0.996946,0.003393
0,brits,single,13,RHOB,0.988379,0.006268
0,brits,single,13,all,0.999285,0.547122
0,brits,single,14,GR,0.997450,0.509801
0,brits,single,14,NPHI,0.999225,0.001135
0,brits,single,14,RHOB,0.960806,0.006969
0,brits,single,14,all,0.999228,0.201200
0,brits,single,15,GR,0.987683,0.911171
0,brits,single,15,NPHI,0.996436,0.003729
0,brits,single,15,RHOB,0.997291,0.004420
0,brits,single,15,all,0.994998,0.343360
0,brits,single,16,GR,0.981586,0.634288
0,brits,single,16,NPHI,,
0,brits,single,16,RHOB,,
0,brits,single,16,all,0.981586,0.634288
0,brits,single,17,GR,0.990647,2.273286
0,brits,single,17,NPHI,0.988979,0.005872
0,brits,single,17,RHOB,0.994207,0.005280
0,brits,single,17,all,0.995671,0.792242
0,brits,single,18,GR,0.919564,3.467080
0,brits,single,18,NPHI,0.995191,0.002993
0,brits,single,18,RHOB,0.984116,0.005957
0,brits,single,18,all,0.980690,1.642014
0,gnn,blackout,0,GR,0.470834,24.448702
0,gnn,blackout,0,NPHI,-0.505535,0.077315
0,gnn,blackout,0,RHOB,0.108628,0.085440
0,gnn,blackout,0,all,0.741220,9.329831
0,gnn,blackout,1,GR,-0.630791,24.841238
0,gnn,blackout,1,NPHI,-0.697244,0.077914
0,gnn,blackout,1,RHOB,-0.620381,0.089007
0,gnn,blackout,1,all,0.817559,12.462421
0,gnn,blackout,2,GR,-2.272170,29.508130
0,gnn,blackout,2,NPHI,-0.474036,0.081935
0,gnn,blackout,2,RHOB,0.014220,0.127165
0,gnn,blackout,2,all,0.719031,11.562715
0,gnn,blackout,3,GR,-0.424775,24.131337
0,gnn,blackout,3,NPHI,-0.935399,0.112793
0,gnn,blackout,3,RHOB,-0.255734,0.121109
0,gnn,blackout,3,all,0.504093,8.057286
0,gnn,blackout,4,GR,-0.148702,29.517145
0,gnn,blackout,4,NPHI,-0.144290,0.089697
0,gnn,blackout,4,RHOB,0.028969,0.114355
0,gnn,blackout,4,all,0.660177,10.509098
0,gnn,blackout,5,GR,-0.080830,20.770219
0,gnn,blackout,5,NPHI,0.223019,0.072573
0,gnn,blackout,5,RHOB,-0.237591,0.134214
0,gnn,blackout,5,all,0.614065,6.762640
0,gnn,blackout,6,GR,-1.635553,9.804410
0,gnn,blackout,6,NPHI,-5.173729,0.101134
0,gnn,blackout,6,RHOB,0.045565,0.059133
0,gnn,blackout,6,all,0.878708,4.257531
0,gnn,blackout,7,GR,-57.798563,66.018027
0,gnn,blackout,7,NPHI,-2.484021,0.091493
0,gnn,blackout,7,RHOB,-0.236411,0.080832
0,gnn,blackout,7,all,-22.890728,28.106468
0,gnn,blackout,8,GR,-0.527041,46.465186
0,gnn,blackout,8,NPHI,-0.699996,0.054504
0,gnn,blackout,8,RHOB,-0.020631,0.118022
0,gnn,blackout,8,all,0.683013,18.964940
0,gnn,blackout,9,GR,0.410801,26.655233
0,gnn,blackout,9,NPHI,0.420159,0.054906
0,gnn,blackout,9,RHOB,0.187502,0.092553
0,gnn,blackout,9,all,0.728996,10.294583
0,gnn,blackout,10,GR,0.062172,32.675433
0,gnn,blackout,10,NPHI,0.166132,0.057584
0,gnn,blackout,10,RHOB,0.257273,0.078015
0,gnn,blackout,10,all,0.578147,12.703148
0,gnn,blackout,11,GR,-4.392990,21.205282
0,gnn,blackout,11,NPHI,-0.422638,0.072739
0,gnn,blackout,11,RHOB,0.171747,0.072309
0,gnn,blackout,11,all,-1.518406,8.870478
0,gnn,blackout,12,GR,-0.822995,23.955289
0,gnn,blackout,12,NPHI,-1.144515,0.114102
0,gnn,blackout,12,RHOB,-0.098079,0.123990
0,gnn,blackout,12,all,0.445194,8.624416
0,gnn,blackout,13,GR,-0.710221,36.428988
0,gnn,blackout,13,NPHI,-0.255602,0.097358
0,gnn,blackout,13,RHOB,0.037958,0.104082
0,gnn,blackout,13,all,0.559879,12.954776
0,gnn,blackout,14,GR,-2.786121,21.627725
0,gnn,blackout,14,NPHI,-1.114572,0.072559
0,gnn,blackout,14,RHOB,0.083534,0.074226
0,gnn,blackout,14,all,-0.130215,8.848735
0,gnn,blackout,15,GR,-0.051826,21.013367
0,gnn,blackout,15,NPHI,0.181770,0.078296
0,gnn,blackout,15,RHOB,0.059091,0.074659
0,gnn,blackout,15,all,0.605266,8.120315
0,gnn,blackout,16,GR,-140.273809,57.571584
0,gnn,blackout,16,NPHI,,
0,gnn,blackout,16,RHOB,-11.150244,0.182155
0,gnn,blackout,16,all,-42.114460,28.876870
0,gnn,blackout,17,GR,0.319673,22.796589
0,gnn,blackout,17,NPHI,-0.862410,0.092381
0,gnn,blackout,17,RHOB,-0.402238,0.101518
0,gnn,blackout,17,all,0.702006,7.407641
0,gnn,blackout,18,GR,-0.100415,28.991619
0,gnn,blackout,18,NPHI,-0.348357,0.080393
0,gnn,blackout,18,RHOB,-0.236032,0.097232
0,gnn,blackout,18,all,0.816687,10.986437
0,gnn,block,0,GR,0.501458,20.294598
0,gnn,block,0,NPHI,-2.750390,0.050741
0,gnn,block,0,RHOB,-0.226117,0.101379
0,gnn,block,0,all,0.770450,8.234418
0,gnn,block,1,GR,-1.612743,22.675373
0,gnn,block,1,NPHI,-59.203663,0.108486
0,gnn,block,1,RHOB,,
0,gnn,block,1,all,0.813873,11.391930
0,gnn,block,2,GR,-7.836405,23.149679
0,gnn,block,2,NPHI,-4.567499,0.151352
0,gnn,block,2,RHOB,0.245397,0.095223
0,gnn,block,2,all,0.646720,9.098726
0,gnn,block,3,GR,-0.164047,22.555887
0,gnn,block,3,NPHI,0.057715,0.064815
0,gnn,block,3,RHOB,0.665967,0.058881
0,gnn,block,3,all,0.500653,7.116675
0,gnn,block,4,GR,0.462601,19.908226
0,gnn,block,4,NPHI,0.386901,0.059155
0,gnn,block,4,RHOB,0.166279,0.107719
0,gnn,block,4,all,0.826265,5.380178
0,gnn,block,5,GR,0.030267,19.216225
0,gnn,block,5,NPHI,0.791770,0.033365
0,gnn,block,5,RHOB,0.664933,0.065772
0,gnn,block,5,all,0.632605,5.729249
0,gnn,block,6,GR,-6.436962,13.876209
0,gnn,block,6,NPHI,-3.274118,0.081047
0,gnn,block,6,RHOB,0.211003,0.053327
0,gnn,block,6,all,0.743971,6.440937
0,gnn,block,7,GR,-50.190808,53.061342
0,gnn,block,7,NPHI,0.779732,0.028871
0,gnn,block,7,RHOB,0.496886,0.053019
0,gnn,block,7,all,-18.174500,25.155870
0,gnn,block,8,GR,0.051982,39.238445
0,gnn,block,8,NPHI,-1.583955,0.061629
0,gnn,block,8,RHOB,-0.182891,0.069486
0,gnn,block,8,all,0.697878,17.263506
0,gnn,block,9,GR,0.737899,13.833788
0,gnn,block,9,NPHI,0.807070,0.032615
0,gnn,block,9,RHOB,0.247721,0.107997
0,gnn,block,9,all,0.896668,5.528888
0,gnn,block,10,GR,0.265425,29.072115
0,gnn,block,10,NPHI,0.867622,0.038617
0,gnn,block,10,RHOB,0.417155,0.085606
0,gnn,block,10,all,0.616389,10.304391
0,gnn,block,11,GR,-5.769395,12.436957
0,gnn,block,11,NPHI,0.275225,0.038543
0,gnn,block,11,RHOB,0.326903,0.053740
0,gnn,block,11,all,-1.777960,5.622008
0,gnn,block,12,GR,-0.059374,16.139143
0,gnn,block,12,NPHI,0.661198,0.055197
0,gnn,block,12,RHOB,0.770831,0.056147
0,gnn,block,12,all,0.726006,4.552162
0,gnn,block,13,GR,-0.422678,32.054987
0,gnn,block,13,NPHI,-0.565891,0.077347
0,gnn,block,13,RHOB,-0.009753,0.091110
0,gnn,block,13,all,0.676123,9.190826
0,gnn,block,14,GR,-4.331434,15.608570
0,gnn,block,14,NPHI,-1.321303,0.038950
0,gnn,block,14,RHOB,0.655226,0.043042
0,gnn,block,14,all,-0.323054,6.875591
0,gnn,block,15,GR,-0.113743,14.380408
0,gnn,block,15,NPHI,0.582416,0.038625
0,gnn,block,15,RHOB,0.286318,0.045791
0,gnn,block,15,all,0.780853,5.305779
0,gnn,block,16,GR,,
0,gnn,block,16,NPHI,-10.462425,0.085715
0,gnn,block,16,RHOB,,
0,gnn,block,16,all,-10.462425,0.085715
0,gnn,block,17,GR,0.354379,25.055669
0,gnn,block,17,NPHI,0.215393,0.058805
0,gnn,block,17,RHOB,0.085090,0.075639
0,gnn,block,17,all,0.763692,6.964219
0,gnn,block,18,GR,-0.187768,26.689160
0,gnn,block,18,NPHI,-0.316928,0.113836
0,gnn,block,18,RHOB,-0.916370,0.100479
0,gnn,block,18,all,0.762831,12.095643
0,gnn,profile,0,GR,-0.461362,29.947903
0,gnn,profile,0,NPHI,-1.056333,0.065536
0,gnn,profile,0,RHOB,0.238704,0.082980
0,gnn,profile,0,all,0.802956,5.347104
0,gnn,profile,1,GR,,
0,gnn,profile,1,NPHI,,
0,gnn,profile,1,RHOB,-0.635913,0.092961
0,gnn,profile,1,all,-0.635913,0.092961
0,gnn,profile,2,GR,-0.901228,26.739772
0,gnn,profile,2,NPHI,-0.123823,0.077004
0,gnn,profile,2,RHOB,0.056888,0.101675
0,gnn,profile,2,all,0.813833,4.297302
0,gnn,profile,3,GR,-0.225447,21.201048
0,gnn,profile,3,NPHI,-0.025597,0.077167
0,gnn,profile,3,RHOB,0.702018,0.068409
0,gnn,profile,3,all,0.556081,7.218918
0,gnn,profile,4,GR,-0.135236,24.922425
0,gnn,profile,4,NPHI,0.410752,0.062175
0,gnn,profile,4,RHOB,0.335304,0.087967
0,gnn,profile,4,all,0.765664,8.062642
0,gnn,profile,5,GR,0.239951,15.895047
0,gnn,profile,5,NPHI,0.760441,0.036018
0,gnn,profile,5,RHOB,0.635443,0.072817
0,gnn,profile,5,all,0.728062,5.824914
0,gnn,profile,6,GR,-1.877122,17.104166
0,gnn,profile,6,NPHI,-4.553827,0.093873
0,gnn,profile,6,RHOB,0.254863,0.041220
0,gnn,profile,6,all,0.881421,1.611543
0,gnn,profile,7,GR,,
0,gnn,profile,7,NPHI,0.575802,0.026638
0,gnn,profile,7,RHOB,0.459132,0.056549
0,gnn,profile,7,all,0.997821,0.044585
0,gnn,profile,8,GR,-6.486405,74.189103
0,gnn,profile,8,NPHI,-1.141990,0.070296
0,gnn,profile,8,RHOB,-0.037669,0.109651
0,gnn,profile,8,all,0.766141,5.795961
0,gnn,profile,9,GR,0.627943,20.308050
0,gnn,profile,9,NPHI,0.727527,0.050023
0,gnn,profile,9,RHOB,0.011576,0.067463
0,gnn,profile,9,all,0.861842,3.434112
0,gnn,profile,10,GR,-0.009048,28.461249
0,gnn,profile,10,NPHI,0.629440,0.043866
0,gnn,profile,10,RHOB,0.416191,0.056838
0,gnn,profile,10,all,0.627475,4.786042
0,gnn,profile,11,GR,-1.204549,11.643561
0,gnn,profile,11,NPHI,0.649566,0.033710
0,gnn,profile,11,RHOB,0.669534,0.044460
0,gnn,profile,11,all,0.163598,1.007469
0,gnn,profile,12,GR,0.209980,16.525314
0,gnn,profile,12,NPHI,0.481962,0.059071
0,gnn,profile,12,RHOB,0.678649,0.073196
0,gnn,profile,12,all,0.776584,5.458299
0,gnn,profile,13,GR,-1.041041,38.284939
0,gnn,profile,13,NPHI,0.229394,0.063242
0,gnn,profile,13,RHOB,0.113899,0.080985
0,gnn,profile,13,all,0.648551,12.300573
0,gnn,profile,14,GR,0.528336,5.021651
0,gnn,profile,14,NPHI,0.179726,0.031868
0,gnn,profile,14,RHOB,0.571123,0.043143
0,gnn,profile,14,all,0.965960,0.422636
0,gnn,profile,15,GR,0.205627,20.969415
0,gnn,profile,15,NPHI,0.626459,0.039878
0,gnn,profile,15,RHOB,0.474675,0.060081
0,gnn,profile,15,all,0.645406,3.150277
0,gnn,profile,16,GR,,
0,gnn,profile,16,NPHI,,
0,gnn,profile,16,RHOB,-2.878144,0.118685
0,gnn,profile,16,all,-2.878144,0.118685
0,gnn,profile,17,GR,0.424516,21.622583
0,gnn,profile,17,NPHI,-0.126885,0.073083
0,gnn,profile,17,RHOB,0.396340,0.074738
0,gnn,profile,17,all,0.735184,6.984079
0,gnn,profile,18,GR,-0.294503,28.643575
0,gnn,profile,18,NPHI,-0.914480,0.092687
0,gnn,profile,18,RHOB,-0.332719,0.117721
0,gnn,profile,18,all,0.846262,3.912823
0,gnn,single,0,GR,0.470870,21.787263
0,gnn,single,0,NPHI,-0.716989,0.068909
0,gnn,single,0,RHOB,-0.164147,0.088320
0,gnn,single,0,all,0.747695,9.231929
0,gnn,single,1,GR,-1.224729,25.164680
0,gnn,single,1,NPHI,,
0,gnn,single,1,RHOB,,
0,gnn,single,1,all,-1.224729,25.164680
0,gnn,single,2,GR,-4.672333,34.788039
0,gnn,single,2,NPHI,0.013330,0.062630
0,gnn,single,2,RHOB,0.293954,0.095484
0,gnn,single,2,all,0.588854,13.138398
0,gnn,single,3,GR,-0.102946,19.399616
0,gnn,single,3,NPHI,0.196989,0.066714
0,gnn,single,3,RHOB,0.689407,0.067598
0,gnn,single,3,all,0.646168,6.914057
0,gnn,single,4,GR,0.088967,21.994578
0,gnn,single,4,NPHI,0.224757,0.068153
0,gnn,single,4,RHOB,0.398464,0.071330
0,gnn,single,4,all,0.764071,9.125572
0,gnn,single,5,GR,0.221696,18.549931
0,gnn,single,5,NPHI,0.772025,0.034127
0,gnn,single,5,RHOB,0.535006,0.077021
0,gnn,single,5,all,0.695614,5.950110
0,gnn,single,6,GR,-1.084462,9.380303
0,gnn,single,6,NPHI,-4.896168,0.090730
0,gnn,single,6,RHOB,0.569291,0.035099
0,gnn,single,6,all,0.881405,4.381156
0,gnn,single,7,GR,-46.110122,52.817847
0,gnn,single,7,NPHI,0.425480,0.037774
0,gnn,single,7,RHOB,0.288417,0.062794
0,gnn,single,7,all,-16.766865,21.585767
0,gnn,single,8,GR,0.047879,35.951005
0,gnn,single,8,NPHI,-0.397504,0.066436
0,gnn,single,8,RHOB,-0.113731,0.078503
0,gnn,single,8,all,0.631464,14.086674
0,gnn,single,9,GR,0.646939,18.921122
0,gnn,single,9,NPHI,0.624271,0.057854
0,gnn,single,9,RHOB,0.107943,0.094898
0,gnn,single,9,all,0.859725,7.568709
0,gnn,single,10,GR,0.401392,23.806934
0,gnn,single,10,NPHI,0.320502,0.044267
0,gnn,single,10,RHOB,0.615030,0.052006
0,gnn,single,10,all,0.767651,10.083546
0,gnn,single,11,GR,-2.874013,10.583072
0,gnn,single,11,NPHI,0.383557,0.045926
0,gnn,single,11,RHOB,0.531757,0.053609
0,gnn,single,11,all,-0.380311,4.512121
0,gnn,single,12,GR,0.340886,14.985424
0,gnn,single,12,NPHI,0.546495,0.054321
0,gnn,single,12,RHOB,0.698287,0.071562
0,gnn,single,12,all,0.780057,6.271373
0,gnn,single,13,GR,-0.715716,37.087887
0,gnn,single,13,NPHI,0.297192,0.060028
0,gnn,single,13,RHOB,-0.344125,0.098774
0,gnn,single,13,all,0.562645,15.724950
0,gnn,single,14,GR,-1.825699,15.681572
0,gnn,single,14,NPHI,0.429955,0.033489
0,gnn,single,14,RHOB,0.352267,0.048356
0,gnn,single,14,all,0.144564,6.149506
0,gnn,single,15,GR,0.190685,19.423708
0,gnn,single,15,NPHI,0.653754,0.043779
0,gnn,single,15,RHOB,0.765936,0.044656
0,gnn,single,15,all,0.671312,7.293021
0,gnn,single,16,GR,-69.678171,45.601362
0,gnn,single,16,NPHI,,
0,gnn,single,16,RHOB,,
0,gnn,single,16,all,-69.678171,45.601362
0,gnn,single,17,GR,0.551919,21.705979
0,gnn,single,17,NPHI,0.095676,0.065921
0,gnn,single,17,RHOB,0.178687,0.072560
0,gnn,single,17,all,0.792605,7.575244
0,gnn,single,18,GR,-0.033783,28.205340
0,gnn,single,18,NPHI,-2.913444,0.090294
0,gnn,single,18,RHOB,-1.176749,0.064129
0,gnn,single,18,all,0.751825,13.382647
0,locf,blackout,0,GR,0.375697,22.540602
0,locf,blackout,0,NPHI,-0.004456,0.058344
0,locf,blackout,0,RHOB,-0.835018,0.119297
0,locf,blackout,0,all,0.694694,8.608387
0,locf,blackout,1,GR,-0.928960,27.521576
0,locf,blackout,1,NPHI,-0.078746,0.038627
0,locf,blackout,1,RHOB,-0.501001,0.083298
0,locf,blackout,1,all,0.784203,13.791559
0,locf,blackout,2,GR,-0.974649,20.658631
0,locf,blackout,2,NPHI,-0.332338,0.076214
0,locf,blackout,2,RHOB,-1.319626,0.181947
0,locf,blackout,2,all,0.830434,8.128365
0,locf,blackout,3,GR,-0.536709,20.987410
0,locf,blackout,3,NPHI,0.217535,0.071234
0,locf,blackout,3,RHOB,0.096346,0.105448
0,locf,blackout,3,all,0.465148,6.998579
0,locf,blackout,4,GR,0.378085,17.934722
0,locf,blackout,4,NPHI,0.028079,0.075157
0,locf,blackout,4,RHOB,-0.487266,0.114579
0,locf,blackout,4,all,0.816010,6.406628
0,locf,blackout,5,GR,0.520955,11.068716
0,locf,blackout,5,NPHI,0.292348,0.060832
0,locf,blackout,5,RHOB,0.530786,0.075231
0,locf,blackout,5,all,0.828945,3.612496
0,locf,blackout,6,GR,-0.156992,6.222399
0,locf,blackout,6,NPHI,-0.639001,0.041059
0,locf,blackout,6,RHOB,0.166411,0.054889
0,locf,blackout,6,all,0.946754,2.697410
0,locf,blackout,7,GR,-2.285441,11.721243
0,locf,blackout,7,NPHI,-0.478850,0.049756
0,locf,blackout,7,RHOB,-0.440340,0.078852
0,locf,blackout,7,all,-0.334965,5.016407
0,locf,blackout,8,GR,0.032510,31.012096
0,locf,blackout,8,NPHI,-1.134085,0.055128
0,locf,blackout,8,RHOB,0.246471,0.086020
0,locf,blackout,8,all,0.799166,12.666066
0,locf,blackout,9,GR,0.370933,26.762948
0,locf,blackout,9,NPHI,0.349725,0.061519
0,locf,blackout,9,RHOB,0.459139,0.070768
0,locf,blackout,9,all,0.710659,10.331985
0,locf,blackout,10,GR,0.480851,20.829505
0,locf,blackout,10,NPHI,-0.009076,0.063373
0,locf,blackout,10,RHOB,-1.617854,0.149262
0,locf,blackout,10,all,0.766467,8.135745
0,locf,blackout,11,GR,-1.169426,10.621349
0,locf,blackout,11,NPHI,-0.723012,0.070525
0,locf,blackout,11,RHOB,-0.763227,0.100816
0,locf,blackout,11,all,-0.013129,4.469911
0,locf,blackout,12,GR,-0.036836,16.455128
0,locf,blackout,12,NPHI,0.224703,0.063798
0,locf,blackout,12,RHOB,-0.004919,0.123010
0,locf,blackout,12,all,0.684448,5.931746
0,locf,blackout,13,GR,0.259347,21.997946
0,locf,blackout,13,NPHI,0.135436,0.069666
0,locf,blackout,13,RHOB,-0.491552,0.095608
0,locf,blackout,13,all,0.809391,7.837005
0,locf,blackout,14,GR,0.026056,9.924096
0,locf,blackout,14,NPHI,-0.361021,0.048072
0,locf,blackout,14,RHOB,-0.264174,0.074584
0,locf,blackout,14,all,0.709249,4.075255
0,locf,blackout,15,GR,0.629478,10.034917
0,locf,blackout,15,NPHI,0.539646,0.051933
0,locf,blackout,15,RHOB,0.151129,0.059498
0,locf,blackout,15,all,0.860946,3.889512
0,locf,blackout,16,GR,-0.171986,3.110351
0,locf,blackout,16,NPHI,,
0,locf,blackout,16,RHOB,-0.008853,0.039966
0,locf,blackout,16,all,0.642297,1.575158
0,locf,blackout,17,GR,0.579482,14.988344
0,locf,blackout,17,NPHI,0.279697,0.048603
0,locf,blackout,17,RHOB,0.573751,0.042459
0,locf,blackout,17,all,0.815809,4.858065
0,locf,blackout,18,GR,-0.873055,35.542631
0,locf,blackout,18,NPHI,0.058021,0.061239
0,locf,blackout,18,RHOB,-0.787758,0.113808
0,locf,blackout,18,all,0.687978,13.454035
0,locf,block,0,GR,0.827913,11.277605
0,locf,block,0,NPHI,-0.699950,0.040636
0,locf,block,0,RHOB,-1.000998,0.139955
0,locf,block,0,all,0.920759,4.604473
0,locf,block,1,GR,-0.004084,14.081196
0,locf,block,1,NPHI,-1.281913,0.018304
0,locf,block,1,RHOB,,
0,locf,block,1,all,0.928472,7.049750
0,locf,block,2,GR,-0.376847,12.197793
0,locf,block,2,NPHI,-0.514518,0.057212
0,locf,block,2,RHOB,0.150815,0.099927
0,locf,block,2,all,0.944950,4.803737
0,locf,block,3,GR,0.362780,13.873770
0,locf,block,3,NPHI,0.276431,0.056945
0,locf,block,3,RHOB,0.338904,0.073733
0,locf,block,3,all,0.726641,4.396508
0,locf,block,4,GR,0.527394,15.236534
0,locf,block,4,NPHI,0.142901,0.061265
0,locf,block,4,RHOB,0.174866,0.084842
0,locf,block,4,all,0.847210,4.123664
0,locf,block,5,GR,0.412913,10.718874
0,locf,block,5,NPHI,0.321843,0.050766
0,locf,block,5,RHOB,0.705570,0.059091
0,locf,block,5,all,0.777570,3.214789
0,locf,block,6,GR,-0.437614,5.951661
0,locf,block,6,NPHI,-0.288783,0.032395
0,locf,block,6,RHOB,0.304257,0.053659
0,locf,block,6,all,0.950505,2.769816
0,locf,block,7,GR,0.214553,4.973504
0,locf,block,7,NPHI,-0.849536,0.086673
0,locf,block,7,RHOB,0.037202,0.074494
0,locf,block,7,all,0.705733,2.398283
0,locf,block,8,GR,0.649717,19.407482
0,locf,block,8,NPHI,0.050528,0.035377
0,locf,block,8,RHOB,-0.401115,0.072645
0,locf,block,8,all,0.888369,8.551111
0,locf,block,9,GR,0.464490,16.645531
0,locf,block,9,NPHI,-0.306759,0.079013
0,locf,block,9,RHOB,0.668659,0.068289
0,locf,block,9,all,0.788883,6.645166
0,locf,block,10,GR,0.558610,16.516036
0,locf,block,10,NPHI,0.687858,0.056639
0,locf,block,10,RHOB,0.307209,0.085255
0,locf,block,10,all,0.769492,5.877200
0,locf,block,11,GR,-2.837632,7.290766
0,locf,block,11,NPHI,-0.505487,0.044765
0,locf,block,11,RHOB,-1.091908,0.097906
0,locf,block,11,all,-0.574980,3.320079
0,locf,block,12,GR,-0.986577,20.836079
0,locf,block,12,NPHI,0.494537,0.060941
0,locf,block,12,RHOB,0.386056,0.087294
0,locf,block,12,all,0.486193,5.879529
0,locf,block,13,GR,-0.069648,23.600354
0,locf,block,13,NPHI,0.426914,0.046436
0,locf,block,13,RHOB,0.509625,0.045724
0,locf,block,13,all,0.756493,6.754524
0,locf,block,14,GR,0.774681,3.139438
0,locf,block,14,NPHI,-0.331125,0.038979
0,locf,block,14,RHOB,-0.213759,0.069374
0,locf,block,14,all,0.944056,1.409052
0,locf,block,15,GR,-0.256211,12.138374
0,locf,block,15,NPHI,0.537215,0.037993
0,locf,block,15,RHOB,0.133354,0.050778
0,locf,block,15,all,0.752820,4.484275
0,locf,block,16,GR,,
0,locf,block,16,NPHI,-3.789902,0.050804
0,locf,block,16,RHOB,,
0,locf,block,16,all,-3.789902,0.050804
0,locf,block,17,GR,0.665844,13.191887
0,locf,block,17,NPHI,0.516366,0.040230
0,locf,block,17,RHOB,0.647435,0.032966
0,locf,block,17,all,0.877694,3.667511
0,locf,block,18,GR,0.504334,16.105167
0,locf,block,18,NPHI,0.145169,0.077364
0,locf,block,18,RHOB,-2.611718,0.121622
0,locf,block,18,all,0.901024,7.316003
0,locf,profile,0,GR,-1.177039,35.786949
0,locf,profile,0,NPHI,-0.757187,0.075017
0,locf,profile,0,RHOB,-0.003432,0.107376
0,locf,profile,0,all,0.706460,6.392350
0,locf,profile,1,GR,,
0,locf,profile,1,NPHI,,
0,locf,profile,1,RHOB,-0.055163,0.082601
0,locf,profile,1,all,-0.055163,0.082601
0,locf,profile,2,GR,-1.671358,33.479579
0,locf,profile,2,NPHI,-0.282016,0.076135
0,locf,profile,2,RHOB,-0.241182,0.123164
0,locf,profile,2,all,0.738424,5.370165
0,locf,profile,3,GR,-0.473961,23.705523
0,locf,profile,3,NPHI,-0.382116,0.091716
0,locf,profile,3,RHOB,-0.763196,0.167052
0,locf,profile,3,all,0.466030,8.105328
0,locf,profile,4,GR,-0.694669,34.905756
0,locf,profile,4,NPHI,-0.014010,0.086993
0,locf,profile,4,RHOB,-0.013750,0.118476
0,locf,profile,4,all,0.650184,11.290544
0,locf,profile,5,GR,-0.289414,23.848869
0,locf,profile,5,NPHI,-0.428044,0.094982
0,locf,profile,5,RHOB,-0.515775,0.159740
0,locf,profile,5,all,0.538642,8.768932
0,locf,profile,6,GR,-0.156973,9.786723
0,locf,profile,6,NPHI,-9.917802,0.131972
0,locf,profile,6,RHOB,-3.466166,0.123622
0,locf,profile,6,all,0.952260,1.005122
0,locf,profile,7,GR,,
0,locf,profile,7,NPHI,-4.460977,0.111645
0,locf,profile,7,RHOB,-0.916728,0.112803
0,locf,profile,7,all,0.989483,0.112340
0,locf,profile,8,GR,-16.857281,119.504963
0,locf,profile,8,NPHI,-0.342433,0.057048
0,locf,profile,8,RHOB,-0.602000,0.169791
0,locf,profile,8,all,0.442187,9.314729
0,locf,profile,9,GR,-0.208211,39.140529
0,locf,profile,9,NPHI,-0.035713,0.094369
0,locf,profile,9,RHOB,-2.772873,0.132659
0,locf,profile,9,all,0.551346,6.619080
0,locf,profile,10,GR,-0.002529,28.465937
0,locf,profile,10,NPHI,-0.025444,0.074221
0,locf,profile,10,RHOB,-0.023639,0.087220
0,locf,profile,10,all,0.629870,4.812132
0,locf,profile,11,GR,-20.748242,39.997002
0,locf,profile,11,NPHI,-1.252167,0.085020
0,locf,profile,11,RHOB,-0.078071,0.085152
0,locf,profile,11,all,-7.250459,3.411096
0,locf,profile,12,GR,-0.128408,20.161176
0,locf,profile,12,NPHI,-0.913701,0.115719
0,locf,profile,12,RHOB,-1.104000,0.186681
0,locf,profile,12,all,0.680855,6.708027
0,locf,profile,13,GR,-1.333260,41.121712
0,locf,profile,13,NPHI,-0.096436,0.087480
0,locf,profile,13,RHOB,-0.469765,0.121476
0,locf,profile,13,all,0.598232,13.230673
0,locf,profile,14,GR,-1.034588,12.316758
0,locf,profile,14,NPHI,-6.634550,0.109277
0,locf,profile,14,RHOB,-1.574708,0.128003
0,locf,profile,14,all,0.853114,1.059838
0,locf,profile,15,GR,-0.456512,30.889278
0,locf,profile,15,NPHI,-0.127947,0.082435
0,locf,profile,15,RHOB,-0.289776,0.099879
0,locf,profile,15,all,0.349827,4.654811
0,locf,profile,16,GR,,
0,locf,profile,16,NPHI,,
0,locf,profile,16,RHOB,-1.016039,0.071716
0,locf,profile,16,all,-1.016039,0.071716
0,locf,profile,17,GR,-0.032456,30.381171
0,locf,profile,17,NPHI,-0.150302,0.077238
0,locf,profile,17,RHOB,-0.308507,0.103193
0,locf,profile,17,all,0.524903,9.804482
0,locf,profile,18,GR,-2.063268,48.401594
0,locf,profile,18,NPHI,-0.230623,0.076200
0,locf,profile,18,RHOB,-0.088559,0.106952
0,locf,profile,18,all,0.636220,6.535987
0,locf,single,0,GR,0.940680,5.419858
0,locf,single,0,NPHI,0.955351,0.011018
0,locf,single,0,RHOB,0.871149,0.025960
0,locf,single,0,all,0.971714,2.295455
0,locf,single,1,GR,0.991273,1.445849
0,locf,single,1,NPHI,,
0,locf,single,1,RHOB,,
0,locf,single,1,all,0.991273,1.445849
0,locf,single,2,GR,0.934964,3.625126
0,locf,single,2,NPHI,0.953900,0.012151
0,locf,single,2,RHOB,0.939635,0.026295
0,locf,single,2,all,0.995286,1.374914
0,locf,single,3,GR,0.947783,2.553826
0,locf,single,3,NPHI,0.976043,0.009608
0,locf,single,3,RHOB,0.983609,0.013840
0,locf,single,3,all,0.983248,0.911995
0,locf,single,4,GR,0.977935,2.543962
0,locf,single,4,NPHI,0.982618,0.008961
0,locf,single,4,RHOB,0.974103,0.011740
0,locf,single,4,all,0.994286,1.056772
0,locf,single,5,GR,0.984091,1.342307
0,locf,single,5,NPHI,0.975145,0.009747
0,locf,single,5,RHOB,0.990934,0.009710
0,locf,single,5,all,0.993778,0.434376
0,locf,single,6,GR,0.987706,0.570144
0,locf,single,6,NPHI,0.923625,0.004594
0,locf,single,6,RHOB,0.955434,0.007908
0,locf,single,6,all,0.999300,0.267037
0,locf,single,7,GR,0.878804,2.060972
0,locf,single,7,NPHI,0.974457,0.006277
0,locf,single,7,RHOB,0.983146,0.009886
0,locf,single,7,all,0.954292,0.845665
0,locf,single,8,GR,0.993772,3.597946
0,locf,single,8,NPHI,0.979285,0.006433
0,locf,single,8,RHOB,0.921823,0.020820
0,locf,single,8,all,0.997589,1.412740
0,locf,single,9,GR,0.979553,4.102016
0,locf,single,9,NPHI,0.992110,0.006429
0,locf,single,9,RHOB,0.966312,0.017525
0,locf,single,9,all,0.991876,1.637877
0,locf,single,10,GR,0.968016,4.357316
0,locf,single,10,NPHI,0.955640,0.009669
0,locf,single,10,RHOB,0.985573,0.010242
0,locf,single,10,all,0.987585,1.846294
0,locf,single,11,GR,0.971985,0.766720
0,locf,single,11,NPHI,0.992207,0.004668
0,locf,single,11,RHOB,0.982712,0.007594
0,locf,single,11,all,0.990018,0.328067
0,locf,single,12,GR,0.960193,2.116600
0,locf,single,12,NPHI,0.974681,0.010885
0,locf,single,12,RHOB,0.980633,0.014730
0,locf,single,12,all,0.986717,0.888034
0,locf,single,13,GR,0.988580,2.165948
0,locf,single,13,NPHI,0.988199,0.006583
0,locf,single,13,RHOB,0.982351,0.007921
0,locf,single,13,all,0.997089,0.919861
0,locf,single,14,GR,0.986399,0.821469
0,locf,single,14,NPHI,0.996271,0.002223
0,locf,single,14,RHOB,0.627511,0.019919
0,locf,single,14,all,0.995878,0.326388
0,locf,single,15,GR,0.956080,2.034195
0,locf,single,15,NPHI,0.973295,0.010728
0,locf,single,15,RHOB,0.971901,0.010723
0,locf,single,15,all,0.982162,0.767596
0,locf,single,16,GR,0.844791,1.757661
0,locf,single,16,NPHI,,
0,locf,single,16,RHOB,,
0,locf,single,16,all,0.844791,1.757661
0,locf,single,17,GR,0.969045,3.643368
0,locf,single,17,NPHI,0.979537,0.008515
0,locf,single,17,RHOB,0.987491,0.007166
0,locf,single,17,all,0.985673,1.268994
0,locf,single,18,GR,0.721081,5.588634
0,locf,single,18,NPHI,0.953002,0.009342
0,locf,single,18,RHOB,0.717449,0.019380
0,locf,single,18,all,0.933042,2.650231
0,mean,blackout,0,GR,-0.006488,36.931384
0,mean,blackout,0,NPHI,-0.276778,0.070705
0,mean,blackout,0,RHOB,-0.169319,0.100849
0,mean,blackout,0,all,0.507797,14.069659
0,mean,blackout,1,GR,-3.447467,44.185615
0,mean,blackout,1,NPHI,-0.417268,0.078075
0,mean,blackout,1,RHOB,-0.008163,0.079726
0,mean,blackout,1,all,0.502455,22.132268
0,mean,blackout,2,GR,-2.521563,31.782702
0,mean,blackout,2,NPHI,-0.177592,0.071126
0,mean,blackout,2,RHOB,-0.000058,0.132562
0,mean,blackout,2,all,0.697618,12.447297
0,mean,blackout,3,GR,-0.286635,23.409409
0,mean,blackout,3,NPHI,-0.222014,0.094711
0,mean,blackout,3,RHOB,-0.614023,0.142610
0,mean,blackout,3,all,0.552171,7.819695
0,mean,blackout,4,GR,-0.203937,30.889948
0,mean,blackout,4,NPHI,-0.000027,0.086228
0,mean,blackout,4,RHOB,-0.115933,0.133617
0,mean,blackout,4,all,0.643836,10.999915
0,mean,blackout,5,GR,-0.385087,24.035965
0,mean,blackout,5,NPHI,-0.184498,0.095834
0,mean,blackout,5,RHOB,-0.461650,0.144053
0,mean,blackout,5,all,0.505424,7.825935
0,mean,blackout,6,GR,-0.432702,7.942200
0,mean,blackout,6,NPHI,-8.937069,0.133323
0,mean,blackout,6,RHOB,-2.038073,0.116925
0,mean,blackout,6,all,0.934051,3.481931
0,mean,blackout,7,GR,-17.290828,37.315939
0,mean,blackout,7,NPHI,-4.788729,0.119246
0,mean,blackout,7,RHOB,-0.683609,0.094620
0,mean,blackout,7,all,-6.431916,15.921525
0,mean,blackout,8,GR,-2.123930,68.420998
0,mean,blackout,8,NPHI,-0.140143,0.042781
0,mean,blackout,8,RHOB,-0.547523,0.173733
0,mean,blackout,8,all,0.351529,27.913027
0,mean,blackout,9,GR,-0.066048,36.149391
0,mean,blackout,9,NPHI,-0.004155,0.085199
0,mean,blackout,9,RHOB,-0.184502,0.123250
0,mean,blackout,9,all,0.509669,13.964248
0,mean,blackout,10,GR,-0.019483,35.751441
0,mean,blackout,10,NPHI,-0.004430,0.070584
0,mean,blackout,10,RHOB,-0.027845,0.102920
0,mean,blackout,10,all,0.541416,13.906598
0,mean,blackout,11,GR,-14.165156,37.746177
0,mean,blackout,11,NPHI,-1.105573,0.078990
0,mean,blackout,11,RHOB,-0.182262,0.090035
0,mean,blackout,11,all,-6.081728,15.762996
0,mean,blackout,12,GR,-0.308047,20.938508
0,mean,blackout,12,NPHI,-0.952196,0.113235
0,mean,blackout,12,RHOB,-0.973563,0.175050
0,mean,blackout,12,all,0.601892,7.564162
0,mean,blackout,13,GR,-0.473139,33.793976
0,mean,blackout,13,NPHI,-0.056642,0.091414
0,mean,blackout,13,RHOB,-0.327299,0.127211
0,mean,blackout,13,all,0.620890,12.028060
0,mean,blackout,14,GR,-3.993198,26.263932
0,mean,blackout,14,NPHI,-2.363403,0.089516
0,mean,blackout,14,RHOB,-1.177025,0.119050
0,mean,blackout,14,all,-0.490557,10.753004
0,mean,blackout,15,GR,-0.238459,23.459796
0,mean,blackout,15,NPHI,-0.006345,0.088809
0,mean,blackout,15,RHOB,-0.546050,0.101536
0,mean,blackout,15,all,0.535224,9.071448
0,mean,blackout,16,GR,-64.745501,39.188631
0,mean,blackout,16,NPHI,,
0,mean,blackout,16,RHOB,-1.248264,0.068319
0,mean,blackout,16,all,-19.064332,19.628475
0,mean,blackout,17,GR,-0.000819,31.695905
0,mean,blackout,17,NPHI,-0.227639,0.081304
0,mean,blackout,17,RHOB,-0.474092,0.100305
0,mean,blackout,17,all,0.561632,10.269596
0,mean,blackout,18,GR,-1.744104,46.125907
0,mean,blackout,18,NPHI,-0.195945,0.079267
0,mean,blackout,18,RHOB,-0.182546,0.112123
0,mean,blackout,18,all,0.542878,17.450796
0,mean,block,0,GR,-0.022286,33.938242
0,mean,block,0,NPHI,-2.395834,0.062055
0,mean,block,0,RHOB,-0.009286,0.091553
0,mean,block,0,all,0.529301,13.740192
0,mean,block,1,GR,-3.478224,29.836306
0,mean,block,1,NPHI,-27.395143,0.075882
0,mean,block,1,RHOB,,
0,mean,block,1,all,0.680983,14.956094
0,mean,block,2,GR,-5.296164,28.941528
0,mean,block,2,NPHI,-0.928798,0.086535
0,mean,block,2,RHOB,-0.042971,0.120767
0,mean,block,2,all,0.748279,11.346116
0,mean,block,3,GR,-0.539009,27.397097
0,mean,block,3,NPHI,-0.106123,0.075812
0,mean,block,3,RHOB,-0.865229,0.136069
0,mean,block,3,all,0.339787,8.666672
0,mean,block,4,GR,-0.080593,31.327458
0,mean,block,4,NPHI,-0.008049,0.077050
0,mean,block,4,RHOB,-0.072669,0.136782
0,mean,block,4,all,0.650667,8.447444
0,mean,block,5,GR,-0.319302,25.792082
0,mean,block,5,NPHI,-0.221913,0.089901
0,mean,block,5,RHOB,-0.369399,0.145734
0,mean,block,5,all,0.500145,7.726162
0,mean,block,6,GR,-1.677129,8.929062
0,mean,block,6,NPHI,-11.703993,0.140887
0,mean,block,6,RHOB,-1.319694,0.113323
0,mean,block,6,all,0.907817,4.189900
0,mean,block,7,GR,-23.491635,37.531316
0,mean,block,7,NPHI,-1.647987,0.103673
0,mean,block,7,RHOB,-1.000330,0.110529
0,mean,block,7,all,-8.173910,17.834361
0,mean,block,8,GR,-1.274213,68.086299
0,mean,block,8,NPHI,-0.345410,0.043404
0,mean,block,8,RHOB,-2.873774,0.155947
0,mean,block,8,all,0.275236,29.948834
0,mean,block,9,GR,-0.011284,26.124272
0,mean,block,9,NPHI,-0.563748,0.088547
0,mean,block,9,RHOB,-0.061133,0.138716
0,mean,block,9,all,0.601316,10.428629
0,mean,block,10,GR,-0.000130,39.291972
0,mean,block,10,NPHI,-0.355587,0.130179
0,mean,block,10,RHOB,-0.002404,0.120802
0,mean,block,10,all,0.477704,13.948265
0,mean,block,11,GR,-62.800090,42.799540
0,mean,block,11,NPHI,-0.730542,0.048470
0,mean,block,11,RHOB,-0.078324,0.074661
0,mean,block,11,all,-25.181242,19.293654
0,mean,block,12,GR,-0.511856,20.257339
0,mean,block,12,NPHI,-0.232758,0.105086
0,mean,block,12,RHOB,-0.955625,0.172008
0,mean,block,12,all,0.608929,5.765674
0,mean,block,13,GR,-0.440285,30.462616
0,mean,block,13,NPHI,-0.129467,0.071559
0,mean,block,13,RHOB,-0.849477,0.140711
0,mean,block,13,all,0.672112,8.757002
0,mean,block,14,GR,-15.704572,32.288987
0,mean,block,14,NPHI,-10.050898,0.121239
0,mean,block,14,RHOB,-0.768285,0.093521
0,mean,block,14,all,-3.145451,14.235552
0,mean,block,15,GR,-0.169138,14.813901
0,mean,block,15,NPHI,-0.159034,0.073557
0,mean,block,15,RHOB,-0.319792,0.066947
0,mean,block,15,all,0.769949,5.482310
0,mean,block,16,GR,,
0,mean,block,16,NPHI,-15.808453,0.101803
0,mean,block,16,RHOB,,
0,mean,block,16,all,-15.808453,0.101803
0,mean,block,17,GR,-0.017841,30.542085
0,mean,block,17,NPHI,-0.205263,0.080743
0,mean,block,17,RHOB,-0.627865,0.097379
0,mean,block,17,all,0.627452,8.494311
0,mean,block,18,GR,-1.144691,37.200603
0,mean,block,18,NPHI,-0.027715,0.103470
0,mean,block,18,RHOB,-0.776592,0.103033
0,mean,block,18,all,0.571761,16.833447
0,mean,profile,0,GR,-1.177039,35.786949
0,mean,profile,0,NPHI,-0.757187,0.075017
0,mean,profile,0,RHOB,-0.003432,0.107376
0,mean,profile,0,all,0.706460,6.392350
0,mean,profile,1,GR,,
0,mean,profile,1,NPHI,,
0,mean,profile,1,RHOB,-0.055163,0.082601
0,mean,profile,1,all,-0.055163,0.082601
0,mean,profile,2,GR,-1.671358,33.479579
0,mean,profile,2,NPHI,-0.282016,0.076135
0,mean,profile,2,RHOB,-0.241182,0.123164
0,mean,profile,2,all,0.738424,5.370165
0,mean,profile,3,GR,-0.473961,23.705523
0,mean,profile,3,NPHI,-0.382116,0.091716
0,mean,profile,3,RHOB,-0.763196,0.167052
0,mean,profile,3,all,0.466030,8.105328
0,mean,profile,4,GR,-0.694669,34.905756
0,mean,profile,4,NPHI,-0.014010,0.086993
0,mean,profile,4,RHOB,-0.013750,0.118476
0,mean,profile,4,all,0.650184,11.290544
0,mean,profile,5,GR,-0.289414,23.848869
0,mean,profile,5,NPHI,-0.428044,0.094982
0,mean,profile,5,RHOB,-0.515775,0.159740
0,mean,profile,5,all,0.538642,8.768932
0,mean,profile,6,GR,-0.156973,9.786723
0,mean,profile,6,NPHI,-9.917802,0.131972
0,mean,profile,6,RHOB,-3.466166,0.123622
0,mean,profile,6,all,0.952260,1.005122
0,mean,profile,7,GR,,
0,mean,profile,7,NPHI,-4.460977,0.111645
0,mean,profile,7,RHOB,-0.916728,0.112803
0,mean,profile,7,all,0.989483,0.112340
0,mean,profile,8,GR,-16.857281,119.504963
0,mean,profile,8,NPHI,-0.342433,0.057048
0,mean,profile,8,RHOB,-0.602000,0.169791
0,mean,profile,8,all,0.442187,9.314729
0,mean,profile,9,GR,-0.208211,39.140529
0,mean,profile,9,NPHI,-0.035713,0.094369
0,mean,profile,9,RHOB,-2.772873,0.132659
0,mean,profile,9,all,0.551346,6.619080
0,mean,profile,10,GR,-0.002529,28.465937
0,mean,profile,10,NPHI,-0.025444,0.074221
0,mean,profile,10,RHOB,-0.023639,0.087220
0,mean,profile,10,all,0.629870,4.812132
0,mean,profile,11,GR,-20.748242,39.997002
0,mean,profile,11,NPHI,-1.252167,0.085020
0,mean,profile,11,RHOB,-0.078071,0.085152
0,mean,profile,11,all,-7.250459,3.411096
0,mean,profile,12,GR,-0.128408,20.161176
0,mean,profile,12,NPHI,-0.913701,0.115719
0,mean,profile,12,RHOB,-1.104000,0.186681
0,mean,profile,12,all,0.680855,6.708027
0,mean,profile,13,GR,-1.333260,41.121712
0,mean,profile,13,NPHI,-0.096436,0.087480
0,mean,profile,13,RHOB,-0.469765,0.121476
0,mean,profile,13,all,0.598232,13.230673
0,mean,profile,14,GR,-1.034588,12.316758
0,mean,profile,14,NPHI,-6.634550,0.109277
0,mean,profile,14,RHOB,-1.574708,0.128003
0,mean,profile,14,all,0.853114,1.059838
0,mean,profile,15,GR,-0.456512,30.889278
0,mean,profile,15,NPHI,-0.127947,0.082435
0,mean,profile,15,RHOB,-0.289776,0.099879
0,mean,profile,15,all,0.349827,4.654811
0,mean,profile,16,GR,,
0,mean,profile,16,NPHI,,
0,mean,profile,16,RHOB,-1.016039,0.071716
0,mean,profile,16,all,-1.016039,0.071716
0,mean,profile,17,GR,-0.032456,30.381171
0,mean,profile,17,NPHI,-0.150302,0.077238
0,mean,profile,17,RHOB,-0.308507,0.103193
0,mean,profile,17,all,0.524903,9.804482
0,mean,profile,18,GR,-2.063268,48.401594
0,mean,profile,18,NPHI,-0.230623,0.076200
0,mean,profile,18,RHOB,-0.088559,0.106952
0,mean,profile,18,all,0.636220,6.535987
0,mean,single,0,GR,-0.019210,34.966334
0,mean,single,0,NPHI,-0.260292,0.069831
0,mean,single,0,RHOB,-0.269926,0.095758
0,mean,single,0,all,0.514015,14.791471
0,mean,single,1,GR,-2.855998,34.878162
0,mean,single,1,NPHI,,
0,mean,single,1,RHOB,,
0,mean,single,1,all,-2.855998,34.878162
0,mean,single,2,GR,-3.335380,35.045680
0,mean,single,2,NPHI,-0.020841,0.050694
0,mean,single,2,RHOB,-0.000027,0.123673
0,mean,single,2,all,0.685759,13.236545
0,mean,single,3,GR,-0.277574,22.014217
0,mean,single,3,NPHI,-0.285509,0.088450
0,mean,single,3,RHOB,-0.321107,0.131411
0,mean,single,3,all,0.590132,7.867123
0,mean,single,4,GR,-0.275664,27.314575
0,mean,single,4,NPHI,-0.013814,0.085009
0,mean,single,4,RHOB,-0.119335,0.102308
0,mean,single,4,all,0.669642,11.336642
0,mean,single,5,GR,-0.292635,26.059647
0,mean,single,5,NPHI,-0.284584,0.090019
0,mean,single,5,RHOB,-0.330073,0.136460
0,mean,single,5,all,0.494452,8.382578
0,mean,single,6,GR,-0.803111,9.444160
0,mean,single,6,NPHI,-12.362330,0.139607
0,mean,single,6,RHOB,-2.288857,0.116892
0,mean,single,6,all,0.897398,4.443064
0,mean,single,7,GR,-20.178084,37.703868
0,mean,single,7,NPHI,-3.861651,0.111487
0,mean,single,7,RHOB,-0.948818,0.099609
0,mean,single,7,all,-6.987097,15.452892
0,mean,single,8,GR,-0.768280,59.394169
0,mean,single,8,NPHI,-0.052979,0.054999
0,mean,single,8,RHOB,-2.576331,0.185543
0,mean,single,8,all,0.315554,23.264959
0,mean,single,9,GR,-0.151738,34.350649
0,mean,single,9,NPHI,-0.056925,0.094304
0,mean,single,9,RHOB,-0.486151,0.131725
0,mean,single,9,all,0.542405,13.727491
0,mean,single,10,GR,-0.142646,38.693883
0,mean,single,10,NPHI,-0.170056,0.057834
0,mean,single,10,RHOB,-0.012601,0.094462
0,mean,single,10,all,0.556482,16.385813
0,mean,single,11,GR,-43.558799,40.970720
0,mean,single,11,NPHI,-0.682825,0.062833
0,mean,single,11,RHOB,-0.060857,0.080877
0,mean,single,11,all,-14.875952,17.399742
0,mean,single,12,GR,-0.231859,21.634468
0,mean,single,12,NPHI,-0.984107,0.116943
0,mean,single,12,RHOB,-0.653694,0.155724
0,mean,single,12,all,0.588917,9.080073
0,mean,single,13,GR,-0.697373,35.555988
0,mean,single,13,NPHI,-0.098739,0.085844
0,mean,single,13,RHOB,-0.776500,0.121402
0,mean,single,13,all,0.567319,15.091326
0,mean,single,14,GR,-7.125094,29.817354
0,mean,single,14,NPHI,-4.099544,0.101164
0,mean,single,14,RHOB,-1.685519,0.132405
0,mean,single,14,all,-1.459773,11.716373
0,mean,single,15,GR,-0.268922,23.731451
0,mean,single,15,NPHI,-0.017014,0.092810
0,mean,single,15,RHOB,-0.680614,0.123037
0,mean,single,15,all,0.484640,8.943743
0,mean,single,16,GR,-46.899033,37.390659
0,mean,single,16,NPHI,,
0,mean,single,16,RHOB,,
0,mean,single,16,all,-46.899033,37.390659
0,mean,single,17,GR,-0.000700,33.840740
0,mean,single,17,NPHI,-0.148886,0.080467
0,mean,single,17,RHOB,-0.563708,0.100807
0,mean,single,17,all,0.536827,11.799085
0,mean,single,18,GR,-1.149296,42.769096
0,mean,single,18,NPHI,-0.717971,0.064465
0,mean,single,18,RHOB,-3.584638,0.107192
0,mean,single,18,all,0.484032,20.271262
0,mice,blackout,0,GR,-0.241527,38.713889
0,mice,blackout,0,NPHI,-0.091943,0.065187
0,mice,blackout,0,RHOB,-0.164946,0.096506
0,mice,blackout,0,all,0.392857,14.743117
0,mice,blackout,1,GR,-4.919240,54.065614
0,mice,blackout,1,NPHI,-0.543737,0.080017
0,mice,blackout,1,RHOB,-0.449952,0.087488
0,mice,blackout,1,all,0.337806,27.074731
0,mice,blackout,2,GR,-2.307332,28.378121
0,mice,blackout,2,NPHI,-0.107651,0.071786
0,mice,blackout,2,RHOB,-0.029602,0.130687
0,mice,blackout,2,all,0.716012,11.120179
0,mice,blackout,3,GR,-1.343351,30.857573
0,mice,blackout,3,NPHI,0.082182,0.079950
0,mice,blackout,3,RHOB,-0.372168,0.128715
0,mice,blackout,3,all,0.184399,10.272834
0,mice,blackout,4,GR,-0.675891,32.397563
0,mice,blackout,4,NPHI,0.113088,0.080930
0,mice,blackout,4,RHOB,-0.166302,0.125171
0,mice,blackout,4,all,0.504221,11.528865
0,mice,blackout,5,GR,-1.109154,27.968087
0,mice,blackout,5,NPHI,0.076769,0.082819
0,mice,blackout,5,RHOB,-0.191888,0.130833
0,mice,blackout,5,all,0.246901,9.083941
0,mice,blackout,6,GR,-12.514101,24.655700
0,mice,blackout,6,NPHI,-5.977965,0.111683
0,mice,blackout,6,RHOB,-0.645717,0.072559
0,mice,blackout,6,all,0.378098,10.639289
0,mice,blackout,7,GR,-22.078119,38.969728
0,mice,blackout,7,NPHI,-3.072551,0.100547
0,mice,blackout,7,RHOB,-0.744413,0.085988
0,mice,blackout,7,all,-8.377038,16.615853
0,mice,blackout,8,GR,-1.608018,63.789563
0,mice,blackout,8,NPHI,-0.310018,0.046756
0,mice,blackout,8,RHOB,-0.417330,0.164227
0,mice,blackout,8,all,0.458623,26.026555
0,mice,blackout,9,GR,0.045735,35.227426
0,mice,blackout,9,NPHI,0.306777,0.067863
0,mice,blackout,9,RHOB,-0.680875,0.137926
0,mice,blackout,9,all,0.561082,13.608162
0,mice,blackout,10,GR,-0.001495,33.232732
0,mice,blackout,10,NPHI,0.186169,0.064100
0,mice,blackout,10,RHOB,0.137296,0.093611
0,mice,blackout,10,all,0.549508,12.925783
0,mice,blackout,11,GR,-14.334769,36.032455
0,mice,blackout,11,NPHI,-0.658230,0.073003
0,mice,blackout,11,RHOB,0.102034,0.070406
0,mice,blackout,11,all,-6.160916,15.042943
0,mice,blackout,12,GR,-2.578793,33.428492
0,mice,blackout,12,NPHI,-0.499328,0.097474
0,mice,blackout,12,RHOB,-0.524914,0.151239
0,mice,blackout,12,all,-0.089136,12.008159
0,mice,blackout,13,GR,-0.378682,32.691271
0,mice,blackout,13,NPHI,0.046015,0.085491
0,mice,blackout,13,RHOB,-0.378518,0.123084
0,mice,blackout,13,all,0.645198,11.634647
0,mice,blackout,14,GR,-7.253580,32.099968
0,mice,blackout,14,NPHI,-1.190947,0.072169
0,mice,blackout,14,RHOB,-0.848950,0.102401
0,mice,blackout,14,all,-1.463805,13.118918
0,mice,blackout,15,GR,-0.530392,25.141799
0,mice,blackout,15,NPHI,0.118600,0.082914
0,mice,blackout,15,RHOB,-0.514332,0.099100
0,mice,blackout,15,all,0.425670,9.715036
0,mice,blackout,16,GR,-6.280508,10.532056
0,mice,blackout,16,NPHI,,
0,mice,blackout,16,RHOB,0.557148,0.026367
0,mice,blackout,16,all,-1.221886,5.279211
0,mice,blackout,17,GR,0.146276,27.956852
0,mice,blackout,17,NPHI,-0.037337,0.074042
0,mice,blackout,17,RHOB,-0.452958,0.101296
0,mice,blackout,17,all,0.626060,9.063246
0,mice,blackout,18,GR,-1.722482,46.570544
0,mice,blackout,18,NPHI,-0.219525,0.079396
0,mice,blackout,18,RHOB,0.068692,0.097088
0,mice,blackout,18,all,0.546480,17.614583
0,mice,block,0,GR,-0.059934,30.692296
0,mice,block,0,NPHI,-1.443998,0.037884
0,mice,block,0,RHOB,-1.082942,0.128869
0,mice,block,0,all,0.511964,12.434344
0,mice,block,1,GR,-12.755676,58.568607
0,mice,block,1,NPHI,-80.637548,0.128488
0,mice,block,1,RHOB,,
0,mice,block,1,all,0.020083,29.348547
0,mice,block,2,GR,-0.530273,10.769104
0,mice,block,2,NPHI,-0.808041,0.085720
0,mice,block,2,RHOB,0.200655,0.101659
0,mice,block,2,all,0.938816,4.255562
0,mice,block,3,GR,0.258145,17.907669
0,mice,block,3,NPHI,0.796129,0.032341
0,mice,block,3,RHOB,0.672046,0.055440
0,mice,block,3,all,0.681764,5.647093
0,mice,block,4,GR,0.240730,19.643706
0,mice,block,4,NPHI,0.416766,0.055992
0,mice,block,4,RHOB,0.101489,0.123289
0,mice,block,4,all,0.754542,5.315098
0,mice,block,5,GR,-0.033730,20.220726
0,mice,block,5,NPHI,0.729115,0.038824
0,mice,block,5,RHOB,0.759144,0.058275
0,mice,block,5,all,0.608361,6.025893
0,mice,block,6,GR,-10.136188,18.811425
0,mice,block,6,NPHI,-3.389918,0.083966
0,mice,block,6,RHOB,0.498878,0.054141
0,mice,block,6,all,0.616624,8.719761
0,mice,block,7,GR,-4.363752,15.264315
0,mice,block,7,NPHI,0.710479,0.035018
0,mice,block,7,RHOB,0.902508,0.020305
0,mice,block,7,all,-1.009103,7.245024
0,mice,block,8,GR,-0.494959,59.724256
0,mice,block,8,NPHI,-1.965229,0.064040
0,mice,block,8,RHOB,0.042930,0.062992
0,mice,block,8,all,0.523575,26.256023
0,mice,block,9,GR,0.707286,16.318614
0,mice,block,9,NPHI,0.664484,0.037117
0,mice,block,9,RHOB,0.273119,0.116961
0,mice,block,9,all,0.884599,6.518352
0,mice,block,10,GR,0.721548,20.428517
0,mice,block,10,NPHI,0.904827,0.032686
0,mice,block,10,RHOB,0.362991,0.092950
0,mice,block,10,all,0.854582,7.255143
0,mice,block,11,GR,-26.264387,26.425800
0,mice,block,11,NPHI,0.709750,0.026661
0,mice,block,11,RHOB,0.434638,0.033500
0,mice,block,11,all,-10.188310,11.908154
0,mice,block,12,GR,-0.402285,19.109266
0,mice,block,12,NPHI,0.819158,0.040121
0,mice,block,12,RHOB,0.757056,0.058082
0,mice,block,12,all,0.637320,5.378425
0,mice,block,13,GR,-0.620821,24.182981
0,mice,block,13,NPHI,-0.110908,0.060218
0,mice,block,13,RHOB,-0.033734,0.096053
0,mice,block,13,all,0.631016,6.946048
0,mice,block,14,GR,-3.044460,14.631174
0,mice,block,14,NPHI,-0.542425,0.029200
0,mice,block,14,RHOB,0.847445,0.029606
0,mice,block,14,all,-0.003674,6.439941
0,mice,block,15,GR,-0.683270,19.751277
0,mice,block,15,NPHI,0.540429,0.041141
0,mice,block,15,RHOB,-0.209230,0.059770
0,mice,block,15,all,0.668789,7.282874
0,mice,block,16,GR,,
0,mice,block,16,NPHI,0.124154,0.021604
0,mice,block,16,RHOB,,
0,mice,block,16,all,0.124154,0.021604
0,mice,block,17,GR,0.742959,13.869760
0,mice,block,17,NPHI,0.699957,0.039807
0,mice,block,17,RHOB,0.096290,0.074107
0,mice,block,17,all,0.905917,3.869462
0,mice,block,18,GR,-1.667809,44.471672
0,mice,block,18,NPHI,-0.227119,0.111904
0,mice,block,18,RHOB,-1.585183,0.115279
0,mice,block,18,all,0.467308,20.118083
0,mice,profile,0,GR,-1.585418,40.857635
0,mice,profile,0,NPHI,-0.838353,0.058147
0,mice,profile,0,RHOB,0.167096,0.085287
0,mice,profile,0,all,0.651400,7.270828
0,mice,profile,1,GR,,
0,mice,profile,1,NPHI,,
0,mice,profile,1,RHOB,-2.320898,0.150109
0,mice,profile,1,all,-2.320898,0.150109
0,mice,profile,2,GR,-2.768138,34.759741
0,mice,profile,2,NPHI,0.274365,0.058699
0,mice,profile,2,RHOB,0.233589,0.090295
0,mice,profile,2,all,0.631039,5.551115
0,mice,profile,3,GR,0.200703,16.975409
0,mice,profile,3,NPHI,0.771946,0.037397
0,mice,profile,3,RHOB,0.688190,0.066738
0,mice,profile,3,all,0.710455,5.776786
0,mice,profile,4,GR,-0.845780,26.819013
0,mice,profile,4,NPHI,0.439840,0.054862
0,mice,profile,4,RHOB,0.365684,0.087321
0,mice,profile,4,all,0.618996,8.669797
0,mice,profile,5,GR,0.374724,15.274267
0,mice,profile,5,NPHI,0.698919,0.042032
0,mice,profile,5,RHOB,0.747144,0.060275
0,mice,profile,5,all,0.776282,5.596359
0,mice,profile,6,GR,-3.706106,22.841820
0,mice,profile,6,NPHI,-2.292778,0.073913
0,mice,profile,6,RHOB,0.121647,0.055400
0,mice,profile,6,all,0.806057,2.133625
0,mice,profile,7,GR,,
0,mice,profile,7,NPHI,0.635239,0.027040
0,mice,profile,7,RHOB,0.867229,0.021274
0,mice,profile,7,all,0.999281,0.023580
0,mice,profile,8,GR,-8.418288,84.894141
0,mice,profile,8,NPHI,-1.225714,0.071033
0,mice,profile,8,RHOB,0.299722,0.084606
0,mice,profile,8,all,0.705799,6.604240
0,mice,profile,9,GR,0.308714,32.030094
0,mice,profile,9,NPHI,0.758142,0.041048
0,mice,profile,9,RHOB,-0.939152,0.097311
0,mice,profile,9,all,0.743302,5.397562
0,mice,profile,10,GR,0.156103,25.277258
0,mice,profile,10,NPHI,0.667281,0.035322
0,mice,profile,10,RHOB,0.303387,0.068747
0,mice,profile,10,all,0.688443,4.257631
0,mice,profile,11,GR,-9.193699,25.254628
0,mice,profile,11,NPHI,0.750956,0.031189
0,mice,profile,11,RHOB,0.856372,0.022592
0,mice,profile,11,all,-2.866914,2.128127
0,mice,profile,12,GR,0.185842,17.323292
0,mice,profile,12,NPHI,0.679901,0.044704
0,mice,profile,12,RHOB,0.685713,0.071144
0,mice,profile,12,all,0.769759,5.714504
0,mice,profile,13,GR,-1.380369,32.825637
0,mice,profile,13,NPHI,0.511835,0.048873
0,mice,profile,13,RHOB,-0.015145,0.086913
0,mice,profile,13,all,0.590123,10.551132
0,mice,profile,14,GR,-0.659005,12.579070
0,mice,profile,14,NPHI,0.672310,0.018230
0,mice,profile,14,RHOB,0.504751,0.049745
0,mice,profile,14,all,0.880321,1.003842
0,mice,profile,15,GR,0.304723,20.115722
0,mice,profile,15,NPHI,0.614888,0.040049
0,mice,profile,15,RHOB,-0.012423,0.087223
0,mice,profile,15,all,0.689629,3.036936
0,mice,profile,16,GR,,
0,mice,profile,16,NPHI,,
0,mice,profile,16,RHOB,0.851484,0.017415
0,mice,profile,16,all,0.851484,0.017415
0,mice,profile,17,GR,0.705632,14.122778
0,mice,profile,17,NPHI,0.662864,0.042674
0,mice,profile,17,RHOB,0.346831,0.075070
0,mice,profile,17,all,0.864542,4.569705
0,mice,profile,18,GR,-3.825060,66.015498
0,mice,profile,18,NPHI,-0.692422,0.088612
0,mice,profile,18,RHOB,-0.566210,0.131720
0,mice,profile,18,all,0.426999,8.901855
0,mice,single,0,GR,0.072894,28.965453
0,mice,single,0,NPHI,-0.490632,0.063257
0,mice,single,0,RHOB,-1.256719,0.116735
0,mice,single,0,all,0.557930,12.263816
0,mice,single,1,GR,-7.871374,60.606655
0,mice,single,1,NPHI,,
0,mice,single,1,RHOB,,
0,mice,single,1,all,-7.871374,60.606655
0,mice,single,2,GR,-2.375332,21.939088
0,mice,single,2,NPHI,0.476479,0.040748
0,mice,single,2,RHOB,0.371525,0.095421
0,mice,single,2,all,0.755347,8.293817
0,mice,single,3,GR,0.235877,16.393107
0,mice,single,3,NPHI,0.785444,0.035485
0,mice,single,3,RHOB,0.708841,0.060312
0,mice,single,3,all,0.754865,5.836494
0,mice,single,4,GR,-0.016060,19.267761
0,mice,single,4,NPHI,0.117211,0.069165
0,mice,single,4,RHOB,0.259386,0.079131
0,mice,single,4,all,0.736872,8.001692
0,mice,single,5,GR,0.244729,18.189644
0,mice,single,5,NPHI,0.704973,0.041610
0,mice,single,5,RHOB,0.689024,0.063909
0,mice,single,5,all,0.704624,5.832900
0,mice,single,6,GR,-5.305325,18.907772
0,mice,single,6,NPHI,-2.568342,0.073647
0,mice,single,6,RHOB,0.327204,0.056382
0,mice,single,6,all,0.641277,8.789952
0,mice,single,7,GR,-3.907740,15.502284
0,mice,single,7,NPHI,0.571453,0.032629
0,mice,single,7,RHOB,0.913799,0.022825
0,mice,single,7,all,-0.850885,6.344773
0,mice,single,8,GR,-0.332734,56.682441
0,mice,single,8,NPHI,-0.436949,0.068303
0,mice,single,8,RHOB,0.150645,0.066746
0,mice,single,8,all,0.484142,22.182835
0,mice,single,9,GR,0.568299,18.949288
0,mice,single,9,NPHI,0.805534,0.035017
0,mice,single,9,RHOB,0.039209,0.103333
0,mice,single,9,all,0.828481,7.573265
0,mice,single,10,GR,0.257265,27.251422
0,mice,single,10,NPHI,0.738342,0.023420
0,mice,single,10,RHOB,0.625082,0.051089
0,mice,single,10,all,0.711708,11.530628
0,mice,single,11,GR,-14.083242,22.090244
0,mice,single,11,NPHI,0.709502,0.034105
0,mice,single,11,RHOB,0.902009,0.020384
0,mice,single,11,all,-4.374023,9.377601
0,mice,single,12,GR,0.150818,17.702346
0,mice,single,12,NPHI,0.682499,0.045177
0,mice,single,12,RHOB,0.717852,0.068029
0,mice,single,12,all,0.716635,7.397953
0,mice,single,13,GR,-0.857180,29.482938
0,mice,single,13,NPHI,0.600266,0.045528
0,mice,single,13,RHOB,-0.786255,0.117523
0,mice,single,13,all,0.526584,12.510806
0,mice,single,14,GR,-0.915838,14.145441
0,mice,single,14,NPHI,0.746571,0.021150
0,mice,single,14,RHOB,0.379176,0.058252
0,mice,single,14,all,0.420009,5.547147
0,mice,single,15,GR,0.077572,22.595369
0,mice,single,15,NPHI,0.679605,0.043436
0,mice,single,15,RHOB,0.331263,0.075000
0,mice,single,15,all,0.625371,8.488289
0,mice,single,16,GR,-6.846823,14.164002
0,mice,single,16,NPHI,,
0,mice,single,16,RHOB,,
0,mice,single,16,all,-6.846823,14.164002
0,mice,single,17,GR,0.758262,15.040578
0,mice,single,17,NPHI,0.699061,0.041970
0,mice,single,17,RHOB,0.203173,0.071160
0,mice,single,17,all,0.888111,5.255151
0,mice,single,18,GR,-1.343330,48.989766
0,mice,single,18,NPHI,-2.357421,0.085181
0,mice,single,18,RHOB,-2.450798,0.084464
0,mice,single,18,all,0.437451,23.215583
0,rf,blackout,0,GR,-0.202716,38.503385
0,rf,blackout,0,NPHI,-0.990831,0.088610
0,rf,blackout,0,RHOB,-0.100139,0.092995
0,rf,blackout,0,all,0.411836,14.670331
0,rf,blackout,1,GR,-4.221235,49.609006
0,rf,blackout,1,NPHI,-0.763336,0.082346
0,rf,blackout,1,RHOB,-0.791610,0.098689
0,rf,blackout,1,all,0.415892,24.849868
0,rf,blackout,2,GR,-3.563783,34.126140
0,rf,blackout,2,NPHI,-0.234159,0.073775
0,rf,blackout,2,RHOB,-0.085195,0.128919
0,rf,blackout,2,all,0.608128,13.360304
0,rf,blackout,3,GR,-2.016135,34.043659
0,rf,blackout,3,NPHI,-0.207989,0.089825
0,rf,blackout,3,RHOB,-1.515220,0.179026
0,rf,blackout,3,all,-0.049773,11.346423
0,rf,blackout,4,GR,-0.349276,31.044418
0,rf,blackout,4,NPHI,0.006664,0.083253
0,rf,blackout,4,RHOB,-0.149719,0.116366
0,rf,blackout,4,all,0.600842,11.048020
0,rf,blackout,5,GR,-1.581329,30.636656
0,rf,blackout,5,NPHI,-0.068358,0.087039
0,rf,blackout,5,RHOB,-0.488365,0.146100
0,rf,blackout,5,all,0.078306,9.950437
0,rf,blackout,6,GR,-28.730253,34.370450
0,rf,blackout,6,NPHI,-8.019794,0.122273
0,rf,blackout,6,RHOB,-0.408616,0.070005
0,rf,blackout,6,all,-0.368136,14.812752
0,rf,blackout,7,GR,-36.169752,49.501417
0,rf,blackout,7,NPHI,-4.727010,0.115698
0,rf,blackout,7,RHOB,-0.593617,0.085642
0,rf,blackout,7,all,-14.102679,21.096836
0,rf,blackout,8,GR,-1.448293,61.796510
0,rf,blackout,8,NPHI,-0.498212,0.048143
0,rf,blackout,8,RHOB,-0.267420,0.153763
0,rf,blackout,8,all,0.491779,25.213106
0,rf,blackout,9,GR,-0.575457,45.623530
0,rf,blackout,9,NPHI,0.004211,0.083057
0,rf,blackout,9,RHOB,-1.058744,0.155173
0,rf,blackout,9,all,0.275365,17.615841
0,rf,blackout,10,GR,-0.036661,33.832808
0,rf,blackout,10,NPHI,0.099738,0.064494
0,rf,blackout,10,RHOB,0.038762,0.098759
0,rf,blackout,10,all,0.533689,13.159963
0,rf,blackout,11,GR,-21.431151,41.414807
0,rf,blackout,11,NPHI,-1.956519,0.096214
0,rf,blackout,11,RHOB,-0.261426,0.084867
0,rf,blackout,11,all,-9.474741,17.295263
0,rf,blackout,12,GR,-2.569016,32.854893
0,rf,blackout,12,NPHI,-0.617193,0.097874
0,rf,blackout,12,RHOB,-1.397355,0.196792
0,rf,blackout,12,all,-0.086175,11.818321
0,rf,blackout,13,GR,-0.405712,33.534660
0,rf,blackout,13,NPHI,-0.018747,0.086969
0,rf,blackout,13,RHOB,-0.140671,0.106549
0,rf,blackout,13,all,0.638243,11.928150
0,rf,blackout,14,GR,-13.677718,43.565733
0,rf,blackout,14,NPHI,-1.671772,0.077001
0,rf,blackout,14,RHOB,-0.276443,0.089395
0,rf,blackout,14,all,-3.381473,17.785580
0,rf,blackout,15,GR,-1.194802,29.333930
0,rf,blackout,15,NPHI,-0.043276,0.090554
0,rf,blackout,15,RHOB,-0.752553,0.107437
0,rf,blackout,15,all,0.176330,11.330525
0,rf,blackout,16,GR,-97.660248,34.342882
0,rf,blackout,16,NPHI,,
0,rf,blackout,16,RHOB,-0.214688,0.048793
0,rf,blackout,16,all,-29.109238,17.195838
0,rf,blackout,17,GR,-0.369184,35.939132
0,rf,blackout,17,NPHI,-0.151517,0.074995
0,rf,blackout,17,RHOB,-0.447873,0.094769
0,rf,blackout,17,all,0.400288,11.632165
0,rf,blackout,18,GR,-1.453470,43.805631
0,rf,blackout,18,NPHI,-0.806792,0.093919
0,rf,blackout,18,RHOB,-0.169588,0.109517
0,rf,blackout,18,all,0.591291,16.580509
0,rf,block,0,GR,-0.049548,29.628290
0,rf,block,0,NPHI,-2.089624,0.048159
0,rf,block,0,RHOB,-0.278728,0.098706
0,rf,block,0,all,0.516748,11.999077
0,rf,block,1,GR,-7.704595,41.071777
0,rf,block,1,NPHI,-96.649864,0.136497
0,rf,block,1,RHOB,,
0,rf,block,1,all,0.379906,20.604137
0,rf,block,2,GR,-1.735570,15.490068
0,rf,block,2,NPHI,-0.834759,0.081822
0,rf,block,2,RHOB,0.031098,0.100631
0,rf,block,2,all,0.890628,6.094484
0,rf,block,3,GR,-0.272772,21.601785
0,rf,block,3,NPHI,0.661765,0.041412
0,rf,block,3,RHOB,0.362390,0.074747
0,rf,block,3,all,0.454014,6.815651
0,rf,block,4,GR,0.366080,19.766894
0,rf,block,4,NPHI,0.405969,0.057762
0,rf,block,4,RHOB,0.209913,0.102707
0,rf,block,4,all,0.795064,5.339893
0,rf,block,5,GR,-0.593822,24.559545
0,rf,block,5,NPHI,0.622350,0.044107
0,rf,block,5,RHOB,0.592529,0.071816
0,rf,block,5,all,0.396164,7.318264
0,rf,block,6,GR,-17.612146,21.224521
0,rf,block,6,NPHI,-4.125633,0.087975
0,rf,block,6,RHOB,-0.031338,0.068139
0,rf,block,6,all,0.359257,9.838218
0,rf,block,7,GR,-15.395951,23.607778
0,rf,block,7,NPHI,0.762230,0.028973
0,rf,block,7,RHOB,0.814954,0.027119
0,rf,block,7,all,-5.141422,11.197392
0,rf,block,8,GR,-0.134200,49.610954
0,rf,block,8,NPHI,-2.483911,0.066707
0,rf,block,8,RHOB,-0.692519,0.098521
0,rf,block,8,all,0.638544,21.827151
0,rf,block,9,GR,0.506830,19.497202
0,rf,block,9,NPHI,0.242196,0.062696
0,rf,block,9,RHOB,-0.062557,0.126611
0,rf,block,9,all,0.805571,7.789318
0,rf,block,10,GR,0.667760,19.667350
0,rf,block,10,NPHI,0.758493,0.047245
0,rf,block,10,RHOB,0.223699,0.100640
0,rf,block,10,all,0.826491,6.993189
0,rf,block,11,GR,-42.795371,27.150943
0,rf,block,11,NPHI,0.623803,0.024778
0,rf,block,11,RHOB,0.165105,0.053377
0,rf,block,11,all,-16.972017,12.239417
0,rf,block,12,GR,-1.754128,24.810519
0,rf,block,12,NPHI,0.771170,0.044157
0,rf,block,12,RHOB,0.653538,0.067803
0,rf,block,12,all,0.287691,6.977494
0,rf,block,13,GR,-0.460358,25.618965
0,rf,block,13,NPHI,0.222994,0.054323
0,rf,block,13,RHOB,0.237577,0.068707
0,rf,block,13,all,0.667547,7.341583
0,rf,block,14,GR,-4.669587,13.840287
0,rf,block,14,NPHI,-0.487388,0.024879
0,rf,block,14,RHOB,0.762471,0.034194
0,rf,block,14,all,-0.406965,6.092906
0,rf,block,15,GR,-1.543165,22.736020
0,rf,block,15,NPHI,0.441319,0.047206
0,rf,block,15,RHOB,-0.442855,0.060531
0,rf,block,15,all,0.499593,8.380565
0,rf,block,16,GR,,
0,rf,block,16,NPHI,-0.754144,0.022566
0,rf,block,16,RHOB,,
0,rf,block,16,all,-0.754144,0.022566
0,rf,block,17,GR,0.113025,26.739048
0,rf,block,17,NPHI,0.458707,0.048518
0,rf,block,17,RHOB,-0.580013,0.085861
0,rf,block,17,all,0.675352,7.428874
0,rf,block,18,GR,-1.358305,39.815297
0,rf,block,18,NPHI,0.133923,0.088694
0,rf,block,18,RHOB,-0.309551,0.081188
0,rf,block,18,all,0.529109,18.002847
0,rf,profile,0,GR,-1.417007,38.121108
0,rf,profile,0,NPHI,-0.823504,0.061987
0,rf,profile,0,RHOB,0.103937,0.090394
0,rf,profile,0,all,0.674106,6.791670
0,rf,profile,1,GR,,
0,rf,profile,1,NPHI,,
0,rf,profile,1,RHOB,-0.988975,0.095239
0,rf,profile,1,all,-0.988975,0.095239
0,rf,profile,2,GR,-2.096089,32.929685
0,rf,profile,2,NPHI,0.205460,0.059530
0,rf,profile,2,RHOB,0.219351,0.076626
0,rf,profile,2,all,0.696842,5.256753
0,rf,profile,3,GR,-0.387806,20.404685
0,rf,profile,3,NPHI,0.662261,0.043868
0,rf,profile,3,RHOB,0.568686,0.078276
0,rf,profile,3,all,0.497270,6.942759
0,rf,profile,4,GR,-0.340375,25.411656
0,rf,profile,4,NPHI,0.601339,0.049465
0,rf,profile,4,RHOB,0.316700,0.088396
0,rf,profile,4,all,0.723320,8.216197
0,rf,profile,5,GR,-0.251991,20.296335
0,rf,profile,5,NPHI,0.626530,0.045078
0,rf,profile,5,RHOB,0.580040,0.076683
0,rf,profile,5,all,0.552052,7.432038
0,rf,profile,6,GR,-5.816268,24.502042
0,rf,profile,6,NPHI,-2.818813,0.077307
0,rf,profile,6,RHOB,-0.250356,0.057951
0,rf,profile,6,all,0.719098,2.287180
0,rf,profile,7,GR,,
0,rf,profile,7,NPHI,0.372558,0.030793
0,rf,profile,7,RHOB,0.760233,0.030966
0,rf,profile,7,all,0.998724,0.030897
0,rf,profile,8,GR,-8.600271,81.745925
0,rf,profile,8,NPHI,-2.660130,0.090634
0,rf,profile,8,RHOB,0.036684,0.123225
0,rf,profile,8,all,0.700112,6.391866
0,rf,profile,9,GR,0.187573,34.324231
0,rf,profile,9,NPHI,0.557581,0.057595
0,rf,profile,9,RHOB,-1.016055,0.086612
0,rf,profile,9,all,0.698318,5.781597
0,rf,profile,10,GR,-0.114287,27.230855
0,rf,profile,10,NPHI,0.585149,0.044065
0,rf,profile,10,RHOB,0.104853,0.082181
0,rf,profile,10,all,0.588618,4.592667
0,rf,profile,11,GR,-8.066608,21.902277
0,rf,profile,11,NPHI,0.696654,0.030295
0,rf,profile,11,RHOB,0.673991,0.038748
0,rf,profile,11,all,-2.439428,1.857891
0,rf,profile,12,GR,-0.295256,19.911314
0,rf,profile,12,NPHI,0.626734,0.047060
0,rf,profile,12,RHOB,0.529295,0.085598
0,rf,profile,12,all,0.633708,6.568269
0,rf,profile,13,GR,-1.091175,32.380433
0,rf,profile,13,NPHI,0.534357,0.047605
0,rf,profile,13,RHOB,0.249613,0.066031
0,rf,profile,13,all,0.639919,10.400743
0,rf,profile,14,GR,-1.800089,13.351322
0,rf,profile,14,NPHI,0.578070,0.018955
0,rf,profile,14,RHOB,0.498302,0.047072
0,rf,profile,14,all,0.798018,1.061825
0,rf,profile,15,GR,0.118552,20.394915
0,rf,profile,15,NPHI,0.530007,0.045657
0,rf,profile,15,RHOB,-0.073632,0.083061
0,rf,profile,15,all,0.606527,3.078371
0,rf,profile,16,GR,,
0,rf,profile,16,NPHI,,
0,rf,profile,16,RHOB,0.551105,0.031327
0,rf,profile,16,all,0.551105,0.031327
0,rf,profile,17,GR,-0.071625,27.448596
0,rf,profile,17,NPHI,0.442207,0.048974
0,rf,profile,17,RHOB,-0.107025,0.086996
0,rf,profile,17,all,0.506883,8.849308
0,rf,profile,18,GR,-3.119946,57.475200
0,rf,profile,18,NPHI,-0.681888,0.087599
0,rf,profile,18,RHOB,0.006282,0.097953
0,rf,profile,18,all,0.510736,7.744801
0,rf,single,0,GR,0.216897,26.531491
0,rf,single,0,NPHI,-0.864195,0.076159
0,rf,single,0,RHOB,-0.930597,0.109604
0,rf,single,0,all,0.626594,11.240081
0,rf,single,1,GR,-5.469850,49.235080
0,rf,single,1,NPHI,,
0,rf,single,1,RHOB,,
0,rf,single,1,all,-5.469850,49.235080
0,rf,single,2,GR,-2.747241,25.454004
0,rf,single,2,NPHI,0.071511,0.048390
0,rf,single,2,RHOB,-0.140623,0.119033
0,rf,single,2,all,0.728388,9.624834
0,rf,single,3,GR,-0.352460,20.521519
0,rf,single,3,NPHI,0.742270,0.038195
0,rf,single,3,RHOB,0.703097,0.059752
0,rf,single,3,all,0.566128,7.299378
0,rf,single,4,GR,-0.087725,21.370994
0,rf,single,4,NPHI,0.353365,0.060652
0,rf,single,4,RHOB,0.299941,0.072290
0,rf,single,4,all,0.718313,8.865870
0,rf,single,5,GR,-0.270076,21.566832
0,rf,single,5,NPHI,0.600535,0.045061
0,rf,single,5,RHOB,0.552568,0.074278
0,rf,single,5,all,0.503292,6.913967
0,rf,single,6,GR,-6.650678,19.441377
0,rf,single,6,NPHI,-2.782476,0.073835
0,rf,single,6,RHOB,-0.022102,0.063068
0,rf,single,6,all,0.564737,9.038296
0,rf,single,7,GR,-19.859290,28.079206
0,rf,single,7,NPHI,0.268145,0.031693
0,rf,single,7,RHOB,0.718708,0.039336
0,rf,single,7,all,-6.866771,11.481217
0,rf,single,8,GR,-0.295592,56.551779
0,rf,single,8,NPHI,-2.803330,0.106580
0,rf,single,8,RHOB,-0.735236,0.128743
0,rf,single,8,all,0.498517,22.160680
0,rf,single,9,GR,0.570073,20.424874
0,rf,single,9,NPHI,0.631525,0.049549
0,rf,single,9,RHOB,-0.195346,0.106063
0,rf,single,9,all,0.829185,8.166216
0,rf,single,10,GR,0.075771,29.265990
0,rf,single,10,NPHI,0.317808,0.040454
0,rf,single,10,RHOB,0.307262,0.067018
0,rf,single,10,all,0.641261,12.391220
0,rf,single,11,GR,-29.315039,24.107359
0,rf,single,11,NPHI,0.682307,0.031925
0,rf,single,11,RHOB,0.574390,0.042626
0,rf,single,11,all,-9.800970,10.235194
0,rf,single,12,GR,-0.598432,20.543337
0,rf,single,12,NPHI,0.605954,0.049339
0,rf,single,12,RHOB,0.543262,0.084513
0,rf,single,12,all,0.466618,8.585663
0,rf,single,13,GR,-0.490924,29.595409
0,rf,single,13,NPHI,0.538470,0.048081
0,rf,single,13,RHOB,-0.174672,0.075088
0,rf,single,13,all,0.619947,12.547209
0,rf,single,14,GR,-0.988207,13.269173
0,rf,single,14,NPHI,0.546362,0.022244
0,rf,single,14,RHOB,0.333585,0.056134
0,rf,single,14,all,0.398099,5.204769
0,rf,single,15,GR,-0.063848,21.969005
0,rf,single,15,NPHI,0.602487,0.047608
0,rf,single,15,RHOB,0.385574,0.066800
0,rf,single,15,all,0.567937,8.252928
0,rf,single,16,GR,-11.631953,15.106852
0,rf,single,16,NPHI,,
0,rf,single,16,RHOB,,
0,rf,single,16,all,-11.631953,15.106852
0,rf,single,17,GR,0.174179,27.624958
0,rf,single,17,NPHI,0.538603,0.046714
0,rf,single,17,RHOB,-0.175702,0.077442
0,rf,single,17,all,0.617771,9.624355
0,rf,single,18,GR,-1.126431,44.161105
0,rf,single,18,NPHI,-2.594284,0.082394
0,rf,single,18,RHOB,-1.829475,0.064317
0,rf,single,18,all,0.489521,20.926769
0,saits,blackout,0,GR,0.350555,28.060976
0,saits,blackout,0,NPHI,-0.049213,0.062315
0,saits,blackout,0,RHOB,-0.136522,0.098419
0,saits,blackout,0,all,0.682401,10.699289
0,saits,blackout,1,GR,-1.803459,33.925079
0,saits,blackout,1,NPHI,-0.223576,0.070487
0,saits,blackout,1,RHOB,0.163954,0.071913
0,saits,blackout,1,all,0.686372,16.998148
0,saits,blackout,2,GR,-1.966624,28.497185
0,saits,blackout,2,NPHI,0.182807,0.059060
0,saits,blackout,2,RHOB,0.078464,0.130801
0,saits,blackout,2,all,0.745268,11.162593
0,saits,blackout,3,GR,0.076510,19.019180
0,saits,blackout,3,NPHI,0.320878,0.067602
0,saits,blackout,3,RHOB,0.069611,0.107637
0,saits,blackout,3,all,0.678573,6.347297
0,saits,blackout,4,GR,0.167276,24.607616
0,saits,blackout,4,NPHI,0.270166,0.071720
0,saits,blackout,4,RHOB,-0.029283,0.124845
0,saits,blackout,4,all,0.753651,8.769712
0,saits,blackout,5,GR,-0.121800,20.793152
0,saits,blackout,5,NPHI,0.214385,0.074719
0,saits,blackout,5,RHOB,0.167580,0.108364
0,saits,blackout,5,all,0.599443,6.761743
0,saits,blackout,6,GR,-0.223410,7.040196
0,saits,blackout,6,NPHI,-5.511287,0.103515
0,saits,blackout,6,RHOB,-1.842619,0.109916
0,saits,blackout,6,all,0.943687,3.082537
0,saits,blackout,7,GR,-13.332160,31.388847
0,saits,blackout,7,NPHI,-3.253802,0.097157
0,saits,blackout,7,RHOB,-0.485451,0.085165
0,saits,blackout,7,all,-4.823432,13.392767
0,saits,blackout,8,GR,-1.072474,53.239101
0,saits,blackout,8,NPHI,-0.061924,0.041620
0,saits,blackout,8,RHOB,-0.052112,0.138020
0,saits,blackout,8,all,0.569792,21.723045
0,saits,blackout,9,GR,0.272312,29.156347
0,saits,blackout,9,NPHI,0.361009,0.064297
0,saits,blackout,9,RHOB,0.040557,0.109065
0,saits,blackout,9,all,0.665298,11.264175
0,saits,blackout,10,GR,0.297059,28.554447
0,saits,blackout,10,NPHI,0.233347,0.062341
0,saits,blackout,10,RHOB,0.105544,0.097250
0,saits,blackout,10,all,0.683802,11.113457
0,saits,blackout,11,GR,-8.713799,28.193537
0,saits,blackout,11,NPHI,-0.811497,0.073663
0,saits,blackout,11,RHOB,-0.199328,0.085218
0,saits,blackout,11,all,-3.536107,11.783077
0,saits,blackout,12,GR,0.092621,16.831711
0,saits,blackout,12,NPHI,-0.005709,0.077634
0,saits,blackout,12,RHOB,-0.023926,0.122800
0,saits,blackout,12,all,0.723844,6.070483
0,saits,blackout,13,GR,0.135105,25.380541
0,saits,blackout,13,NPHI,0.272848,0.073148
0,saits,blackout,13,RHOB,-0.172093,0.116392
0,saits,blackout,13,all,0.777419,9.041756
0,saits,blackout,14,GR,-1.827527,18.214399
0,saits,blackout,14,NPHI,-0.502200,0.055990
0,saits,blackout,14,RHOB,-0.517485,0.095417
0,saits,blackout,14,all,0.155933,7.458282
0,saits,blackout,15,GR,0.257752,17.582020
0,saits,blackout,15,NPHI,0.380670,0.065726
0,saits,blackout,15,RHOB,-0.298220,0.090551
0,saits,blackout,15,all,0.721443,6.802562
0,saits,blackout,16,GR,-68.219711,39.150257
0,saits,blackout,16,NPHI,,
0,saits,blackout,16,RHOB,-1.284637,0.070289
0,saits,blackout,16,all,-20.124596,19.610273
0,saits,blackout,17,GR,0.241119,26.446865
0,saits,blackout,17,NPHI,0.273810,0.058156
0,saits,blackout,17,RHOB,-0.103144,0.084393
0,saits,blackout,17,all,0.667604,8.565823
0,saits,blackout,18,GR,-0.985004,38.393929
0,saits,blackout,18,NPHI,0.189150,0.061566
0,saits,blackout,18,RHOB,-0.057814,0.104104
0,saits,blackout,18,all,0.669331,14.526772
0,saits,block,0,GR,0.562560,19.627382
0,saits,block,0,NPHI,-1.298638,0.046318
0,saits,block,0,RHOB,0.205677,0.078209
0,saits,block,0,all,0.798585,7.956961
0,saits,block,1,GR,-0.428145,15.237090
0,saits,block,1,NPHI,-23.489126,0.066912
0,saits,block,1,RHOB,,
0,saits,block,1,all,0.898262,7.652001
0,saits,block,2,GR,-1.510069,16.921392
0,saits,block,2,NPHI,-0.146230,0.065386
0,saits,block,2,RHOB,0.161451,0.104810
0,saits,block,2,all,0.899645,6.649068
0,saits,block,3,GR,0.304063,17.233475
0,saits,block,3,NPHI,0.599156,0.042694
0,saits,block,3,RHOB,0.038796,0.092245
0,saits,block,3,all,0.701452,5.452366
0,saits,block,4,GR,0.565499,19.117430
0,saits,block,4,NPHI,0.422250,0.055935
0,saits,block,4,RHOB,0.316873,0.098734
0,saits,block,4,all,0.859530,5.164216
0,saits,block,5,GR,0.381961,15.937985
0,saits,block,5,NPHI,0.425624,0.056564
0,saits,block,5,RHOB,0.433116,0.091115
0,saits,block,5,all,0.765840,4.775043
0,saits,block,6,GR,0.069607,4.615344
0,saits,block,6,NPHI,-5.693792,0.094818
0,saits,block,6,RHOB,-0.028623,0.074827
0,saits,block,6,all,0.967960,2.176088
0,saits,block,7,GR,-9.969085,22.058836
0,saits,block,7,NPHI,-0.342400,0.068657
0,saits,block,7,RHOB,-0.111846,0.080614
0,saits,block,7,all,-3.108735,10.488203
0,saits,block,8,GR,-0.109537,43.256184
0,saits,block,8,NPHI,-0.137519,0.041554
0,saits,block,8,RHOB,-0.528876,0.096874
0,saits,block,8,all,0.646404,19.030022
0,saits,block,9,GR,0.642922,14.867485
0,saits,block,9,NPHI,0.216316,0.057910
0,saits,block,9,RHOB,0.367425,0.094305
0,saits,block,9,all,0.859225,5.941968
0,saits,block,10,GR,0.649266,20.470865
0,saits,block,10,NPHI,0.193164,0.097226
0,saits,block,10,RHOB,0.376626,0.083380
0,saits,block,10,all,0.816833,7.282425
0,saits,block,11,GR,-24.568663,24.070086
0,saits,block,11,NPHI,0.293830,0.029600
0,saits,block,11,RHOB,0.403407,0.054719
0,saits,block,11,all,-9.492462,10.854724
0,saits,block,12,GR,0.111983,14.424373
0,saits,block,12,NPHI,0.593209,0.055830
0,saits,block,12,RHOB,0.038209,0.114763
0,saits,block,12,all,0.770305,4.096289
0,saits,block,13,GR,0.395899,16.758684
0,saits,block,13,NPHI,0.468899,0.047439
0,saits,block,13,RHOB,-0.116740,0.101317
0,saits,block,13,all,0.862472,4.830159
0,saits,block,14,GR,-3.772699,14.974620
0,saits,block,14,NPHI,-3.270965,0.067025
0,saits,block,14,RHOB,0.123105,0.063196
0,saits,block,14,all,-0.184417,6.610702
0,saits,block,15,GR,0.409793,10.168439
0,saits,block,15,NPHI,0.464763,0.046344
0,saits,block,15,RHOB,0.341697,0.043247
0,saits,block,15,all,0.883865,3.760992
0,saits,block,16,GR,,
0,saits,block,16,NPHI,-7.060881,0.065881
0,saits,block,16,RHOB,,
0,saits,block,16,all,-7.060881,0.065881
0,saits,block,17,GR,0.475848,19.664577
0,saits,block,17,NPHI,0.483411,0.049740
0,saits,block,17,RHOB,0.177456,0.063126
0,saits,block,17,all,0.808152,5.468427
0,saits,block,18,GR,-0.319531,27.582087
0,saits,block,18,NPHI,0.502470,0.069766
0,saits,block,18,RHOB,-0.416508,0.089632
0,saits,block,18,all,0.736524,12.481957
0,saits,profile,0,GR,-1.052565,35.003101
0,saits,profile,0,NPHI,-1.173143,0.084116
0,saits,profile,0,RHOB,0.005169,0.106464
0,saits,profile,0,all,0.723243,6.256807
0,saits,profile,1,GR,,
0,saits,profile,1,NPHI,,
0,saits,profile,1,RHOB,-0.220256,0.089343
0,saits,profile,1,all,-0.220256,0.089343
0,saits,profile,2,GR,-1.419740,31.296722
0,saits,profile,2,NPHI,-0.110153,0.071531
0,saits,profile,2,RHOB,-0.420023,0.135330
0,saits,profile,2,all,0.763060,5.028687
0,saits,profile,3,GR,-0.272616,22.104351
0,saits,profile,3,NPHI,0.059271,0.075933
0,saits,profile,3,RHOB,-0.555812,0.157966
0,saits,profile,3,all,0.538972,7.555675
0,saits,profile,4,GR,-0.335003,30.397125
0,saits,profile,4,NPHI,0.130729,0.081548
0,saits,profile,4,RHOB,0.004026,0.118050
0,saits,profile,4,all,0.724426,9.839530
0,saits,profile,5,GR,-0.256556,23.038139
0,saits,profile,5,NPHI,-0.215987,0.087184
0,saits,profile,5,RHOB,-0.204646,0.145555
0,saits,profile,5,all,0.550403,8.466517
0,saits,profile,6,GR,0.029825,9.421756
0,saits,profile,6,NPHI,-9.371840,0.129692
0,saits,profile,6,RHOB,-4.682955,0.141410
0,saits,profile,6,all,0.959949,0.980817
0,saits,profile,7,GR,,
0,saits,profile,7,NPHI,-5.424845,0.122932
0,saits,profile,7,RHOB,-1.253967,0.124290
0,saits,profile,7,all,0.987630,0.123747
0,saits,profile,8,GR,-15.715626,115.458679
0,saits,profile,8,NPHI,-0.289669,0.056170
0,saits,profile,8,RHOB,-0.576243,0.170901
0,saits,profile,8,all,0.477849,9.003890
0,saits,profile,9,GR,-0.079389,38.103577
0,saits,profile,9,NPHI,0.067444,0.090350
0,saits,profile,9,RHOB,-3.447380,0.145650
0,saits,profile,9,all,0.599180,6.450466
0,saits,profile,10,GR,0.042506,28.079880
0,saits,profile,10,NPHI,0.169374,0.067586
0,saits,profile,10,RHOB,0.049828,0.086875
0,saits,profile,10,all,0.646498,4.745142
0,saits,profile,11,GR,-21.317905,40.570259
0,saits,profile,11,NPHI,-1.277713,0.086350
0,saits,profile,11,RHOB,0.073617,0.076289
0,saits,profile,11,all,-7.466509,3.454140
0,saits,profile,12,GR,-0.087242,19.693018
0,saits,profile,12,NPHI,-0.630163,0.107590
0,saits,profile,12,RHOB,-1.071166,0.183034
0,saits,profile,12,all,0.692498,6.550822
0,saits,profile,13,GR,-0.824359,35.898453
0,saits,profile,13,NPHI,-0.124328,0.089244
0,saits,profile,13,RHOB,-0.468787,0.123417
0,saits,profile,13,all,0.685859,11.560493
0,saits,profile,14,GR,-0.919217,12.472277
0,saits,profile,14,NPHI,-5.987412,0.105183
0,saits,profile,14,RHOB,-1.956657,0.137433
0,saits,profile,14,all,0.861423,1.076344
0,saits,profile,15,GR,-0.469545,30.556669
0,saits,profile,15,NPHI,-0.115197,0.082802
0,saits,profile,15,RHOB,-0.449871,0.108050
0,saits,profile,15,all,0.344006,4.609605
0,saits,profile,16,GR,,
0,saits,profile,16,NPHI,,
0,saits,profile,16,RHOB,-1.298041,0.081385
0,saits,profile,16,all,-1.298041,0.081385
0,saits,profile,17,GR,-0.067219,31.002792
0,saits,profile,17,NPHI,0.065309,0.069428
0,saits,profile,17,RHOB,-0.236390,0.099457
0,saits,profile,17,all,0.508908,10.000012
0,saits,profile,18,GR,-1.872089,46.876663
0,saits,profile,18,NPHI,-0.363278,0.080889
0,saits,profile,18,RHOB,-0.021443,0.103132
0,saits,profile,18,all,0.658923,6.332189
0,saits,single,0,GR,0.994783,2.281073
0,saits,single,0,NPHI,0.986327,0.005624
0,saits,single,0,RHOB,0.962927,0.014017
0,saits,single,0,all,0.997512,0.967173
0,saits,single,1,GR,0.985868,2.129838
0,saits,single,1,NPHI,,
0,saits,single,1,RHOB,,
0,saits,single,1,all,0.985868,2.129838
0,saits,single,2,GR,0.980148,2.139604
0,saits,single,2,NPHI,0.987743,0.005790
0,saits,single,2,RHOB,0.965564,0.017427
0,saits,single,2,all,0.998561,0.811341
0,saits,single,3,GR,0.986146,1.643357
0,saits,single,3,NPHI,0.996358,0.004077
0,saits,single,3,RHOB,0.994292,0.008296
0,saits,single,3,all,0.995556,0.585961
0,saits,single,4,GR,0.994662,1.602879
0,saits,single,4,NPHI,0.992803,0.006098
0,saits,single,4,RHOB,0.995666,0.006186
0,saits,single,4,all,0.998618,0.665661
0,saits,single,5,GR,0.996660,1.253329
0,saits,single,5,NPHI,0.994396,0.004632
0,saits,single,5,RHOB,0.990962,0.011044
0,saits,single,5,all,0.998694,0.404884
0,saits,single,6,GR,0.985003,0.822635
0,saits,single,6,NPHI,0.994849,0.002142
0,saits,single,6,RHOB,0.994785,0.004754
0,saits,single,6,all,0.999147,0.382483
0,saits,single,7,GR,0.967293,1.195989
0,saits,single,7,NPHI,0.991250,0.003559
0,saits,single,7,RHOB,0.994919,0.005131
0,saits,single,7,all,0.987665,0.490586
0,saits,single,8,GR,0.678599,9.647628
0,saits,single,8,NPHI,0.984020,0.005856
0,saits,single,8,RHOB,0.960588,0.016029
0,saits,single,8,all,0.875596,3.774557
0,saits,single,9,GR,0.995549,2.103083
0,saits,single,9,NPHI,0.998977,0.002676
0,saits,single,9,RHOB,0.986707,0.009625
0,saits,single,9,all,0.998232,0.839645
0,saits,single,10,GR,0.990210,2.747556
0,saits,single,10,NPHI,0.994131,0.004218
0,saits,single,10,RHOB,0.973712,0.010652
0,saits,single,10,all,0.996200,1.164373
0,saits,single,11,GR,0.958429,1.129039
0,saits,single,11,NPHI,0.993298,0.004685
0,saits,single,11,RHOB,0.995382,0.004902
0,saits,single,11,all,0.985188,0.481143
0,saits,single,12,GR,0.994631,1.334270
0,saits,single,12,NPHI,0.992126,0.006469
0,saits,single,12,RHOB,0.994806,0.007654
0,saits,single,12,all,0.998208,0.559252
0,saits,single,13,GR,0.994589,1.795216
0,saits,single,13,NPHI,0.997292,0.003675
0,saits,single,13,RHOB,0.988704,0.005619
0,saits,single,13,all,0.998621,0.761620
0,saits,single,14,GR,0.966255,1.831897
0,saits,single,14,NPHI,0.994916,0.003088
0,saits,single,14,RHOB,0.807993,0.015849
0,saits,single,14,all,0.989782,0.720457
0,saits,single,15,GR,0.995245,1.438941
0,saits,single,15,NPHI,0.993486,0.006147
0,saits,single,15,RHOB,0.990360,0.006680
0,saits,single,15,all,0.998069,0.542236
0,saits,single,16,GR,0.975145,0.825100
0,saits,single,16,NPHI,,
0,saits,single,16,RHOB,,
0,saits,single,16,all,0.975145,0.825100
0,saits,single,17,GR,0.993217,2.391528
0,saits,single,17,NPHI,0.994949,0.004760
0,saits,single,17,RHOB,0.996707,0.004132
0,saits,single,17,all,0.996860,0.832522
0,saits,single,18,GR,0.993246,2.150989
0,saits,single,18,NPHI,0.988200,0.005039
0,saits,single,18,RHOB,0.953055,0.008623
0,saits,single,18,all,0.998379,1.020742
0,stgnn,blackout,0,GR,0.149441,30.791573
0,stgnn,blackout,0,NPHI,-0.600869,0.074070
0,stgnn,blackout,0,RHOB,-0.075558,0.094864
0,stgnn,blackout,0,all,0.584050,11.738775
0,stgnn,blackout,1,GR,-1.095303,27.934206
0,stgnn,blackout,1,NPHI,-2.523615,0.116749
0,stgnn,blackout,1,RHOB,-1.921383,0.123439
0,stgnn,blackout,1,all,0.765592,14.027193
0,stgnn,blackout,2,GR,-1.495707,24.943365
0,stgnn,blackout,2,NPHI,-0.067793,0.071483
0,stgnn,blackout,2,RHOB,-0.079075,0.137206
0,stgnn,blackout,2,all,0.785702,9.783470
0,stgnn,blackout,3,GR,-0.470268,22.206384
0,stgnn,blackout,3,NPHI,-1.079607,0.116189
0,stgnn,blackout,3,RHOB,-0.358651,0.127093
0,stgnn,blackout,3,all,0.488258,7.423939
0,stgnn,blackout,4,GR,-0.243185,29.404554
0,stgnn,blackout,4,NPHI,-0.418957,0.091977
0,stgnn,blackout,4,RHOB,0.030514,0.107964
0,stgnn,blackout,4,all,0.632226,10.467929
0,stgnn,blackout,5,GR,-0.329946,22.082456
0,stgnn,blackout,5,NPHI,-0.063194,0.084406
0,stgnn,blackout,5,RHOB,-0.122601,0.125714
0,stgnn,blackout,5,all,0.525118,7.186379
0,stgnn,blackout,6,GR,-3.872165,13.801129
0,stgnn,blackout,6,NPHI,-3.200189,0.080459
0,stgnn,blackout,6,RHOB,-0.541769,0.075485
0,stgnn,blackout,6,all,0.775785,5.969203
0,stgnn,blackout,7,GR,-44.270905,57.805932
0,stgnn,blackout,7,NPHI,-5.909999,0.130734
0,stgnn,blackout,7,RHOB,-0.757042,0.098188
0,stgnn,blackout,7,all,-17.394306,24.634164
0,stgnn,blackout,8,GR,-1.149357,53.992640
0,stgnn,blackout,8,NPHI,-1.371421,0.061131
0,stgnn,blackout,8,RHOB,-0.004569,0.126601
0,stgnn,blackout,8,all,0.553832,22.033997
0,stgnn,blackout,9,GR,0.473806,24.953364
0,stgnn,blackout,9,NPHI,-0.302474,0.076250
0,stgnn,blackout,9,RHOB,-0.034939,0.103787
0,stgnn,blackout,9,all,0.757973,9.650399
0,stgnn,blackout,10,GR,0.115793,31.545305
0,stgnn,blackout,10,NPHI,0.283039,0.060824
0,stgnn,blackout,10,RHOB,0.179433,0.088494
0,stgnn,blackout,10,all,0.602266,12.269348
0,stgnn,blackout,11,GR,-1.646669,13.994583
0,stgnn,blackout,11,NPHI,0.321018,0.045876
0,stgnn,blackout,11,RHOB,0.125352,0.067072
0,stgnn,blackout,11,all,-0.235946,5.857787
0,stgnn,blackout,12,GR,-1.076288,24.279951
0,stgnn,blackout,12,NPHI,-2.482579,0.140615
0,stgnn,blackout,12,RHOB,-0.444157,0.143400
0,stgnn,blackout,12,all,0.368098,8.755023
0,stgnn,blackout,13,GR,-0.524617,33.535828
0,stgnn,blackout,13,NPHI,-0.052319,0.085817
0,stgnn,blackout,13,RHOB,0.006774,0.104316
0,stgnn,blackout,13,all,0.607644,11.927467
0,stgnn,blackout,14,GR,-1.528356,16.219929
0,stgnn,blackout,14,NPHI,0.152233,0.044054
0,stgnn,blackout,14,RHOB,-0.087584,0.075356
0,stgnn,blackout,14,all,0.245246,6.637249
0,stgnn,blackout,15,GR,0.319248,16.420805
0,stgnn,blackout,15,NPHI,0.274865,0.067682
0,stgnn,blackout,15,RHOB,0.081943,0.071267
0,stgnn,blackout,15,all,0.744522,6.351457
0,stgnn,blackout,16,GR,-114.222628,51.980588
0,stgnn,blackout,16,NPHI,,
0,stgnn,blackout,16,RHOB,-3.773427,0.106928
0,stgnn,blackout,16,all,-34.163882,26.043758
0,stgnn,blackout,17,GR,0.271723,23.081265
0,stgnn,blackout,17,NPHI,-0.459669,0.085221
0,stgnn,blackout,17,RHOB,-0.339466,0.096425
0,stgnn,blackout,17,all,0.681006,7.495168
0,stgnn,blackout,18,GR,-0.082048,28.013573
0,stgnn,blackout,18,NPHI,0.136022,0.065091
0,stgnn,blackout,18,RHOB,-0.175811,0.091394
0,stgnn,blackout,18,all,0.819747,10.610578
0,stgnn,block,0,GR,0.321855,25.844770
0,stgnn,block,0,NPHI,-2.611087,0.050779
0,stgnn,block,0,RHOB,-0.795597,0.128755
0,stgnn,block,0,all,0.687753,10.482136
0,stgnn,block,1,GR,-3.220010,28.019115
0,stgnn,block,1,NPHI,-20.063276,0.058540
0,stgnn,block,1,RHOB,,
0,stgnn,block,1,all,0.699378,14.038827
0,stgnn,block,2,GR,-0.756926,13.568520
0,stgnn,block,2,NPHI,-5.807493,0.168242
0,stgnn,block,2,RHOB,-0.327639,0.131829
0,stgnn,block,2,all,0.929747,5.380353
0,stgnn,block,3,GR,0.268223,17.343275
0,stgnn,block,3,NPHI,0.292198,0.057146
0,stgnn,block,3,RHOB,0.585278,0.063583
0,stgnn,block,3,all,0.686083,5.481045
0,stgnn,block,4,GR,0.688619,13.415508
0,stgnn,block,4,NPHI,0.191736,0.063674
0,stgnn,block,4,RHOB,0.265159,0.116976
0,stgnn,block,4,all,0.899329,3.651631
0,stgnn,block,5,GR,-0.170296,20.446146
0,stgnn,block,5,NPHI,0.689781,0.039935
0,stgnn,block,5,RHOB,0.647262,0.070355
0,stgnn,block,5,all,0.556620,6.097553
0,stgnn,block,6,GR,-14.449694,21.440375
0,stgnn,block,6,NPHI,-3.899068,0.086807
0,stgnn,block,6,RHOB,0.513024,0.047495
0,stgnn,block,6,all,0.468128,9.932220
0,stgnn,block,7,GR,-65.281874,60.711407
0,stgnn,block,7,NPHI,0.826794,0.024467
0,stgnn,block,7,RHOB,0.771339,0.034042
0,stgnn,block,7,all,-23.827134,28.773432
0,stgnn,block,8,GR,0.024169,40.028942
0,stgnn,block,8,NPHI,0.117001,0.036764
0,stgnn,block,8,RHOB,-0.234457,0.077875
0,stgnn,block,8,all,0.689015,17.606338
0,stgnn,block,9,GR,0.707258,12.919717
0,stgnn,block,9,NPHI,-0.265821,0.092420
0,stgnn,block,9,RHOB,0.592984,0.084029
0,stgnn,block,9,all,0.884588,5.176503
0,stgnn,block,10,GR,0.455467,27.320517
0,stgnn,block,10,NPHI,0.939612,0.023318
0,stgnn,block,10,RHOB,0.509880,0.077803
0,stgnn,block,10,all,0.715632,9.679257
0,stgnn,block,11,GR,-6.793652,12.707454
0,stgnn,block,11,NPHI,0.556411,0.031538
0,stgnn,block,11,RHOB,0.452947,0.047391
0,stgnn,block,11,all,-2.198262,5.740060
0,stgnn,block,12,GR,0.263536,12.691250
0,stgnn,block,12,NPHI,0.358927,0.072458
0,stgnn,block,12,RHOB,0.807477,0.052665
0,stgnn,block,12,all,0.809517,3.592417
0,stgnn,block,13,GR,-0.408989,25.789454
0,stgnn,block,13,NPHI,0.278085,0.058110
0,stgnn,block,13,RHOB,0.178180,0.079030
0,stgnn,block,13,all,0.679241,7.395661
0,stgnn,block,14,GR,-2.161640,12.163361
0,stgnn,block,14,NPHI,-0.880453,0.035921
0,stgnn,block,14,RHOB,0.673012,0.043183
0,stgnn,block,14,all,0.215400,5.362288
0,stgnn,block,15,GR,-0.035285,12.648416
0,stgnn,block,15,NPHI,0.625910,0.039788
0,stgnn,block,15,RHOB,-0.420360,0.058136
0,stgnn,block,15,all,0.796288,4.674543
0,stgnn,block,16,GR,,
0,stgnn,block,16,NPHI,-4.806384,0.060858
0,stgnn,block,16,RHOB,,
0,stgnn,block,16,all,-4.806384,0.060858
0,stgnn,block,17,GR,0.424270,22.036823
0,stgnn,block,17,NPHI,0.462197,0.049044
0,stgnn,block,17,RHOB,-0.206500,0.075615
0,stgnn,block,17,all,0.789272,6.127485
0,stgnn,block,18,GR,-0.017025,25.076502
0,stgnn,block,18,NPHI,0.337952,0.082037
0,stgnn,block,18,RHOB,-0.428297,0.074688
0,stgnn,block,18,all,0.796926,11.352321
0,stgnn,profile,0,GR,-1.852254,42.612109
0,stgnn,profile,0,NPHI,-1.524080,0.074424
0,stgnn,profile,0,RHOB,0.263388,0.081787
0,stgnn,profile,0,all,0.615422,7.584539
0,stgnn,profile,1,GR,,
0,stgnn,profile,1,NPHI,,
0,stgnn,profile,1,RHOB,-1.094013,0.095727
0,stgnn,profile,1,all,-1.094013,0.095727
0,stgnn,profile,2,GR,-0.498029,26.070358
0,stgnn,profile,2,NPHI,-0.468771,0.085086
0,stgnn,profile,2,RHOB,-0.331460,0.113649
0,stgnn,profile,2,all,0.853308,4.200050
0,stgnn,profile,3,GR,0.450221,13.130692
0,stgnn,profile,3,NPHI,0.118950,0.071823
0,stgnn,profile,3,RHOB,0.605621,0.078026
0,stgnn,profile,3,all,0.800835,4.490983
0,stgnn,profile,4,GR,0.076658,21.657739
0,stgnn,profile,4,NPHI,0.285405,0.066829
0,stgnn,profile,4,RHOB,0.229501,0.108017
0,stgnn,profile,4,all,0.809401,7.022210
0,stgnn,profile,5,GR,0.054852,17.712598
0,stgnn,profile,5,NPHI,0.614034,0.046120
0,stgnn,profile,5,RHOB,0.659046,0.068661
0,stgnn,profile,5,all,0.661836,6.488543
0,stgnn,profile,6,GR,-4.531156,22.758838
0,stgnn,profile,6,NPHI,-2.355135,0.073351
0,stgnn,profile,6,RHOB,0.308475,0.044700
0,stgnn,profile,6,all,0.772060,2.120040
0,stgnn,profile,7,GR,,
0,stgnn,profile,7,NPHI,-0.029773,0.045812
0,stgnn,profile,7,RHOB,0.706850,0.037120
0,stgnn,profile,7,all,0.998254,0.040597
0,stgnn,profile,8,GR,-8.245223,84.196234
0,stgnn,profile,8,NPHI,0.176454,0.040855
0,stgnn,profile,8,RHOB,0.124362,0.109643
0,stgnn,profile,8,all,0.711204,6.556677
0,stgnn,profile,9,GR,0.755092,16.098522
0,stgnn,profile,9,NPHI,0.318098,0.067716
0,stgnn,profile,9,RHOB,-0.141033,0.071469
0,stgnn,profile,9,all,0.909054,2.741185
0,stgnn,profile,10,GR,0.095506,26.322248
0,stgnn,profile,10,NPHI,0.586183,0.046985
0,stgnn,profile,10,RHOB,0.436903,0.063199
0,stgnn,profile,10,all,0.666073,4.433627
0,stgnn,profile,11,GR,-0.265444,7.755239
0,stgnn,profile,11,NPHI,0.769222,0.025983
0,stgnn,profile,11,RHOB,0.782051,0.034541
0,stgnn,profile,11,all,0.519881,0.675080
0,stgnn,profile,12,GR,0.434259,13.464743
0,stgnn,profile,12,NPHI,0.115421,0.076213
0,stgnn,profile,12,RHOB,0.716485,0.065849
0,stgnn,profile,12,all,0.840006,4.458358
0,stgnn,profile,13,GR,-1.156607,36.085714
0,stgnn,profile,13,NPHI,0.591859,0.049048
0,stgnn,profile,13,RHOB,0.284187,0.074935
0,stgnn,profile,13,all,0.628653,11.590100
0,stgnn,profile,14,GR,0.156060,8.255192
0,stgnn,profile,14,NPHI,0.495556,0.022507
0,stgnn,profile,14,RHOB,0.669529,0.036795
0,stgnn,profile,14,all,0.939114,0.664583
0,stgnn,profile,15,GR,0.350171,18.786771
0,stgnn,profile,15,NPHI,0.636559,0.044347
0,stgnn,profile,15,RHOB,-0.321300,0.085502
0,stgnn,profile,15,all,0.709908,2.840818
0,stgnn,profile,16,GR,,
0,stgnn,profile,16,NPHI,,
0,stgnn,profile,16,RHOB,0.202183,0.049925
0,stgnn,profile,16,all,0.202183,0.049925
0,stgnn,profile,17,GR,0.551825,17.579774
0,stgnn,profile,17,NPHI,0.236509,0.059502
0,stgnn,profile,17,RHOB,0.139877,0.075501
0,stgnn,profile,17,all,0.793765,5.683690
0,stgnn,profile,18,GR,-0.550857,31.095660
0,stgnn,profile,18,NPHI,0.026475,0.069024
0,stgnn,profile,18,RHOB,-0.338301,0.114284
0,stgnn,profile,18,all,0.815821,4.230048
0,stgnn,single,0,GR,0.764351,15.482791
0,stgnn,single,0,NPHI,-0.420569,0.067464
0,stgnn,single,0,RHOB,-0.534910,0.102858
0,stgnn,single,0,all,0.887633,6.576432
0,stgnn,single,1,GR,-0.481650,21.590201
0,stgnn,single,1,NPHI,,
0,stgnn,single,1,RHOB,,
0,stgnn,single,1,all,-0.481650,21.590201
0,stgnn,single,2,GR,-0.315375,19.743636
0,stgnn,single,2,NPHI,0.401015,0.041770
0,stgnn,single,2,RHOB,0.362894,0.084088
0,stgnn,single,2,all,0.904656,7.465551
0,stgnn,single,3,GR,0.285936,14.307550
0,stgnn,single,3,NPHI,-0.568782,0.097340
0,stgnn,single,3,RHOB,0.702907,0.063541
0,stgnn,single,3,all,0.770917,5.119661
0,stgnn,single,4,GR,0.738259,11.579525
0,stgnn,single,4,NPHI,0.138631,0.069628
0,stgnn,single,4,RHOB,0.162718,0.083794
0,stgnn,single,4,all,0.932214,4.827514
0,stgnn,single,5,GR,0.176487,18.775546
0,stgnn,single,5,NPHI,0.782327,0.033401
0,stgnn,single,5,RHOB,0.653406,0.068168
0,stgnn,single,5,all,0.677935,6.018553
0,stgnn,single,6,GR,-2.197010,11.265715
0,stgnn,single,6,NPHI,-0.415816,0.043066
0,stgnn,single,6,RHOB,0.590526,0.039056
0,stgnn,single,6,all,0.818116,5.237994
0,stgnn,single,7,GR,-34.351195,46.236283
0,stgnn,single,7,NPHI,0.759535,0.022986
0,stgnn,single,7,RHOB,0.650166,0.037903
0,stgnn,single,7,all,-12.332158,18.888600
0,stgnn,single,8,GR,0.549271,27.323260
0,stgnn,single,8,NPHI,0.105532,0.047540
0,stgnn,single,8,RHOB,0.617466,0.050159
0,stgnn,single,8,all,0.825537,10.702732
0,stgnn,single,9,GR,0.891127,10.530908
0,stgnn,single,9,NPHI,0.644306,0.050971
0,stgnn,single,9,RHOB,0.395011,0.079774
0,stgnn,single,9,all,0.956742,4.225674
0,stgnn,single,10,GR,0.642029,20.601957
0,stgnn,single,10,NPHI,0.766708,0.024537
0,stgnn,single,10,RHOB,0.725005,0.048002
0,stgnn,single,10,all,0.861054,8.721578
0,stgnn,single,11,GR,-2.482150,8.280043
0,stgnn,single,11,NPHI,0.699138,0.030436
0,stgnn,single,11,RHOB,0.721771,0.040954
0,stgnn,single,11,all,-0.240676,3.527815
0,stgnn,single,12,GR,0.780046,7.462976
0,stgnn,single,12,NPHI,0.582516,0.049500
0,stgnn,single,12,RHOB,0.791867,0.058700
0,stgnn,single,12,all,0.926600,3.136509
0,stgnn,single,13,GR,0.731018,14.636719
0,stgnn,single,13,NPHI,0.678811,0.039241
0,stgnn,single,13,RHOB,0.322732,0.075702
0,stgnn,single,13,all,0.931432,6.220759
0,stgnn,single,14,GR,-0.291718,11.419529
0,stgnn,single,14,NPHI,0.825361,0.016400
0,stgnn,single,14,RHOB,0.730227,0.032496
0,stgnn,single,14,all,0.608954,4.474520
0,stgnn,single,15,GR,0.662481,10.589176
0,stgnn,single,15,NPHI,0.848888,0.028679
0,stgnn,single,15,RHOB,0.657999,0.044325
0,stgnn,single,15,all,0.862922,3.983447
0,stgnn,single,16,GR,-50.601248,38.710749
0,stgnn,single,16,NPHI,,
0,stgnn,single,16,RHOB,,
0,stgnn,single,16,all,-50.601248,38.710749
0,stgnn,single,17,GR,0.715095,16.056682
0,stgnn,single,17,NPHI,0.508811,0.048555
0,stgnn,single,17,RHOB,0.405212,0.056136
0,stgnn,single,17,all,0.868131,5.604464
0,stgnn,single,18,GR,0.278156,23.228775
0,stgnn,single,18,NPHI,-1.831133,0.071003
0,stgnn,single,18,RHOB,-3.541103,0.106525
0,stgnn,single,18,all,0.826710,11.031204
0,unet,blackout,0,GR,0.347667,27.268085
0,unet,blackout,0,NPHI,-0.915397,0.078696
0,unet,blackout,0,RHOB,-0.757453,0.121004
0,unet,blackout,0,all,0.680985,10.410216
0,unet,blackout,1,GR,-2.748779,40.175121
0,unet,blackout,1,NPHI,-0.439467,0.069840
0,unet,blackout,1,RHOB,-1.171268,0.107109
0,unet,blackout,1,all,0.580617,20.132038
0,unet,blackout,2,GR,-1.019350,21.094339
0,unet,blackout,2,NPHI,0.202426,0.058389
0,unet,blackout,2,RHOB,0.029218,0.122091
0,unet,blackout,2,all,0.826604,8.274909
0,unet,blackout,3,GR,-0.514468,23.465752
0,unet,blackout,3,NPHI,0.345979,0.064492
0,unet,blackout,3,RHOB,0.075240,0.104228
0,unet,blackout,3,all,0.472890,7.815372
0,unet,blackout,4,GR,-0.130651,25.444366
0,unet,blackout,4,NPHI,0.143567,0.076174
0,unet,blackout,4,RHOB,0.019228,0.114440
0,unet,blackout,4,all,0.665518,9.063820
0,unet,blackout,5,GR,-0.486375,23.735327
0,unet,blackout,5,NPHI,0.251273,0.071923
0,unet,blackout,5,RHOB,-0.093970,0.122094
0,unet,blackout,5,all,0.469267,7.713543
0,unet,blackout,6,GR,-0.621089,8.175230
0,unet,blackout,6,NPHI,-4.204124,0.096196
0,unet,blackout,6,RHOB,-0.070159,0.055343
0,unet,blackout,6,all,0.925392,3.555607
0,unet,blackout,7,GR,-13.742174,27.451469
0,unet,blackout,7,NPHI,-0.760253,0.058762
0,unet,blackout,7,RHOB,-0.156471,0.074355
0,unet,blackout,7,all,-4.989991,11.703569
0,unet,blackout,8,GR,-1.843902,66.268776
0,unet,blackout,8,NPHI,-0.919486,0.056435
0,unet,blackout,8,RHOB,-0.320083,0.158800
0,unet,blackout,8,all,0.409658,27.038042
0,unet,blackout,9,GR,0.141817,33.508774
0,unet,blackout,9,NPHI,0.263837,0.062949
0,unet,blackout,9,RHOB,-0.884300,0.146646
0,unet,blackout,9,all,0.605274,12.948125
0,unet,blackout,10,GR,0.159282,31.072302
0,unet,blackout,10,NPHI,0.304278,0.059848
0,unet,blackout,10,RHOB,0.195660,0.090185
0,unet,blackout,10,all,0.621828,12.086251
0,unet,blackout,11,GR,-13.431212,36.265911
0,unet,blackout,11,NPHI,-0.623950,0.079296
0,unet,blackout,11,RHOB,0.185776,0.068088
0,unet,blackout,11,all,-5.738980,15.141848
0,unet,blackout,12,GR,-1.172208,25.822943
0,unet,blackout,12,NPHI,-0.312086,0.087218
0,unet,blackout,12,RHOB,-0.309340,0.136737
0,unet,blackout,12,all,0.338922,9.286345
0,unet,blackout,13,GR,-0.509001,34.014122
0,unet,blackout,13,NPHI,-0.041801,0.084348
0,unet,blackout,13,RHOB,-0.384443,0.128007
0,unet,blackout,13,all,0.611661,12.103950
0,unet,blackout,14,GR,-5.930785,29.760525
0,unet,blackout,14,NPHI,-0.674694,0.063622
0,unet,blackout,14,RHOB,-0.261527,0.085974
0,unet,blackout,14,all,-1.068930,12.159504
0,unet,blackout,15,GR,-0.002324,19.646931
0,unet,blackout,15,NPHI,0.259093,0.073043
0,unet,blackout,15,RHOB,-0.498560,0.091640
0,unet,blackout,15,all,0.623841,7.598577
0,unet,blackout,16,GR,-19.633213,21.423264
0,unet,blackout,16,NPHI,,
0,unet,blackout,16,RHOB,0.121720,0.031604
0,unet,blackout,16,all,-5.296888,10.727433
0,unet,blackout,17,GR,0.318974,21.746149
0,unet,blackout,17,NPHI,0.211362,0.060259
0,unet,blackout,17,RHOB,-0.463914,0.098668
0,unet,blackout,17,all,0.701703,7.057427
0,unet,blackout,18,GR,-1.133763,40.075001
0,unet,blackout,18,NPHI,-0.263856,0.080156
0,unet,blackout,18,RHOB,-0.444596,0.124617
0,unet,blackout,18,all,0.644549,15.172742
0,unet,block,0,GR,0.207717,25.907509
0,unet,block,0,NPHI,-0.523836,0.037351
0,unet,block,0,RHOB,-0.104780,0.087320
0,unet,block,0,all,0.635202,10.491089
0,unet,block,1,GR,-4.737468,31.810192
0,unet,block,1,NPHI,-60.994057,0.099063
0,unet,block,1,RHOB,,
0,unet,block,1,all,0.591277,15.954628
0,unet,block,2,GR,-0.349616,11.765368
0,unet,block,2,NPHI,0.177254,0.054157
0,unet,block,2,RHOB,0.226745,0.091506
0,unet,block,2,all,0.946039,4.631572
0,unet,block,3,GR,0.398793,15.111614
0,unet,block,3,NPHI,0.742417,0.035892
0,unet,block,3,RHOB,0.537310,0.067693
0,unet,block,3,all,0.742095,4.775751
0,unet,block,4,GR,0.645489,15.439774
0,unet,block,4,NPHI,0.596025,0.047001
0,unet,block,4,RHOB,0.463846,0.086237
0,unet,block,4,all,0.885391,4.174068
0,unet,block,5,GR,-0.017357,19.541231
0,unet,block,5,NPHI,0.719119,0.039144
0,unet,block,5,RHOB,0.735701,0.058109
0,unet,block,5,all,0.614563,5.824605
0,unet,block,6,GR,-8.504904,17.418564
0,unet,block,6,NPHI,-3.375019,0.082809
0,unet,block,6,RHOB,0.199756,0.065828
0,unet,block,6,all,0.672781,8.079573
0,unet,block,7,GR,-1.351658,9.458828
0,unet,block,7,NPHI,0.815895,0.027707
0,unet,block,7,RHOB,0.836171,0.029519
0,unet,block,7,all,0.119134,4.495557
0,unet,block,8,GR,-0.153297,52.701675
0,unet,block,8,NPHI,-2.546919,0.071866
0,unet,block,8,RHOB,-0.229398,0.081114
0,unet,block,8,all,0.632458,23.180342
0,unet,block,9,GR,0.675291,16.991999
0,unet,block,9,NPHI,0.752225,0.038046
0,unet,block,9,RHOB,-0.733802,0.161258
0,unet,block,9,all,0.871980,6.799404
0,unet,block,10,GR,0.799822,16.739576
0,unet,block,10,NPHI,0.834457,0.043330
0,unet,block,10,RHOB,0.386166,0.085266
0,unet,block,10,all,0.895458,5.952774
0,unet,block,11,GR,-17.635595,22.417761
0,unet,block,11,NPHI,0.646384,0.027264
0,unet,block,11,RHOB,0.458678,0.037727
0,unet,block,11,all,-6.647383,10.105865
0,unet,block,12,GR,-0.138636,16.913504
0,unet,block,12,NPHI,0.744261,0.047343
0,unet,block,12,RHOB,0.724513,0.061360
0,unet,block,12,all,0.705506,4.768190
0,unet,block,13,GR,-0.370446,22.115208
0,unet,block,13,NPHI,-0.210827,0.059592
0,unet,block,13,RHOB,0.344498,0.063169
0,unet,block,13,all,0.688015,6.342793
0,unet,block,14,GR,-1.763679,10.731861
0,unet,block,14,NPHI,-0.393934,0.029009
0,unet,block,14,RHOB,0.897828,0.023709
0,unet,block,14,all,0.314163,4.726271
0,unet,block,15,GR,-0.789842,17.787731
0,unet,block,15,NPHI,0.471342,0.047931
0,unet,block,15,RHOB,0.149145,0.049685
0,unet,block,15,all,0.647821,6.560609
0,unet,block,16,GR,,
0,unet,block,16,NPHI,0.554965,0.013695
0,unet,block,16,RHOB,,
0,unet,block,16,all,0.554965,0.013695
0,unet,block,17,GR,0.649313,16.202667
0,unet,block,17,NPHI,0.647868,0.040842
0,unet,block,17,RHOB,-0.479284,0.088906
0,unet,block,17,all,0.871639,4.519127
0,unet,block,18,GR,-0.468985,30.489067
0,unet,block,18,NPHI,0.307998,0.082396
0,unet,block,18,RHOB,-0.307834,0.086532
0,unet,block,18,all,0.706682,13.796182
0,unet,profile,0,GR,-0.307000,28.901270
0,unet,profile,0,NPHI,0.000121,0.047361
0,unet,profile,0,RHOB,0.155365,0.087363
0,unet,profile,0,all,0.823770,5.158051
0,unet,profile,1,GR,,
0,unet,profile,1,NPHI,,
0,unet,profile,1,RHOB,-1.012504,0.097098
0,unet,profile,1,all,-1.012504,0.097098
0,unet,profile,2,GR,-0.955248,24.834543
0,unet,profile,2,NPHI,0.451875,0.047747
0,unet,profile,2,RHOB,0.446611,0.056938
0,unet,profile,2,all,0.808548,3.965322
0,unet,profile,3,GR,0.153637,16.747486
0,unet,profile,3,NPHI,0.718865,0.039987
0,unet,profile,3,RHOB,0.750507,0.062860
0,unet,profile,3,all,0.693406,5.699125
0,unet,profile,4,GR,-0.491413,26.020275
0,unet,profile,4,NPHI,0.668977,0.046425
0,unet,profile,4,RHOB,0.353451,0.083448
0,unet,profile,4,all,0.692143,8.409045
0,unet,profile,5,GR,0.305521,16.068693
0,unet,profile,5,NPHI,0.734156,0.038877
0,unet,profile,5,RHOB,0.699781,0.064190
0,unet,profile,5,all,0.751522,5.886101
0,unet,profile,6,GR,-4.051413,23.391407
0,unet,profile,6,NPHI,-2.374845,0.075068
0,unet,profile,6,RHOB,-0.015009,0.056402
0,unet,profile,6,all,0.791826,2.184554
0,unet,profile,7,GR,,
0,unet,profile,7,NPHI,0.814927,0.017735
0,unet,profile,7,RHOB,0.717489,0.034016
0,unet,profile,7,all,0.998888,0.027503
0,unet,profile,8,GR,-5.465810,68.539024
0,unet,profile,8,NPHI,-1.929460,0.085322
0,unet,profile,8,RHOB,0.193589,0.105895
0,unet,profile,8,all,0.798023,5.363651
0,unet,profile,9,GR,0.369711,31.231932
0,unet,profile,9,NPHI,0.756301,0.046008
0,unet,profile,9,RHOB,-0.937813,0.095205
0,unet,profile,9,all,0.765951,5.265528
0,unet,profile,10,GR,0.174797,23.503870
0,unet,profile,10,NPHI,0.716294,0.038334
0,unet,profile,10,RHOB,0.351923,0.066703
0,unet,profile,10,all,0.695345,3.962259
0,unet,profile,11,GR,-5.200867,21.387371
0,unet,profile,11,NPHI,0.588985,0.038750
0,unet,profile,11,RHOB,0.848563,0.025508
0,unet,profile,11,all,-1.352304,1.810077
0,unet,profile,12,GR,0.350350,15.052077
0,unet,profile,12,NPHI,0.660504,0.046464
0,unet,profile,12,RHOB,0.712642,0.063803
0,unet,profile,12,all,0.816280,4.968373
0,unet,profile,13,GR,-0.976678,30.436451
0,unet,profile,13,NPHI,0.582642,0.041314
0,unet,profile,13,RHOB,0.379924,0.058811
0,unet,profile,13,all,0.659635,9.774057
0,unet,profile,14,GR,-0.619415,11.001063
0,unet,profile,14,NPHI,0.699900,0.016611
0,unet,profile,14,RHOB,0.715642,0.036075
0,unet,profile,14,all,0.883185,0.873547
0,unet,profile,15,GR,0.051353,18.837629
0,unet,profile,15,NPHI,0.521054,0.048442
0,unet,profile,15,RHOB,0.392561,0.060346
0,unet,profile,15,all,0.576541,2.837757
0,unet,profile,16,GR,,
0,unet,profile,16,NPHI,,
0,unet,profile,16,RHOB,0.678367,0.026198
0,unet,profile,16,all,0.678367,0.026198
0,unet,profile,17,GR,0.593264,15.986279
0,unet,profile,17,NPHI,0.595711,0.043083
0,unet,profile,17,RHOB,-0.023235,0.087644
0,unet,profile,17,all,0.812833,5.172027
0,unet,profile,18,GR,-2.214439,50.935867
0,unet,profile,18,NPHI,-0.181762,0.072169
0,unet,profile,18,RHOB,0.165438,0.091521
0,unet,profile,18,all,0.618270,6.864316
0,unet,single,0,GR,0.890399,9.913165
0,unet,single,0,NPHI,0.837038,0.023915
0,unet,single,0,RHOB,0.330436,0.052790
0,unet,single,0,all,0.947738,4.201038
0,unet,single,1,GR,0.412007,13.737190
0,unet,single,1,NPHI,,
0,unet,single,1,RHOB,,
0,unet,single,1,all,0.412007,13.737190
0,unet,single,2,GR,0.604697,9.479570
0,unet,single,2,NPHI,0.834867,0.021241
0,unet,single,2,RHOB,0.719869,0.062592
0,unet,single,2,all,0.971347,3.589720
0,unet,single,3,GR,0.474453,12.375570
0,unet,single,3,NPHI,0.879172,0.024363
0,unet,single,3,RHOB,0.894461,0.037475
0,unet,single,3,all,0.831403,4.402807
0,unet,single,4,GR,0.796239,10.030106
0,unet,single,4,NPHI,0.750177,0.034202
0,unet,single,4,RHOB,0.579802,0.059937
0,unet,single,4,all,0.947231,4.169846
0,unet,single,5,GR,0.668467,11.501569
0,unet,single,5,NPHI,0.822960,0.029338
0,unet,single,5,RHOB,0.875067,0.038645
0,unet,single,5,all,0.870342,3.688544
0,unet,single,6,GR,-6.686850,21.629578
0,unet,single,6,NPHI,0.534285,0.026168
0,unet,single,6,RHOB,-0.617142,0.092785
0,unet,single,6,all,0.562681,10.040083
0,unet,single,7,GR,0.228753,5.877894
0,unet,single,7,NPHI,0.877860,0.016174
0,unet,single,7,RHOB,0.920203,0.021449
0,unet,single,7,all,0.709133,2.409789
0,unet,single,8,GR,0.649483,25.918282
0,unet,single,8,NPHI,-1.681530,0.096915
0,unet,single,8,RHOB,0.272206,0.082518
0,unet,single,8,all,0.864325,10.180012
0,unet,single,9,GR,0.844533,13.222188
0,unet,single,9,NPHI,0.839528,0.035234
0,unet,single,9,RHOB,0.394429,0.051203
0,unet,single,9,all,0.938231,5.283675
0,unet,single,10,GR,0.821640,11.489540
0,unet,single,10,NPHI,0.630723,0.034128
0,unet,single,10,RHOB,0.820281,0.038139
0,unet,single,10,all,0.930769,4.873883
0,unet,single,11,GR,-0.641798,6.284475
0,unet,single,11,NPHI,0.817158,0.022175
0,unet,single,11,RHOB,0.828881,0.025285
0,unet,single,11,all,0.415031,2.676219
0,unet,single,12,GR,0.647922,10.028765
0,unet,single,12,NPHI,0.796703,0.034513
0,unet,single,12,RHOB,0.728663,0.063118
0,unet,single,12,all,0.882512,4.200361
0,unet,single,13,GR,0.713596,13.830786
0,unet,single,13,NPHI,0.828594,0.031501
0,unet,single,13,RHOB,0.635806,0.045410
0,unet,single,13,all,0.926992,5.869247
0,unet,single,14,GR,0.667751,4.843145
0,unet,single,14,NPHI,0.850254,0.017325
0,unet,single,14,RHOB,0.795828,0.031070
0,unet,single,14,all,0.899415,1.905632
0,unet,single,15,GR,0.800471,8.753816
0,unet,single,15,NPHI,0.877964,0.029632
0,unet,single,15,RHOB,0.822177,0.030994
0,unet,single,15,all,0.918964,3.293282
0,unet,single,16,GR,-0.089274,5.192925
0,unet,single,16,NPHI,,
0,unet,single,16,RHOB,,
0,unet,single,16,all,-0.089274,5.192925
0,unet,single,17,GR,0.809506,10.923182
0,unet,single,17,NPHI,0.717875,0.037471
0,unet,single,17,RHOB,0.434670,0.059919
0,unet,single,17,all,0.911829,3.821537
0,unet,single,18,GR,0.561899,20.095684
0,unet,single,18,NPHI,0.059140,0.045957
0,unet,single,18,RHOB,0.108020,0.036233
0,unet,single,18,all,0.894828,9.526964
0,xgb,blackout,0,GR,-1.640463,55.331453
0,xgb,blackout,0,NPHI,-6.683277,0.183332
0,xgb,blackout,0,RHOB,-12.717110,0.373757
0,xgb,blackout,0,all,-0.291303,21.167532
0,xgb,blackout,1,GR,-1.270906,28.965284
0,xgb,blackout,1,NPHI,-4.639538,0.154763
0,xgb,blackout,1,RHOB,-2.015026,0.122783
0,xgb,blackout,1,all,0.745946,14.551821
0,xgb,blackout,2,GR,-4.458657,36.715147
0,xgb,blackout,2,NPHI,-2.185614,0.118395
0,xgb,blackout,2,RHOB,-2.836464,0.289272
0,xgb,blackout,2,all,0.531273,14.430553
0,xgb,blackout,3,GR,-11.991614,75.761151
0,xgb,blackout,3,NPHI,-1.107082,0.123477
0,xgb,blackout,3,RHOB,-12.452776,0.445263
0,xgb,blackout,3,all,-3.521777,25.240469
0,xgb,blackout,4,GR,-2.123959,48.009645
0,xgb,blackout,4,NPHI,-2.527137,0.171123
0,xgb,blackout,4,RHOB,-4.119598,0.330196
0,xgb,blackout,4,all,0.075813,17.147881
0,xgb,blackout,5,GR,-14.260348,84.445238
0,xgb,blackout,5,NPHI,-1.317672,0.125360
0,xgb,blackout,5,RHOB,-2.656420,0.232456
0,xgb,blackout,5,all,-4.448780,27.329832
0,xgb,blackout,6,GR,-48.859473,47.786938
0,xgb,blackout,6,NPHI,-24.127208,0.209210
0,xgb,blackout,6,RHOB,-14.021012,0.213135
0,xgb,blackout,6,all,-1.294489,20.633462
0,xgb,blackout,7,GR,-89.315285,77.055346
0,xgb,blackout,7,NPHI,-15.239439,0.200046
0,xgb,blackout,7,RHOB,-14.797612,0.272727
0,xgb,blackout,7,all,-35.696839,32.878186
0,xgb,blackout,8,GR,-0.579583,49.098190
0,xgb,blackout,8,NPHI,-9.423670,0.142898
0,xgb,blackout,8,RHOB,-5.081858,0.368301
0,xgb,blackout,8,all,0.672096,20.128084
0,xgb,blackout,9,GR,-1.125264,57.177034
0,xgb,blackout,9,NPHI,-1.879011,0.150072
0,xgb,blackout,9,RHOB,-32.950710,0.614416
0,xgb,blackout,9,all,0.022387,22.211609
0,xgb,blackout,10,GR,-2.395273,59.899358
0,xgb,blackout,10,NPHI,-3.431618,0.164985
0,xgb,blackout,10,RHOB,-5.346620,0.299516
0,xgb,blackout,10,all,-0.527277,23.352070
0,xgb,blackout,11,GR,-86.617695,85.725295
0,xgb,blackout,11,NPHI,-9.697735,0.209848
0,xgb,blackout,11,RHOB,-11.478165,0.289896
0,xgb,blackout,11,all,-39.915257,35.829614
0,xgb,blackout,12,GR,-11.349547,64.571606
0,xgb,blackout,12,NPHI,-0.531924,0.096362
0,xgb,blackout,12,RHOB,-3.419720,0.286000
0,xgb,blackout,12,all,-2.758312,23.163942
0,xgb,blackout,13,GR,-1.519267,45.592236
0,xgb,blackout,13,NPHI,-3.211293,0.183790
0,xgb,blackout,13,RHOB,-14.333823,0.433461
0,xgb,blackout,13,all,0.351620,16.332010
0,xgb,blackout,14,GR,-30.966610,65.642077
0,xgb,blackout,14,NPHI,-12.452861,0.189820
0,xgb,blackout,14,RHOB,-16.608601,0.333611
0,xgb,blackout,14,all,-8.542589,26.871891
0,xgb,blackout,15,GR,-8.083857,64.996248
0,xgb,blackout,15,NPHI,-2.583788,0.160880
0,xgb,blackout,15,RHOB,-9.921171,0.262869
0,xgb,blackout,15,all,-2.409019,25.099761
0,xgb,blackout,16,GR,-121.549840,42.167837
0,xgb,blackout,16,NPHI,,
0,xgb,blackout,16,RHOB,-2.286916,0.077744
0,xgb,blackout,16,all,-36.399952,21.122790
0,xgb,blackout,17,GR,-2.324797,52.033021
0,xgb,blackout,17,NPHI,-5.080218,0.181346
0,xgb,blackout,17,RHOB,-21.794501,0.417500
0,xgb,blackout,17,all,-0.456359,16.960464
0,xgb,blackout,18,GR,-0.728480,35.141706
0,xgb,blackout,18,NPHI,-5.668447,0.187504
0,xgb,blackout,18,RHOB,-9.712190,0.346542
0,xgb,blackout,18,all,0.712042,13.409276
0,xgb,block,0,GR,0.006707,29.082644
0,xgb,block,0,NPHI,-1.920168,0.047005
0,xgb,block,0,RHOB,-0.187392,0.097230
0,xgb,block,0,all,0.542650,11.778119
0,xgb,block,1,GR,-7.088077,40.043507
0,xgb,block,1,NPHI,-103.803800,0.145609
0,xgb,block,1,RHOB,,
0,xgb,block,1,all,0.423824,20.094558
0,xgb,block,2,GR,-0.892468,13.235380
0,xgb,block,2,NPHI,-0.647719,0.082120
0,xgb,block,2,RHOB,0.168970,0.090571
0,xgb,block,2,all,0.924336,5.212384
0,xgb,block,3,GR,0.200711,18.497326
0,xgb,block,3,NPHI,0.741382,0.037165
0,xgb,block,3,RHOB,0.509050,0.064799
0,xgb,block,3,all,0.657124,5.836991
0,xgb,block,4,GR,0.426089,18.121247
0,xgb,block,4,NPHI,0.486903,0.053155
0,xgb,block,4,RHOB,0.228915,0.099842
0,xgb,block,4,all,0.814463,4.897786
0,xgb,block,5,GR,-0.187438,21.731896
0,xgb,block,5,NPHI,0.697296,0.039819
0,xgb,block,5,RHOB,0.641669,0.064364
0,xgb,block,5,all,0.550125,6.476245
0,xgb,block,6,GR,-12.529639,19.291444
0,xgb,block,6,NPHI,-3.635542,0.086212
0,xgb,block,6,RHOB,0.183320,0.061858
0,xgb,block,6,all,0.534227,8.943920
0,xgb,block,7,GR,-10.280580,21.738754
0,xgb,block,7,NPHI,0.824189,0.026222
0,xgb,block,7,RHOB,0.879032,0.022433
0,xgb,block,7,all,-3.225361,10.310109
0,xgb,block,8,GR,-0.114164,49.600485
0,xgb,block,8,NPHI,-2.652598,0.068747
0,xgb,block,8,RHOB,-0.841845,0.103149
0,xgb,block,8,all,0.644929,21.824457
0,xgb,block,9,GR,0.621076,17.952465
0,xgb,block,9,NPHI,0.325061,0.053530
0,xgb,block,9,RHOB,0.095775,0.117975
0,xgb,block,9,all,0.850611,7.171384
0,xgb,block,10,GR,0.771385,17.969131
0,xgb,block,10,NPHI,0.817011,0.042260
0,xgb,block,10,RHOB,0.281345,0.093832
0,xgb,block,10,all,0.880606,6.389868
0,xgb,block,11,GR,-27.385098,24.489873
0,xgb,block,11,NPHI,0.746804,0.020750
0,xgb,block,11,RHOB,0.421536,0.042859
0,xgb,block,11,all,-10.648207,11.037935
0,xgb,block,12,GR,-1.060492,22.222067
0,xgb,block,12,NPHI,0.804446,0.042010
0,xgb,block,12,RHOB,0.742839,0.057704
0,xgb,block,12,all,0.467088,6.249130
0,xgb,block,13,GR,-0.416976,23.384658
0,xgb,block,13,NPHI,0.309998,0.049569
0,xgb,block,13,RHOB,0.333376,0.063905
0,xgb,block,13,all,0.677424,6.701809
0,xgb,block,14,GR,-2.764300,12.346682
0,xgb,block,14,NPHI,-0.392516,0.024956
0,xgb,block,14,RHOB,0.884372,0.026060
0,xgb,block,14,all,0.065851,5.434817
0,xgb,block,15,GR,-1.020836,20.561398
0,xgb,block,15,NPHI,0.495653,0.045455
0,xgb,block,15,RHOB,-0.180426,0.054436
0,xgb,block,15,all,0.602369,7.579693
0,xgb,block,16,GR,,
0,xgb,block,16,NPHI,0.328304,0.015945
0,xgb,block,16,RHOB,,
0,xgb,block,16,all,0.328304,0.015945
0,xgb,block,17,GR,0.283651,23.846732
0,xgb,block,17,NPHI,0.540885,0.044172
0,xgb,block,17,RHOB,-0.297541,0.080675
0,xgb,block,17,all,0.737804,6.627126
0,xgb,block,18,GR,-1.264344,39.319342
0,xgb,block,18,NPHI,0.212028,0.085121
0,xgb,block,18,RHOB,-0.158013,0.077907
0,xgb,block,18,all,0.547871,17.777288
0,xgb,profile,0,GR,-1.274703,37.826067
0,xgb,profile,0,NPHI,-0.755257,0.059898
0,xgb,profile,0,RHOB,0.195648,0.085161
0,xgb,profile,0,all,0.693294,6.736405
0,xgb,profile,1,GR,,
0,xgb,profile,1,NPHI,,
0,xgb,profile,1,RHOB,-0.848260,0.090182
0,xgb,profile,1,all,-0.848260,0.090182
0,xgb,profile,2,GR,-1.918197,31.058009
0,xgb,profile,2,NPHI,0.321439,0.055732
0,xgb,profile,2,RHOB,0.352187,0.070052
0,xgb,profile,2,all,0.714261,4.956858
0,xgb,profile,3,GR,0.106193,17.502991
0,xgb,profile,3,NPHI,0.742705,0.039161
0,xgb,profile,3,RHOB,0.667603,0.068893
0,xgb,profile,3,all,0.676219,5.956538
0,xgb,profile,4,GR,-0.321184,24.918606
0,xgb,profile,4,NPHI,0.667159,0.044646
0,xgb,profile,4,RHOB,0.383842,0.082308
0,xgb,profile,4,all,0.727282,8.053971
0,xgb,profile,5,GR,0.209228,16.834485
0,xgb,profile,5,NPHI,0.698963,0.040888
0,xgb,profile,5,RHOB,0.661097,0.068156
0,xgb,profile,5,all,0.717070,6.166971
0,xgb,profile,6,GR,-4.157173,22.343233
0,xgb,profile,6,NPHI,-2.579817,0.077192
0,xgb,profile,6,RHOB,-0.007745,0.053563
0,xgb,profile,6,all,0.787468,2.088489
0,xgb,profile,7,GR,,
0,xgb,profile,7,NPHI,0.432623,0.032046
0,xgb,profile,7,RHOB,0.807961,0.027741
0,xgb,profile,7,all,0.998932,0.029463
0,xgb,profile,8,GR,-5.448260,68.107242
0,xgb,profile,8,NPHI,-2.510029,0.090103
0,xgb,profile,8,RHOB,0.059522,0.120627
0,xgb,profile,8,all,0.798570,5.340974
0,xgb,profile,9,GR,0.242174,33.509640
0,xgb,profile,9,NPHI,0.590681,0.054037
0,xgb,profile,9,RHOB,-0.747242,0.083462
0,xgb,profile,9,all,0.718593,5.643049
0,xgb,profile,10,GR,0.070336,24.751780
0,xgb,profile,10,NPHI,0.665611,0.039464
0,xgb,profile,10,RHOB,0.222060,0.072910
0,xgb,profile,10,all,0.656778,4.173513
0,xgb,profile,11,GR,-5.608944,20.584901
0,xgb,profile,11,NPHI,0.769782,0.027711
0,xgb,profile,11,RHOB,0.798442,0.030090
0,xgb,profile,11,all,-1.507100,1.742198
0,xgb,profile,12,GR,0.149131,16.912569
0,xgb,profile,12,NPHI,0.692224,0.043820
0,xgb,profile,12,RHOB,0.620037,0.075904
0,xgb,profile,12,all,0.759377,5.581406
0,xgb,profile,13,GR,-1.078483,31.226362
0,xgb,profile,13,NPHI,0.617265,0.042535
0,xgb,profile,13,RHOB,0.336160,0.060407
0,xgb,profile,13,all,0.642105,10.027794
0,xgb,profile,14,GR,-0.347573,9.675918
0,xgb,profile,14,NPHI,0.728351,0.014692
0,xgb,profile,14,RHOB,0.610712,0.042989
0,xgb,profile,14,all,0.902788,0.775277
0,xgb,profile,15,GR,0.375514,18.589237
0,xgb,profile,15,NPHI,0.590954,0.042183
0,xgb,profile,15,RHOB,0.053633,0.077941
0,xgb,profile,15,all,0.721228,2.807112
0,xgb,profile,16,GR,,
0,xgb,profile,16,NPHI,,
0,xgb,profile,16,RHOB,0.734869,0.024313
0,xgb,profile,16,all,0.734869,0.024313
0,xgb,profile,17,GR,0.146656,24.464136
0,xgb,profile,17,NPHI,0.545464,0.043802
0,xgb,profile,17,RHOB,0.084336,0.080624
0,xgb,profile,17,all,0.607326,7.888312
0,xgb,profile,18,GR,-3.107565,57.944158
0,xgb,profile,18,NPHI,-0.585265,0.086178
0,xgb,profile,18,RHOB,0.131023,0.091553
0,xgb,profile,18,all,0.512208,7.803442
0,xgb,single,0,GR,0.334834,23.565874
0,xgb,single,0,NPHI,-0.725648,0.071003
0,xgb,single,0,RHOB,-0.099362,0.083986
0,xgb,single,0,all,0.682830,9.981607
0,xgb,single,1,GR,-4.972049,44.184428
0,xgb,single,1,NPHI,,
0,xgb,single,1,RHOB,,
0,xgb,single,1,all,-4.972049,44.184428
0,xgb,single,2,GR,-1.867353,21.428659
0,xgb,single,2,NPHI,0.310576,0.040811
0,xgb,single,2,RHOB,0.041849,0.097919
0,xgb,single,2,all,0.792165,8.102282
0,xgb,single,3,GR,0.022260,18.015937
0,xgb,single,3,NPHI,0.784977,0.036076
0,xgb,single,3,RHOB,0.704055,0.059667
0,xgb,single,3,all,0.686338,6.411245
0,xgb,single,4,GR,0.042019,19.042549
0,xgb,single,4,NPHI,0.451896,0.054493
0,xgb,single,4,RHOB,0.372131,0.068927
0,xgb,single,4,all,0.751913,7.901256
0,xgb,single,5,GR,0.147708,18.519920
0,xgb,single,5,NPHI,0.692378,0.039545
0,xgb,single,5,RHOB,0.676203,0.062674
0,xgb,single,5,all,0.666681,5.937044
0,xgb,single,6,GR,-5.611168,18.514574
0,xgb,single,6,NPHI,-2.609885,0.074344
0,xgb,single,6,RHOB,0.152428,0.062952
0,xgb,single,6,all,0.623876,8.609378
0,xgb,single,7,GR,-4.557250,18.196026
0,xgb,single,7,NPHI,0.421825,0.032531
0,xgb,single,7,RHOB,0.902057,0.023317
0,xgb,single,7,all,-1.095840,7.444322
0,xgb,single,8,GR,-0.055820,49.132454
0,xgb,single,8,NPHI,-2.575983,0.103380
0,xgb,single,8,RHOB,-0.781616,0.134116
0,xgb,single,8,all,0.591325,19.262566
0,xgb,single,9,GR,0.521014,19.900338
0,xgb,single,9,NPHI,0.654419,0.047881
0,xgb,single,9,RHOB,-0.258554,0.110897
0,xgb,single,9,all,0.809694,7.958066
0,xgb,single,10,GR,0.275468,26.655982
0,xgb,single,10,NPHI,0.395510,0.037285
0,xgb,single,10,RHOB,0.508630,0.059468
0,xgb,single,10,all,0.718773,11.285979
0,xgb,single,11,GR,-16.058534,21.879146
0,xgb,single,11,NPHI,0.799418,0.025246
0,xgb,single,11,RHOB,0.710049,0.036329
0,xgb,single,11,all,-5.077801,9.287252
0,xgb,single,12,GR,-0.057501,17.900861
0,xgb,single,12,NPHI,0.707585,0.043819
0,xgb,single,12,RHOB,0.636990,0.075705
0,xgb,single,12,all,0.647121,7.482097
0,xgb,single,13,GR,-0.595746,28.542779
0,xgb,single,13,NPHI,0.574696,0.042406
0,xgb,single,13,RHOB,0.034745,0.070900
0,xgb,single,13,all,0.593227,12.099337
0,xgb,single,14,GR,-0.634074,12.643655
0,xgb,single,14,NPHI,0.753985,0.018310
0,xgb,single,14,RHOB,0.443191,0.052567
0,xgb,single,14,all,0.505308,4.958114
0,xgb,single,15,GR,0.050638,21.820345
0,xgb,single,15,NPHI,0.697185,0.040263
0,xgb,single,15,RHOB,0.494865,0.062038
0,xgb,single,15,all,0.614434,8.193494
0,xgb,single,16,GR,-4.471647,10.308015
0,xgb,single,16,NPHI,,
0,xgb,single,16,RHOB,,
0,xgb,single,16,all,-4.471647,10.308015
0,xgb,single,17,GR,0.311831,25.661331
0,xgb,single,17,NPHI,0.603582,0.043621
0,xgb,single,17,RHOB,0.146581,0.069502
0,xgb,single,17,all,0.681483,8.939467
0,xgb,single,18,GR,-1.226337,45.853863
0,xgb,single,18,NPHI,-2.188056,0.081736
0,xgb,single,18,RHOB,-0.391364,0.051528
0,xgb,single,18,all,0.465537,21.724592
1,ae,blackout,0,GR,0.409811,26.149443
1,ae,blackout,0,NPHI,0.182769,0.051267
1,ae,blackout,0,RHOB,-0.199021,0.115569
1,ae,blackout,0,all,0.727273,10.699789
1,ae,blackout,1,GR,-0.334055,21.842617
1,ae,blackout,1,NPHI,-0.204830,0.044544
1,ae,blackout,1,RHOB,-3.156688,0.146917
1,ae,blackout,1,all,0.899460,7.344692
1,ae,blackout,2,GR,-2.487077,27.501572
1,ae,blackout,2,NPHI,-0.216230,0.073802
1,ae,blackout,2,RHOB,-0.169822,0.115304
1,ae,blackout,2,all,0.747689,11.201195
1,ae,blackout,3,GR,-0.377235,21.908470
1,ae,blackout,3,NPHI,0.187133,0.063951
1,ae,blackout,3,RHOB,0.309257,0.103158
1,ae,blackout,3,all,0.482396,8.010346
1,ae,blackout,4,GR,0.379769,19.645725
1,ae,blackout,4,NPHI,0.221817,0.072567
1,ae,blackout,4,RHOB,0.274460,0.115858
1,ae,blackout,4,all,0.804745,7.421878
1,ae,blackout,5,GR,-0.133641,19.895151
1,ae,blackout,5,NPHI,0.348926,0.060268
1,ae,blackout,5,RHOB,0.392185,0.090909
1,ae,blackout,5,all,0.588039,6.673940
1,ae,blackout,6,GR,-29.617952,24.955944
1,ae,blackout,6,NPHI,-4.921723,0.087530
1,ae,blackout,6,RHOB,-0.094030,0.049619
1,ae,blackout,6,all,-0.140033,10.767651
1,ae,blackout,7,GR,-1.009003,12.664256
1,ae,blackout,7,NPHI,-0.162546,0.053117
1,ae,blackout,7,RHOB,0.002577,0.078873
1,ae,blackout,7,all,-0.012650,5.429068
1,ae,blackout,8,GR,-0.030564,41.511333
1,ae,blackout,8,NPHI,-2.373299,0.087924
1,ae,blackout,8,RHOB,0.197779,0.092669
1,ae,blackout,8,all,0.735966,17.580357
1,ae,blackout,9,GR,0.460362,24.798595
1,ae,blackout,9,NPHI,0.408317,0.062294
1,ae,blackout,9,RHOB,0.057812,0.109039
1,ae,blackout,9,all,0.735742,10.643651
1,ae,blackout,10,GR,0.307168,22.291822
1,ae,blackout,10,NPHI,-0.140104,0.075285
1,ae,blackout,10,RHOB,-0.091821,0.093029
1,ae,blackout,10,all,0.697300,8.721332
1,ae,blackout,11,GR,-1.811159,13.615153
1,ae,blackout,11,NPHI,0.099616,0.052923
1,ae,blackout,11,RHOB,0.114269,0.067278
1,ae,blackout,11,all,-0.411896,5.724781
1,ae,blackout,12,GR,-0.201368,17.814184
1,ae,blackout,12,NPHI,0.127201,0.073600
1,ae,blackout,12,RHOB,0.115014,0.123817
1,ae,blackout,12,all,0.651324,6.658823
1,ae,blackout,13,GR,0.346903,21.416071
1,ae,blackout,13,NPHI,0.208040,0.065110
1,ae,blackout,13,RHOB,-0.278285,0.075597
1,ae,blackout,13,all,0.828829,7.969430
1,ae,blackout,14,GR,-1.360193,13.505303
1,ae,blackout,14,NPHI,-0.048475,0.044310
1,ae,blackout,14,RHOB,-0.116103,0.072783
1,ae,blackout,14,all,0.333526,5.735999
1,ae,blackout,15,GR,0.067394,17.972059
1,ae,blackout,15,NPHI,0.484469,0.049099
1,ae,blackout,15,RHOB,-0.158868,0.086365
1,ae,blackout,15,all,0.667192,7.112792
1,ae,blackout,16,GR,-5.768322,19.918287
1,ae,blackout,16,NPHI,-5.139139,0.056511
1,ae,blackout,16,RHOB,-1.081956,0.066241
1,ae,blackout,16,all,-1.330184,6.680346
1,ae,blackout,17,GR,0.584538,17.780046
1,ae,blackout,17,NPHI,0.189510,0.061050
1,ae,blackout,17,RHOB,0.046651,0.077808
1,ae,blackout,17,all,0.809658,5.870833
1,ae,blackout,18,GR,-0.310252,29.232353
1,ae,blackout,18,NPHI,-0.184398,0.075635
1,ae,blackout,18,RHOB,-0.051863,0.093526
1,ae,blackout,18,all,0.767473,11.658394
1,ae,block,0,GR,0.398514,21.880850
1,ae,block,0,NPHI,0.491391,0.048289
1,ae,block,0,RHOB,-0.178805,0.079673
1,ae,block,0,all,0.846015,8.484803
1,ae,block,1,GR,-1.005361,17.775608
1,ae,block,1,NPHI,-0.503140,0.042641
1,ae,block,1,RHOB,,
1,ae,block,1,all,0.853989,8.909124
1,ae,block,2,GR,-0.255361,17.461163
1,ae,block,2,NPHI,-0.445720,0.070852
1,ae,block,2,RHOB,-0.777383,0.105204
1,ae,block,2,all,0.894559,6.154019
1,ae,block,3,GR,-0.122344,20.196358
1,ae,block,3,NPHI,0.306890,0.063430
1,ae,block,3,RHOB,0.488312,0.093519
1,ae,block,3,all,0.559980,6.749070
1,ae,block,4,GR,0.478779,16.765564
1,ae,block,4,NPHI,0.211928,0.063070
1,ae,block,4,RHOB,0.021662,0.130961
1,ae,block,4,all,0.878216,5.255116
1,ae,block,5,GR,0.343853,15.836160
1,ae,block,5,NPHI,0.587568,0.054211
1,ae,block,5,RHOB,0.379233,0.087769
1,ae,block,5,all,0.754888,5.449864
1,ae,block,6,GR,-18.000345,19.329302
1,ae,block,6,NPHI,-0.314366,0.051129
1,ae,block,6,RHOB,-0.187917,0.036817
1,ae,block,6,all,0.584559,3.011130
1,ae,block,7,GR,-0.519111,7.520407
1,ae,block,7,NPHI,-0.915496,0.052579
1,ae,block,7,RHOB,-0.364285,0.076357
1,ae,block,7,all,0.626222,1.378124
1,ae,block,8,GR,-0.153345,34.144859
1,ae,block,8,NPHI,-2.017473,0.101523
1,ae,block,8,RHOB,0.229493,0.066360
1,ae,block,8,all,0.874205,11.206233
1,ae,block,9,GR,-0.384531,24.255333
1,ae,block,9,NPHI,0.711639,0.052675
1,ae,block,9,RHOB,-0.152700,0.076218
1,ae,block,9,all,0.644431,9.240705
1,ae,block,10,GR,0.574013,16.958759
1,ae,block,10,NPHI,0.195690,0.058304
1,ae,block,10,RHOB,-0.227341,0.096382
1,ae,block,10,all,0.853388,5.407314
1,ae,block,11,GR,-2.946422,14.193324
1,ae,block,11,NPHI,0.074391,0.050445
1,ae,block,11,RHOB,-0.191260,0.077782
1,ae,block,11,all,-0.461680,3.596106
1,ae,block,12,GR,0.009315,16.963612
1,ae,block,12,NPHI,0.173479,0.067163
1,ae,block,12,RHOB,0.483799,0.103121
1,ae,block,12,all,0.757102,5.128249
1,ae,block,13,GR,0.145336,21.549196
1,ae,block,13,NPHI,0.255005,0.066551
1,ae,block,13,RHOB,-0.132555,0.064125
1,ae,block,13,all,0.833404,7.319753
1,ae,block,14,GR,-0.414804,14.230199
1,ae,block,14,NPHI,0.563589,0.027439
1,ae,block,14,RHOB,-0.138629,0.056025
1,ae,block,14,all,0.519073,4.674409
1,ae,block,15,GR,0.042502,20.250570
1,ae,block,15,NPHI,0.300810,0.046679
1,ae,block,15,RHOB,0.158665,0.067679
1,ae,block,15,all,0.657233,5.859395
1,ae,block,16,GR,,
1,ae,block,16,NPHI,-0.255022,0.024857
1,ae,block,16,RHOB,,
1,ae,block,16,all,-0.255022,0.024857
1,ae,block,17,GR,0.628781,15.271752
1,ae,block,17,NPHI,0.447240,0.052066
1,ae,block,17,RHOB,0.182821,0.072937
1,ae,block,17,all,0.820111,5.013439
1,ae,block,18,GR,-0.657088,27.994686
1,ae,block,18,NPHI,0.111720,0.071547
1,ae,block,18,RHOB,-0.085757,0.104207
1,ae,block,18,all,0.836443,9.390146
1,ae,profile,0,GR,-0.068729,33.373779
1,ae,profile,0,NPHI,-0.348306,0.071189
1,ae,profile,0,RHOB,-0.305061,0.122417
1,ae,profile,0,all,0.423508,9.881136
1,ae,profile,1,GR,,
1,ae,profile,1,NPHI,-1.008551,0.101700
1,ae,profile,1,RHOB,-1.038404,0.105289
1,ae,profile,1,all,0.989319,0.103494
1,ae,profile,2,GR,-2.000050,30.673416
1,ae,profile,2,NPHI,-0.667116,0.072387
1,ae,profile,2,RHOB,-0.111855,0.113504
1,ae,profile,2,all,0.728686,9.748855
1,ae,profile,3,GR,-1.155972,24.085278
1,ae,profile,3,NPHI,0.343798,0.064879
1,ae,profile,3,RHOB,0.245101,0.101508
1,ae,profile,3,all,0.233085,7.139936
1,ae,profile,4,GR,0.262475,21.049606
1,ae,profile,4,NPHI,0.230129,0.074884
1,ae,profile,4,RHOB,0.052603,0.095869
1,ae,profile,4,all,0.787863,6.074032
1,ae,profile,5,GR,-0.423278,21.099461
1,ae,profile,5,NPHI,0.463005,0.055772
1,ae,profile,5,RHOB,0.591746,0.070715
1,ae,profile,5,all,0.541984,6.889665
1,ae,profile,6,GR,-37.092926,48.706322
1,ae,profile,6,NPHI,-4.103653,0.072376
1,ae,profile,6,RHOB,-0.478309,0.064194
1,ae,profile,6,all,-1.224367,17.755215
1,ae,profile,7,GR,-1.443307,11.268127
1,ae,profile,7,NPHI,-0.478098,0.048308
1,ae,profile,7,RHOB,-0.069146,0.076903
1,ae,profile,7,all,-0.018789,3.422832
1,ae,profile,8,GR,-1.246754,67.353348
1,ae,profile,8,NPHI,-1.758454,0.083344
1,ae,profile,8,RHOB,-0.903891,0.198344
1,ae,profile,8,all,0.460971,20.826040
1,ae,profile,9,GR,0.152384,33.018047
1,ae,profile,9,NPHI,0.530126,0.061727
1,ae,profile,9,RHOB,-0.175039,0.077154
1,ae,profile,9,all,0.583441,9.221403
1,ae,profile,10,GR,0.013993,27.642385
1,ae,profile,10,NPHI,0.271789,0.058462
1,ae,profile,10,RHOB,-0.400558,0.118743
1,ae,profile,10,all,0.594508,8.123866
1,ae,profile,11,GR,-20.913605,30.875307
1,ae,profile,11,NPHI,-0.066274,0.059398
1,ae,profile,11,RHOB,-0.053449,0.075344
1,ae,profile,11,all,-6.829153,10.336682
1,ae,profile,12,GR,-1.149571,24.987514
1,ae,profile,12,NPHI,-0.045319,0.080897
1,ae,profile,12,RHOB,0.359236,0.100107
1,ae,profile,12,all,0.311317,7.816167
1,ae,profile,13,GR,-0.141367,28.399769
1,ae,profile,13,NPHI,0.067823,0.074887
1,ae,profile,13,RHOB,-0.079771,0.091959
1,ae,profile,13,all,0.688905,8.577472
1,ae,profile,14,GR,-1.272406,16.247053
1,ae,profile,14,NPHI,0.228549,0.034813
1,ae,profile,14,RHOB,0.162232,0.068156
1,ae,profile,14,all,0.374558,5.036019
1,ae,profile,15,GR,-1.285018,31.408081
1,ae,profile,15,NPHI,0.353109,0.054672
1,ae,profile,15,RHOB,0.085108,0.079423
1,ae,profile,15,all,0.171482,10.513142
1,ae,profile,16,GR,,
1,ae,profile,16,NPHI,,
1,ae,profile,16,RHOB,-0.335756,0.055225
1,ae,profile,16,all,-0.335756,0.055225
1,ae,profile,17,GR,0.354326,23.260868
1,ae,profile,17,NPHI,0.298743,0.053610
1,ae,profile,17,RHOB,-0.087400,0.081018
1,ae,profile,17,all,0.732818,7.700809
1,ae,profile,18,GR,-1.010954,35.176598
1,ae,profile,18,NPHI,-1.845726,0.114486
1,ae,profile,18,RHOB,-0.162757,0.103776
1,ae,profile,18,all,0.627045,9.460814
1,ae,single,0,GR,0.561829,16.084215
1,ae,single,0,NPHI,0.282926,0.052926
1,ae,single,0,RHOB,0.307759,0.113692
1,ae,single,0,all,0.843116,2.940975
1,ae,single,1,GR,,
1,ae,single,1,NPHI,-0.298347,0.068900
1,ae,single,1,RHOB,,
1,ae,single,1,all,-0.298347,0.068900
1,ae,single,2,GR,0.658674,11.329928
1,ae,single,2,NPHI,0.334586,0.055174
1,ae,single,2,RHOB,0.192384,0.123597
1,ae,single,2,all,0.966901,1.879814
1,ae,single,3,GR,-0.012628,18.367983
1,ae,single,3,NPHI,0.253143,0.069190
1,ae,single,3,RHOB,0.406626,0.089496
1,ae,single,3,all,0.649066,6.247280
1,ae,single,4,GR,0.365776,15.881191
1,ae,single,4,NPHI,0.422971,0.066301
1,ae,single,4,RHOB,0.260705,0.093318
1,ae,single,4,all,0.881201,5.137602
1,ae,single,5,GR,0.246135,15.444140
1,ae,single,5,NPHI,0.458976,0.057398
1,ae,single,5,RHOB,0.523188,0.083090
1,ae,single,5,all,0.761145,5.317970
1,ae,single,6,GR,-239.199203,35.345081
1,ae,single,6,NPHI,-1.878779,0.066352
1,ae,single,6,RHOB,0.038960,0.028832
1,ae,single,6,all,0.228688,3.256454
1,ae,single,7,GR,-0.862293,9.592188
1,ae,single,7,NPHI,-0.290206,0.052005
1,ae,single,7,RHOB,-0.211740,0.062135
1,ae,single,7,all,0.511341,1.010075
1,ae,single,8,GR,0.121138,32.469154
1,ae,single,8,NPHI,-1.863403,0.061409
1,ae,single,8,RHOB,0.175598,0.065970
1,ae,single,8,all,0.901666,5.126902
1,ae,single,9,GR,0.352897,16.291973
1,ae,single,9,NPHI,0.235681,0.069301
1,ae,single,9,RHOB,0.331239,0.093162
1,ae,single,9,all,0.844818,2.812843
1,ae,single,10,GR,0.113093,21.012960
1,ae,single,10,NPHI,0.126441,0.075568
1,ae,single,10,RHOB,0.117072,0.082450
1,ae,single,10,all,0.746171,3.596771
1,ae,single,11,GR,-1.458535,18.929203
1,ae,single,11,NPHI,0.102492,0.046382
1,ae,single,11,RHOB,0.437746,0.054229
1,ae,single,11,all,0.077703,3.196788
1,ae,single,12,GR,-0.393821,19.816599
1,ae,single,12,NPHI,0.545041,0.046635
1,ae,single,12,RHOB,0.656666,0.084622
1,ae,single,12,all,0.680172,6.167974
1,ae,single,13,GR,0.523463,16.350182
1,ae,single,13,NPHI,0.240410,0.069175
1,ae,single,13,RHOB,0.051521,0.064327
1,ae,single,13,all,0.911057,5.582440
1,ae,single,14,GR,-0.241462,12.645569
1,ae,single,14,NPHI,-0.231283,0.044912
1,ae,single,14,RHOB,-0.476122,0.048903
1,ae,single,14,all,0.728237,2.015323
1,ae,single,15,GR,0.484350,14.413576
1,ae,single,15,NPHI,0.679790,0.037294
1,ae,single,15,RHOB,-0.734023,0.097660
1,ae,single,15,all,0.794427,3.273884
1,ae,single,16,GR,,
1,ae,single,16,NPHI,0.779352,0.010465
1,ae,single,16,RHOB,,
1,ae,single,16,all,0.779352,0.010465
1,ae,single,17,GR,0.682278,15.241334
1,ae,single,17,NPHI,0.451441,0.050212
1,ae,single,17,RHOB,0.183403,0.062858
1,ae,single,17,all,0.862545,5.281314
1,ae,single,18,GR,-0.913816,25.966337
1,ae,single,18,NPHI,-0.173298,0.075833
1,ae,single,18,RHOB,-0.184755,0.094505
1,ae,single,18,all,0.874224,5.331479
1,brits,blackout,0,GR,0.066033,36.711166
1,brits,blackout,0,NPHI,-0.428802,0.076020
1,brits,blackout,0,RHOB,0.122282,0.103382
1,brits,blackout,0,all,0.568416,15.007050
1,brits,blackout,1,GR,-3.303277,41.250641
1,brits,blackout,1,NPHI,-1.132417,0.071077
1,brits,blackout,1,RHOB,0.018339,0.074186
1,brits,blackout,1,all,0.675703,13.798635
1,brits,blackout,2,GR,-2.317235,28.529932
1,brits,blackout,2,NPHI,0.169236,0.060340
1,brits,blackout,2,RHOB,0.076905,0.109967
1,brits,blackout,2,all,0.759979,11.612168
1,brits,blackout,3,GR,-0.732072,26.197487
1,brits,blackout,3,NPHI,0.104072,0.069067
1,brits,blackout,3,RHOB,-0.571398,0.149375
1,brits,blackout,3,all,0.349030,9.583286
1,brits,blackout,4,GR,-0.032007,29.488710
1,brits,blackout,4,NPHI,0.163527,0.079983
1,brits,blackout,4,RHOB,0.067885,0.130787
1,brits,blackout,4,all,0.675118,11.118407
1,brits,blackout,5,GR,-0.440591,23.791624
1,brits,blackout,5,NPHI,0.155625,0.074622
1,brits,blackout,5,RHOB,-0.312013,0.135786
1,brits,blackout,5,all,0.476487,7.990891
1,brits,blackout,6,GR,-2.916698,11.133238
1,brits,blackout,6,NPHI,-12.081463,0.137546
1,brits,blackout,6,RHOB,-1.355300,0.085559
1,brits,blackout,6,all,0.854149,4.851037
1,brits,blackout,7,GR,-11.585585,39.409424
1,brits,blackout,7,NPHI,-3.392697,0.112698
1,brits,blackout,7,RHOB,0.004400,0.085569
1,brits,blackout,7,all,-5.343704,16.839128
1,brits,blackout,8,GR,-1.315127,62.037140
1,brits,blackout,8,NPHI,-0.806305,0.061821
1,brits,blackout,8,RHOB,-0.395419,0.151316
1,brits,blackout,8,all,0.406858,26.255419
1,brits,blackout,9,GR,0.106012,33.974850
1,brits,blackout,9,NPHI,0.307895,0.074963
1,brits,blackout,9,RHOB,-0.056850,0.116350
1,brits,blackout,9,all,0.562220,14.570353
1,brits,blackout,10,GR,0.122879,31.303221
1,brits,blackout,10,NPHI,0.222988,0.066198
1,brits,blackout,10,RHOB,0.108190,0.083102
1,brits,blackout,10,all,0.616787,12.220625
1,brits,blackout,11,GR,-14.130228,38.374783
1,brits,blackout,11,NPHI,-1.643715,0.091548
1,brits,blackout,11,RHOB,0.134239,0.072873
1,brits,blackout,11,all,-6.598979,16.086603
1,brits,blackout,12,GR,-0.634759,22.608297
1,brits,blackout,12,NPHI,-0.242527,0.089487
1,brits,blackout,12,RHOB,-0.948805,0.179413
1,brits,blackout,12,all,0.525529,8.455564
1,brits,blackout,13,GR,-0.128646,28.011106
1,brits,blackout,13,NPHI,0.138548,0.073624
1,brits,blackout,13,RHOB,-0.364698,0.091615
1,brits,blackout,13,all,0.704195,10.417515
1,brits,blackout,14,GR,-6.364142,28.305246
1,brits,blackout,14,NPHI,-3.434597,0.097416
1,brits,blackout,14,RHOB,-0.570028,0.101332
1,brits,blackout,14,all,-1.079477,12.009311
1,brits,blackout,15,GR,-0.199225,20.689878
1,brits,blackout,15,NPHI,0.118976,0.070155
1,brits,blackout,15,RHOB,-0.141009,0.092334
1,brits,blackout,15,all,0.572048,8.191146
1,brits,blackout,16,GR,-20.912321,37.113415
1,brits,blackout,16,NPHI,-12.977175,0.100914
1,brits,blackout,16,RHOB,-0.279742,0.054618
1,brits,blackout,16,all,-6.543807,12.422981
1,brits,blackout,17,GR,0.133373,30.008638
1,brits,blackout,17,NPHI,0.023010,0.072146
1,brits,blackout,17,RHOB,-0.152182,0.089582
1,brits,blackout,17,all,0.602963,9.884142
1,brits,blackout,18,GR,-1.106933,38.272812
1,brits,blackout,18,NPHI,-0.384713,0.082058
1,brits,blackout,18,RHOB,0.053296,0.090974
1,brits,blackout,18,all,0.626090,15.249661
1,brits,block,0,GR,0.043277,25.739321
1,brits,block,0,NPHI,0.394943,0.053532
1,brits,block,0,RHOB,-0.019672,0.068932
1,brits,block,0,all,0.755074,9.972209
1,brits,block,1,GR,-0.502326,16.819382
1,brits,block,1,NPHI,-4.442557,0.094924
1,brits,block,1,RHOB,,
1,brits,block,1,all,0.890613,8.457152
1,brits,block,2,GR,-0.189885,16.168941
1,brits,block,2,NPHI,0.432090,0.041751
1,brits,block,2,RHOB,-0.025849,0.083424
1,brits,block,2,all,0.900061,5.686036
1,brits,block,3,GR,-0.838117,27.632463
1,brits,block,3,NPHI,0.444809,0.057001
1,brits,block,3,RHOB,-0.218703,0.129229
1,brits,block,3,all,0.279356,9.223298
1,brits,block,4,GR,0.215224,21.965597
1,brits,block,4,NPHI,0.522517,0.049184
1,brits,block,4,RHOB,-0.016472,0.136685
1,brits,block,4,all,0.816646,6.861481
1,brits,block,5,GR,-0.285917,22.398722
1,brits,block,5,NPHI,0.518737,0.061551
1,brits,block,5,RHOB,-0.354738,0.134556
1,brits,block,5,all,0.519629,7.705537
1,brits,block,6,GR,-5.213139,13.138947
1,brits,block,6,NPHI,-3.181372,0.096932
1,brits,block,6,RHOB,-13.460933,0.150285
1,brits,block,6,all,0.864096,2.125284
1,brits,block,7,GR,-28.457317,37.232559
1,brits,block,7,NPHI,-1.509208,0.074015
1,brits,block,7,RHOB,-0.384167,0.088146
1,brits,block,7,all,-6.245157,6.635977
1,brits,block,8,GR,-2.992561,70.684952
1,brits,block,8,NPHI,-0.057673,0.059701
1,brits,block,8,RHOB,-0.739472,0.111152
1,brits,block,8,all,0.564536,23.137808
1,brits,block,9,GR,0.264610,20.704165
1,brits,block,9,NPHI,0.481560,0.072933
1,brits,block,9,RHOB,-1.162167,0.116420
1,brits,block,9,all,0.811136,7.912818
1,brits,block,10,GR,0.330196,23.624674
1,brits,block,10,NPHI,0.518296,0.048738
1,brits,block,10,RHOB,0.006324,0.076258
1,brits,block,10,all,0.769478,7.502460
1,brits,block,11,GR,-14.179477,36.209633
1,brits,block,11,NPHI,-0.419175,0.060888
1,brits,block,11,RHOB,0.167892,0.064893
1,brits,block,11,all,-4.621978,9.099531
1,brits,block,12,GR,-0.052414,18.743195
1,brits,block,12,NPHI,0.214088,0.064739
1,brits,block,12,RHOB,-0.321357,0.150655
1,brits,block,12,all,0.741955,5.674457
1,brits,block,13,GR,-0.024032,23.023798
1,brits,block,13,NPHI,0.425687,0.064799
1,brits,block,13,RHOB,-0.936328,0.092357
1,brits,block,13,all,0.800390,7.824883
1,brits,block,14,GR,-3.369965,28.909723
1,brits,block,14,NPHI,-1.352159,0.073505
1,brits,block,14,RHOB,-4.573519,0.157732
1,brits,block,14,all,-0.485476,9.516916
1,brits,block,15,GR,0.066512,20.920321
1,brits,block,15,NPHI,0.419803,0.048525
1,brits,block,15,RHOB,-0.758446,0.118942
1,brits,block,15,all,0.665823,6.069640
1,brits,block,16,GR,,
1,brits,block,16,NPHI,-5.882833,0.074792
1,brits,block,16,RHOB,,
1,brits,block,16,all,-5.882833,0.074792
1,brits,block,17,GR,0.172146,27.393234
1,brits,block,17,NPHI,0.455010,0.055746
1,brits,block,17,RHOB,-0.180279,0.092217
1,brits,block,17,all,0.598835,8.967003
1,brits,block,18,GR,-2.236182,42.997910
1,brits,block,18,NPHI,0.464276,0.057486
1,brits,block,18,RHOB,0.155954,0.095869
1,brits,block,18,all,0.680588,14.383755
1,brits,profile,0,GR,-0.066678,39.503216
1,brits,profile,0,NPHI,0.043567,0.062743
1,brits,profile,0,RHOB,-0.176682,0.125621
1,brits,profile,0,all,0.424616,11.681376
1,brits,profile,1,GR,,
1,brits,profile,1,NPHI,-0.503592,0.093542
1,brits,profile,1,RHOB,0.081678,0.074776
1,brits,profile,1,all,0.993836,0.084159
1,brits,profile,2,GR,-1.291543,27.732000
1,brits,profile,2,NPHI,0.286916,0.050524
1,brits,profile,2,RHOB,-0.199960,0.129271
1,brits,profile,2,all,0.792760,8.816911
1,brits,profile,3,GR,-2.057370,34.571236
1,brits,profile,3,NPHI,0.227687,0.072594
1,brits,profile,3,RHOB,-1.182328,0.172917
1,brits,profile,3,all,-0.087573,10.247284
1,brits,profile,4,GR,-0.107650,30.039747
1,brits,profile,4,NPHI,0.313457,0.075200
1,brits,profile,4,RHOB,-0.144194,0.129058
1,brits,profile,4,all,0.681407,8.652849
1,brits,profile,5,GR,-0.797904,26.425505
1,brits,profile,5,NPHI,0.130603,0.076083
1,brits,profile,5,RHOB,-0.362673,0.132870
1,brits,profile,5,all,0.421415,8.646112
1,brits,profile,6,GR,-2.526841,15.805696
1,brits,profile,6,NPHI,-12.095843,0.126440
1,brits,profile,6,RHOB,-4.894444,0.148743
1,brits,profile,6,all,0.794032,5.834070
1,brits,profile,7,GR,-31.452465,45.691162
1,brits,profile,7,NPHI,-4.124846,0.104411
1,brits,profile,7,RHOB,-0.876696,0.123334
1,brits,profile,7,all,-12.530638,13.786115
1,brits,profile,8,GR,-0.984636,53.974621
1,brits,profile,8,NPHI,-0.391462,0.059362
1,brits,profile,8,RHOB,-0.588241,0.183845
1,brits,profile,8,all,0.523858,16.696552
1,brits,profile,9,GR,-0.023012,43.065910
1,brits,profile,9,NPHI,0.464726,0.068249
1,brits,profile,9,RHOB,-1.444927,0.125759
1,brits,profile,9,all,0.497241,12.031213
1,brits,profile,10,GR,0.036264,33.358452
1,brits,profile,10,NPHI,0.373165,0.055801
1,brits,profile,10,RHOB,-0.245996,0.112042
1,brits,profile,10,all,0.603668,9.787822
1,brits,profile,11,GR,-33.397842,43.870705
1,brits,profile,11,NPHI,-0.701666,0.068280
1,brits,profile,11,RHOB,-0.054651,0.076032
1,brits,profile,11,all,-11.289411,14.671672
1,brits,profile,12,GR,-1.327439,28.282738
1,brits,profile,12,NPHI,0.030447,0.079539
1,brits,profile,12,RHOB,-1.385263,0.192589
1,brits,profile,12,all,0.254306,8.865393
1,brits,profile,13,GR,-0.228863,33.087681
1,brits,profile,13,NPHI,0.187568,0.080116
1,brits,profile,13,RHOB,-0.398250,0.145591
1,brits,profile,13,all,0.665056,10.002028
1,brits,profile,14,GR,-7.406134,33.802299
1,brits,profile,14,NPHI,-3.331971,0.094440
1,brits,profile,14,RHOB,-1.510532,0.125025
1,brits,profile,14,all,-1.313643,10.477854
1,brits,profile,15,GR,-0.608983,25.772499
1,brits,profile,15,NPHI,0.221296,0.067146
1,brits,profile,15,RHOB,-0.396007,0.103247
1,brits,profile,15,all,0.416597,8.646294
1,brits,profile,16,GR,,
1,brits,profile,16,NPHI,,
1,brits,profile,16,RHOB,-1.376709,0.080422
1,brits,profile,16,all,-1.376709,0.080422
1,brits,profile,17,GR,0.089266,31.084082
1,brits,profile,17,NPHI,0.014775,0.069404
1,brits,profile,17,RHOB,-0.426078,0.097438
1,brits,profile,17,all,0.623135,10.286348
1,brits,profile,18,GR,-0.392118,29.907537
1,brits,profile,18,NPHI,-0.482813,0.084725
1,brits,profile,18,RHOB,-0.193025,0.105828
1,brits,profile,18,all,0.741815,8.044509
1,brits,single,0,GR,0.994221,2.385239
1,brits,single,0,NPHI,0.990115,0.004311
1,brits,single,0,RHOB,0.988202,0.013524
1,brits,single,0,all,0.997931,0.433316
1,brits,single,1,GR,,
1,brits,single,1,NPHI,0.989029,0.006157
1,brits,single,1,RHOB,,
1,brits,single,1,all,0.989029,0.006157
1,brits,single,2,GR,0.992708,1.436414
1,brits,single,2,NPHI,0.989609,0.006730
1,brits,single,2,RHOB,0.990044,0.015795
1,brits,single,2,all,0.999293,0.238246
1,brits,single,3,GR,0.995055,1.128624
1,brits,single,3,NPHI,0.989316,0.004574
1,brits,single,3,RHOB,0.980292,0.005805
1,brits,single,3,all,0.998286,0.384074
1,brits,single,4,GR,0.997601,0.950820
1,brits,single,4,NPHI,0.987368,0.006090
1,brits,single,4,RHOB,0.990165,0.009235
1,brits,single,4,all,0.999550,0.309502
1,brits,single,5,GR,0.998878,0.584930
1,brits,single,5,NPHI,0.991102,0.003188
1,brits,single,5,RHOB,0.994183,0.004257
1,brits,single,5,all,0.999644,0.202112
1,brits,single,6,GR,0.876258,0.782066
1,brits,single,6,NPHI,0.979039,0.005008
1,brits,single,6,RHOB,0.872177,0.004843
1,brits,single,6,all,0.999602,0.075574
1,brits,single,7,GR,0.499254,3.757658
1,brits,single,7,NPHI,0.996123,0.002630
1,brits,single,7,RHOB,0.995669,0.003378
1,brits,single,7,all,0.868653,0.378432
1,brits,single,8,GR,0.989895,3.751306
1,brits,single,8,NPHI,0.981845,0.004843
1,brits,single,8,RHOB,0.948271,0.015564
1,brits,single,8,all,0.998869,0.594416
1,brits,single,9,GR,0.997002,1.168975
1,brits,single,9,NPHI,0.998634,0.002709
1,brits,single,9,RHOB,0.996083,0.006614
1,brits,single,9,all,0.999281,0.200807
1,brits,single,10,GR,0.990356,2.396877
1,brits,single,10,NPHI,0.984401,0.009769
1,brits,single,10,RHOB,0.993386,0.009382
1,brits,single,10,all,0.997240,0.410833
1,brits,single,11,GR,0.997703,0.564307
1,brits,single,11,NPHI,0.997701,0.002193
1,brits,single,11,RHOB,0.967671,0.005173
1,brits,single,11,all,0.999137,0.097120
1,brits,single,12,GR,0.997750,0.784452
1,brits,single,12,NPHI,0.992702,0.003343
1,brits,single,12,RHOB,0.991306,0.006805
1,brits,single,12,all,0.999483,0.245810
1,brits,single,13,GR,0.997648,1.116491
1,brits,single,13,NPHI,0.994699,0.004669
1,brits,single,13,RHOB,0.992611,0.004565
1,brits,single,13,all,0.999561,0.381227
1,brits,single,14,GR,0.998270,0.478606
1,brits,single,14,NPHI,0.997914,0.001532
1,brits,single,14,RHOB,0.869949,0.006423
1,brits,single,14,all,0.999620,0.077985
1,brits,single,15,GR,0.999709,0.379872
1,brits,single,15,NPHI,0.997414,0.002721
1,brits,single,15,RHOB,0.961057,0.010314
1,brits,single,15,all,0.999884,0.089425
1,brits,single,16,GR,,
1,brits,single,16,NPHI,0.795074,0.008863
1,brits,single,16,RHOB,,
1,brits,single,16,all,0.795074,0.008863
1,brits,single,17,GR,0.994758,1.959010
1,brits,single,17,NPHI,0.991758,0.005418
1,brits,single,17,RHOB,0.987046,0.006571
1,brits,single,17,all,0.997732,0.677996
1,brits,single,18,GR,0.990635,1.853856
1,brits,single,18,NPHI,0.997275,0.003667
1,brits,single,18,RHOB,0.989558,0.008757
1,brits,single,18,all,0.999385,0.380769
1,gnn,blackout,0,GR,0.403327,26.506205
1,gnn,blackout,0,NPHI,-0.518552,0.077865
1,gnn,blackout,0,RHOB,0.114435,0.104318
1,gnn,blackout,0,all,0.724278,10.850796
1,gnn,blackout,1,GR,0.149158,17.074541
1,gnn,blackout,1,NPHI,0.033792,0.035913
1,gnn,blackout,1,RHOB,0.033897,0.073129
1,gnn,blackout,1,all,0.935879,5.727861
1,gnn,blackout,2,GR,-2.291479,26.498890
1,gnn,blackout,2,NPHI,-0.217322,0.076786
1,gnn,blackout,2,RHOB,0.095419,0.106335
1,gnn,blackout,2,all,0.761843,10.793367
1,gnn,blackout,3,GR,-0.769335,26.080522
1,gnn,blackout,3,NPHI,-1.252893,0.107082
1,gnn,blackout,3,RHOB,-0.683629,0.157127
1,gnn,blackout,3,all,0.335017,9.556430
1,gnn,blackout,4,GR,-0.101321,29.829895
1,gnn,blackout,4,NPHI,-0.266100,0.097681
1,gnn,blackout,4,RHOB,-0.029363,0.137657
1,gnn,blackout,4,all,0.653296,11.254379
1,gnn,blackout,5,GR,-0.425862,23.368924
1,gnn,blackout,5,NPHI,0.174210,0.072030
1,gnn,blackout,5,RHOB,-0.120673,0.127269
1,gnn,blackout,5,all,0.481842,7.846466
1,gnn,blackout,6,GR,-5.773935,13.775082
1,gnn,blackout,6,NPHI,-7.977377,0.112933
1,gnn,blackout,6,RHOB,-0.336834,0.057951
1,gnn,blackout,6,all,0.747769,5.971841
1,gnn,blackout,7,GR,-41.680331,73.577333
1,gnn,blackout,7,NPHI,-2.400241,0.099586
1,gnn,blackout,7,RHOB,0.085283,0.077282
1,gnn,blackout,7,all,-20.512653,31.381649
1,gnn,blackout,8,GR,-0.528605,49.858061
1,gnn,blackout,8,NPHI,-0.492882,0.054210
1,gnn,blackout,8,RHOB,0.029436,0.103345
1,gnn,blackout,8,all,0.608367,21.097388
1,gnn,blackout,9,GR,0.405448,26.602751
1,gnn,blackout,9,NPHI,0.201984,0.070510
1,gnn,blackout,9,RHOB,0.390269,0.084922
1,gnn,blackout,9,all,0.708852,11.410907
1,gnn,blackout,10,GR,-0.029632,30.997010
1,gnn,blackout,10,NPHI,0.221902,0.061998
1,gnn,blackout,10,RHOB,0.268995,0.077543
1,gnn,blackout,10,all,0.550157,12.098593
1,gnn,blackout,11,GR,-2.588217,17.410801
1,gnn,blackout,11,NPHI,-0.039656,0.057620
1,gnn,blackout,11,RHOB,-0.171150,0.086847
1,gnn,blackout,11,all,-0.802170,7.317708
1,gnn,blackout,12,GR,-0.947601,24.550467
1,gnn,blackout,12,NPHI,-0.680317,0.100853
1,gnn,blackout,12,RHOB,-0.408609,0.146652
1,gnn,blackout,12,all,0.434741,9.170003
1,gnn,blackout,13,GR,-0.355133,30.483892
1,gnn,blackout,13,NPHI,-0.210239,0.087143
1,gnn,blackout,13,RHOB,-0.277579,0.087031
1,gnn,blackout,13,all,0.644835,11.336138
1,gnn,blackout,14,GR,-1.971649,16.911709
1,gnn,blackout,14,NPHI,-1.588293,0.073943
1,gnn,blackout,14,RHOB,0.056520,0.072276
1,gnn,blackout,14,all,0.160863,7.183278
1,gnn,blackout,15,GR,0.012465,18.895437
1,gnn,blackout,15,NPHI,0.260248,0.063493
1,gnn,blackout,15,RHOB,0.168186,0.069555
1,gnn,blackout,15,all,0.647591,7.476578
1,gnn,blackout,16,GR,-83.014721,74.287513
1,gnn,blackout,16,NPHI,-3.924613,0.056361
1,gnn,blackout,16,RHOB,-0.029519,0.044881
1,gnn,blackout,16,all,-27.923681,24.796252
1,gnn,blackout,17,GR,0.426514,21.517033
1,gnn,blackout,17,NPHI,-0.955328,0.095449
1,gnn,blackout,17,RHOB,-0.457040,0.103059
1,gnn,blackout,17,all,0.737257,7.114934
1,gnn,blackout,18,GR,-0.141649,27.681240
1,gnn,blackout,18,NPHI,-0.443967,0.080744
1,gnn,blackout,18,RHOB,-1.556879,0.147744
1,gnn,blackout,18,all,0.797391,11.059088
1,gnn,block,0,GR,-0.040128,28.100287
1,gnn,block,0,NPHI,0.670980,0.030093
1,gnn,block,0,RHOB,-0.058732,0.062480
1,gnn,block,0,all,0.733722,10.874430
1,gnn,block,1,GR,0.066607,12.011273
1,gnn,block,1,NPHI,-2.547939,0.077000
1,gnn,block,1,RHOB,,
1,gnn,block,1,all,0.932038,6.044136
1,gnn,block,2,GR,-4.336855,32.078147
1,gnn,block,2,NPHI,-0.349124,0.076144
1,gnn,block,2,RHOB,-0.099634,0.090063
1,gnn,block,2,all,0.551764,11.255645
1,gnn,block,3,GR,-0.766245,28.753029
1,gnn,block,3,NPHI,0.239966,0.068224
1,gnn,block,3,RHOB,0.445366,0.088703
1,gnn,block,3,all,0.307542,9.587102
1,gnn,block,4,GR,0.559189,13.685334
1,gnn,block,4,NPHI,0.243603,0.060440
1,gnn,block,4,RHOB,0.166929,0.139359
1,gnn,block,4,all,0.897003,4.303506
1,gnn,block,5,GR,0.006472,20.746213
1,gnn,block,5,NPHI,0.771093,0.039486
1,gnn,block,5,RHOB,0.490414,0.076793
1,gnn,block,5,all,0.628862,7.116966
1,gnn,block,6,GR,-19.390908,26.355973
1,gnn,block,6,NPHI,-2.777586,0.095299
1,gnn,block,6,RHOB,-0.033334,0.034341
1,gnn,block,6,all,0.554145,4.110394
1,gnn,block,7,GR,-46.507742,48.021430
1,gnn,block,7,NPHI,0.605450,0.023714
1,gnn,block,7,RHOB,0.609662,0.048347
1,gnn,block,7,all,-10.684491,8.501869
1,gnn,block,8,GR,-1.856044,60.814912
1,gnn,block,8,NPHI,-0.505004,0.070175
1,gnn,block,8,RHOB,-0.506020,0.102821
1,gnn,block,8,all,0.688494,19.915851
1,gnn,block,9,GR,0.510509,14.934319
1,gnn,block,9,NPHI,0.601682,0.064069
1,gnn,block,9,RHOB,0.166787,0.068762
1,gnn,block,9,all,0.874289,5.706046
1,gnn,block,10,GR,0.729069,14.031056
1,gnn,block,10,NPHI,0.707278,0.036494
1,gnn,block,10,RHOB,0.506549,0.047554
1,gnn,block,10,all,0.906755,4.459322
1,gnn,block,11,GR,-1.055459,12.615847
1,gnn,block,11,NPHI,0.482570,0.035140
1,gnn,block,11,RHOB,0.827943,0.030860
1,gnn,block,11,all,0.238716,3.178760
1,gnn,block,12,GR,-0.760477,25.296785
1,gnn,block,12,NPHI,0.446723,0.057069
1,gnn,block,12,RHOB,0.660430,0.074787
1,gnn,block,12,all,0.568378,7.605675
1,gnn,block,13,GR,-0.087950,25.112927
1,gnn,block,13,NPHI,0.120566,0.072681
1,gnn,block,13,RHOB,-0.031054,0.065464
1,gnn,block,13,all,0.787931,8.525814
1,gnn,block,14,GR,0.257136,10.992976
1,gnn,block,14,NPHI,0.784617,0.019771
1,gnn,block,14,RHOB,0.017906,0.041817
1,gnn,block,14,all,0.747480,3.610057
1,gnn,block,15,GR,0.453648,15.070025
1,gnn,block,15,NPHI,0.652207,0.034635
1,gnn,block,15,RHOB,0.584025,0.048352
1,gnn,block,15,all,0.804417,4.359722
1,gnn,block,16,GR,,
1,gnn,block,16,NPHI,-7.412011,0.086350
1,gnn,block,16,RHOB,,
1,gnn,block,16,all,-7.412011,0.086350
1,gnn,block,17,GR,0.591682,18.884662
1,gnn,block,17,NPHI,0.023519,0.071952
1,gnn,block,17,RHOB,0.172449,0.082063
1,gnn,block,17,all,0.802132,6.199599
1,gnn,block,18,GR,-0.167271,23.670695
1,gnn,block,18,NPHI,0.487860,0.055496
1,gnn,block,18,RHOB,-0.892153,0.157072
1,gnn,block,18,all,0.884786,7.961088
1,gnn,profile,0,GR,0.488807,19.764308
1,gnn,profile,0,NPHI,-0.700944,0.074424
1,gnn,profile,0,RHOB,0.125825,0.096968
1,gnn,profile,0,all,0.724249,5.872197
1,gnn,profile,1,GR,,
1,gnn,profile,1,NPHI,-0.382132,0.089161
1,gnn,profile,1,RHOB,-0.413500,0.085309
1,gnn,profile,1,all,0.992618,0.087235
1,gnn,profile,2,GR,-0.773068,20.761914
1,gnn,profile,2,NPHI,0.048776,0.062505
1,gnn,profile,2,RHOB,0.234348,0.097798
1,gnn,profile,2,all,0.839649,6.610305
1,gnn,profile,3,GR,-0.756960,24.789463
1,gnn,profile,3,NPHI,0.295184,0.067387
1,gnn,profile,3,RHOB,0.314606,0.091207
1,gnn,profile,3,all,0.375017,7.345241
1,gnn,profile,4,GR,0.438487,18.615144
1,gnn,profile,4,NPHI,0.206106,0.078455
1,gnn,profile,4,RHOB,0.271446,0.094469
1,gnn,profile,4,all,0.838489,5.379513
1,gnn,profile,5,GR,-0.213198,21.087166
1,gnn,profile,5,NPHI,0.752156,0.036732
1,gnn,profile,5,RHOB,0.640103,0.064577
1,gnn,profile,5,all,0.609589,6.877257
1,gnn,profile,6,GR,-7.266805,24.474519
1,gnn,profile,6,NPHI,-4.646574,0.080275
1,gnn,profile,6,RHOB,0.036421,0.052618
1,gnn,profile,6,all,0.517270,8.943366
1,gnn,profile,7,GR,-68.736134,66.598527
1,gnn,profile,7,NPHI,0.678527,0.022304
1,gnn,profile,7,RHOB,0.625828,0.049330
1,gnn,profile,7,all,-28.075123,20.003279
1,gnn,profile,8,GR,-0.176505,42.246240
1,gnn,profile,8,NPHI,-0.566807,0.060338
1,gnn,profile,8,RHOB,-0.018582,0.132987
1,gnn,profile,8,all,0.717739,13.068557
1,gnn,profile,9,GR,0.709979,19.232332
1,gnn,profile,9,NPHI,0.669412,0.054213
1,gnn,profile,9,RHOB,0.226660,0.069075
1,gnn,profile,9,all,0.857468,5.386422
1,gnn,profile,10,GR,0.270242,26.471754
1,gnn,profile,10,NPHI,0.608948,0.043319
1,gnn,profile,10,RHOB,0.484932,0.061401
1,gnn,profile,10,all,0.699893,7.757640
1,gnn,profile,11,GR,-1.438912,9.480882
1,gnn,profile,11,NPHI,0.396843,0.042259
1,gnn,profile,11,RHOB,0.743835,0.037729
1,gnn,profile,11,all,0.128621,3.186957
1,gnn,profile,12,GR,-0.840024,24.505597
1,gnn,profile,12,NPHI,0.533142,0.054206
1,gnn,profile,12,RHOB,0.599411,0.072489
1,gnn,profile,12,all,0.410496,7.647927
1,gnn,profile,13,GR,0.056342,26.205393
1,gnn,profile,13,NPHI,0.081554,0.072531
1,gnn,profile,13,RHOB,0.202634,0.089730
1,gnn,profile,13,all,0.742794,7.917549
1,gnn,profile,14,GR,0.445666,7.711130
1,gnn,profile,14,NPHI,0.624748,0.022651
1,gnn,profile,14,RHOB,0.430710,0.052588
1,gnn,profile,14,all,0.847421,2.399851
1,gnn,profile,15,GR,0.583990,11.915853
1,gnn,profile,15,NPHI,0.744735,0.032434
1,gnn,profile,15,RHOB,0.573805,0.053413
1,gnn,profile,15,all,0.849158,3.999790
1,gnn,profile,16,GR,,
1,gnn,profile,16,NPHI,,
1,gnn,profile,16,RHOB,0.540436,0.035196
1,gnn,profile,16,all,0.540436,0.035196
1,gnn,profile,17,GR,0.478107,22.668250
1,gnn,profile,17,NPHI,-0.421106,0.075365
1,gnn,profile,17,RHOB,0.124840,0.080927
1,gnn,profile,17,all,0.784037,7.512899
1,gnn,profile,18,GR,-0.245826,27.866210
1,gnn,profile,18,NPHI,-0.517954,0.081915
1,gnn,profile,18,RHOB,-1.180268,0.157590
1,gnn,profile,18,all,0.768942,7.516286
1,gnn,single,0,GR,0.353843,24.028298
1,gnn,single,0,NPHI,-0.332648,0.053114
1,gnn,single,0,RHOB,0.108501,0.119351
1,gnn,single,0,all,0.768649,4.361996
1,gnn,single,1,GR,,
1,gnn,single,1,NPHI,0.090210,0.067916
1,gnn,single,1,RHOB,,
1,gnn,single,1,all,0.090210,0.067916
1,gnn,single,2,GR,-0.554192,23.373335
1,gnn,single,2,NPHI,0.118289,0.066364
1,gnn,single,2,RHOB,0.234196,0.123500
1,gnn,single,2,all,0.849363,3.806835
1,gnn,single,3,GR,-0.576286,25.381415
1,gnn,single,3,NPHI,0.181734,0.079096
1,gnn,single,3,RHOB,0.418637,0.088435
1,gnn,single,3,all,0.453734,8.615915
1,gnn,single,4,GR,0.344107,15.458492
1,gnn,single,4,NPHI,0.479295,0.059773
1,gnn,single,4,RHOB,0.254644,0.106287
1,gnn,single,4,all,0.877143,5.003801
1,gnn,single,5,GR,-0.259664,20.605186
1,gnn,single,5,NPHI,0.678558,0.043430
1,gnn,single,5,RHOB,0.580819,0.074944
1,gnn,single,5,all,0.600896,7.072347
1,gnn,single,6,GR,-111.149909,23.441614
1,gnn,single,6,NPHI,-3.012652,0.092665
1,gnn,single,6,RHOB,-0.395702,0.036009
1,gnn,single,6,all,0.639850,2.189544
1,gnn,single,7,GR,-76.025254,64.997368
1,gnn,single,7,NPHI,0.651565,0.025574
1,gnn,single,7,RHOB,0.378908,0.042369
1,gnn,single,7,all,-19.203934,6.529472
1,gnn,single,8,GR,-1.325659,56.447501
1,gnn,single,8,NPHI,-2.860786,0.079100
1,gnn,single,8,RHOB,-0.668505,0.106286
1,gnn,single,8,all,0.739788,8.897282
1,gnn,single,9,GR,0.832416,9.815513
1,gnn,single,9,NPHI,0.365360,0.064295
1,gnn,single,9,RHOB,0.405143,0.086030
1,gnn,single,9,all,0.959803,1.716306
1,gnn,single,10,GR,0.560847,16.187998
1,gnn,single,10,NPHI,0.711981,0.044832
1,gnn,single,10,RHOB,0.384008,0.058911
1,gnn,single,10,all,0.874316,2.762702
1,gnn,single,11,GR,-0.429074,12.681360
1,gnn,single,11,NPHI,0.428014,0.034997
1,gnn,single,11,RHOB,0.751128,0.041865
1,gnn,single,11,all,0.463899,2.145586
1,gnn,single,12,GR,-0.773346,24.336373
1,gnn,single,12,NPHI,0.448137,0.054008
1,gnn,single,12,RHOB,0.592338,0.088604
1,gnn,single,12,all,0.593086,7.568745
1,gnn,single,13,GR,-0.079984,25.794862
1,gnn,single,13,NPHI,0.169646,0.073404
1,gnn,single,13,RHOB,-0.371089,0.082964
1,gnn,single,13,all,0.798429,8.788016
1,gnn,single,14,GR,0.397867,9.122530
1,gnn,single,14,NPHI,0.716401,0.019042
1,gnn,single,14,RHOB,0.382444,0.030020
1,gnn,single,14,all,0.868193,1.445750
1,gnn,single,15,GR,0.468004,14.971317
1,gnn,single,15,NPHI,0.689947,0.035115
1,gnn,single,15,RHOB,0.396567,0.055277
1,gnn,single,15,all,0.787918,3.385060
1,gnn,single,16,GR,,
1,gnn,single,16,NPHI,-11.487877,0.083631
1,gnn,single,16,RHOB,,
1,gnn,single,16,all,-11.487877,0.083631
1,gnn,single,17,GR,0.569755,19.851682
1,gnn,single,17,NPHI,-0.046920,0.071927
1,gnn,single,17,RHOB,-0.206211,0.085473
1,gnn,single,17,all,0.813863,6.882234
1,gnn,single,18,GR,-0.113797,16.152450
1,gnn,single,18,NPHI,0.092770,0.068196
1,gnn,single,18,RHOB,-2.454919,0.167615
1,gnn,single,18,all,0.926793,3.368822
1,locf,blackout,0,GR,0.438415,23.225481
1,locf,blackout,0,NPHI,-0.149155,0.064808
1,locf,blackout,0,RHOB,-1.990928,0.188218
1,locf,blackout,0,all,0.740484,9.532460
1,locf,blackout,1,GR,-1.107398,26.305604
1,locf,blackout,1,NPHI,-0.263505,0.043614
1,locf,blackout,1,RHOB,-2.767592,0.147418
1,locf,blackout,1,all,0.841182,8.832212
1,locf,blackout,2,GR,-0.406042,15.951011
1,locf,blackout,2,NPHI,-0.240227,0.066836
1,locf,blackout,2,RHOB,-1.185812,0.135883
1,locf,blackout,2,all,0.898257,6.523171
1,locf,blackout,3,GR,-0.053808,17.336761
1,locf,blackout,3,NPHI,0.152645,0.064717
1,locf,blackout,3,RHOB,0.292641,0.102034
1,locf,blackout,3,all,0.603946,6.349570
1,locf,blackout,4,GR,0.533436,16.856330
1,locf,blackout,4,NPHI,-0.068805,0.079781
1,locf,blackout,4,RHOB,-0.337900,0.149368
1,locf,blackout,4,all,0.853113,6.387999
1,locf,blackout,5,GR,0.417976,11.492809
1,locf,blackout,5,NPHI,0.253301,0.061004
1,locf,blackout,5,RHOB,0.436836,0.081007
1,locf,blackout,5,all,0.788488,3.873564
1,locf,blackout,6,GR,-0.953353,7.223182
1,locf,blackout,6,NPHI,-2.326520,0.055535
1,locf,blackout,6,RHOB,-0.644673,0.057706
1,locf,blackout,6,all,0.927263,3.137054
1,locf,blackout,7,GR,-1.780119,13.073669
1,locf,blackout,7,NPHI,-0.982588,0.059148
1,locf,blackout,7,RHOB,-1.276585,0.123537
1,locf,blackout,7,all,-0.401358,5.615929
1,locf,blackout,8,GR,-0.158436,38.513207
1,locf,blackout,8,NPHI,-0.505860,0.050948
1,locf,blackout,8,RHOB,0.007446,0.108484
1,locf,blackout,8,all,0.703205,16.307396
1,locf,blackout,9,GR,-0.021296,33.188671
1,locf,blackout,9,NPHI,-0.351436,0.101620
1,locf,blackout,9,RHOB,0.339853,0.080651
1,locf,blackout,9,all,0.499879,14.233640
1,locf,blackout,10,GR,0.113366,24.376240
1,locf,blackout,10,NPHI,-0.459894,0.081046
1,locf,blackout,10,RHOB,-0.764862,0.099620
1,locf,blackout,10,all,0.612627,9.535825
1,locf,blackout,11,GR,-1.705614,10.926296
1,locf,blackout,11,NPHI,-1.283390,0.077781
1,locf,blackout,11,RHOB,-1.247094,0.100726
1,locf,blackout,11,all,-0.358943,4.617711
1,locf,blackout,12,GR,-0.249167,18.052208
1,locf,blackout,12,NPHI,0.156155,0.068171
1,locf,blackout,12,RHOB,0.021901,0.117371
1,locf,blackout,12,all,0.637450,6.743294
1,locf,blackout,13,GR,0.462519,17.705296
1,locf,blackout,13,NPHI,0.170012,0.064265
1,locf,blackout,13,RHOB,-0.881972,0.082524
1,locf,blackout,13,all,0.859130,6.597788
1,locf,blackout,14,GR,-0.169948,8.854277
1,locf,blackout,14,NPHI,-0.543089,0.049358
1,locf,blackout,14,RHOB,-0.169411,0.069723
1,locf,blackout,14,all,0.669618,3.772801
1,locf,blackout,15,GR,0.313204,13.133700
1,locf,blackout,15,NPHI,0.417514,0.052690
1,locf,blackout,15,RHOB,-0.065410,0.073302
1,locf,blackout,15,all,0.754910,5.206340
1,locf,blackout,16,GR,-14.415865,31.012640
1,locf,blackout,16,NPHI,-0.263500,0.023651
1,locf,blackout,16,RHOB,-5.926885,0.142770
1,locf,blackout,16,all,-4.307328,10.393021
1,locf,blackout,17,GR,0.485840,17.717505
1,locf,blackout,17,NPHI,0.304083,0.049109
1,locf,blackout,17,RHOB,0.617706,0.042298
1,locf,blackout,17,all,0.764443,5.834269
1,locf,blackout,18,GR,-0.711725,32.199810
1,locf,blackout,18,NPHI,-0.150781,0.073062
1,locf,blackout,18,RHOB,-0.612904,0.108606
1,locf,blackout,18,all,0.696224,12.840056
1,locf,block,0,GR,-0.772427,33.865658
1,locf,block,0,NPHI,0.461506,0.044430
1,locf,block,0,RHOB,-0.546056,0.092712
1,locf,block,0,all,0.546251,13.113484
1,locf,block,1,GR,-4.549559,34.621789
1,locf,block,1,NPHI,-2.429229,0.076549
1,locf,block,1,RHOB,,
1,locf,block,1,all,0.595937,17.349169
1,locf,block,2,GR,0.076372,13.796085
1,locf,block,2,NPHI,0.524756,0.039815
1,locf,block,2,RHOB,0.125559,0.054659
1,locf,block,2,all,0.922424,4.848069
1,locf,block,3,GR,-0.042635,17.340070
1,locf,block,3,NPHI,0.328801,0.060101
1,locf,block,3,RHOB,0.390541,0.096370
1,locf,block,3,all,0.591228,5.801436
1,locf,block,4,GR,0.664916,12.059188
1,locf,block,4,NPHI,-0.721037,0.082038
1,locf,block,4,RHOB,-0.026624,0.123245
1,locf,block,4,all,0.921696,3.802742
1,locf,block,5,GR,0.772284,7.757239
1,locf,block,5,NPHI,0.414019,0.057010
1,locf,block,5,RHOB,0.515334,0.072208
1,locf,block,5,all,0.914928,2.689292
1,locf,block,6,GR,-0.428760,5.880956
1,locf,block,6,NPHI,-0.313305,0.035297
1,locf,block,6,RHOB,-0.719231,0.048266
1,locf,block,6,all,0.968751,0.939950
1,locf,block,7,GR,-0.823704,7.238051
1,locf,block,7,NPHI,-13.821654,0.129373
1,locf,block,7,RHOB,-1.180173,0.099120
1,locf,block,7,all,0.550817,1.374058
1,locf,block,8,GR,0.780740,13.670867
1,locf,block,8,NPHI,-1.293982,0.076676
1,locf,block,8,RHOB,0.498010,0.055040
1,locf,block,8,all,0.976085,4.508531
1,locf,block,9,GR,-0.702373,27.409570
1,locf,block,9,NPHI,0.773826,0.046351
1,locf,block,9,RHOB,-0.620949,0.083278
1,locf,block,9,all,0.562804,10.437600
1,locf,block,10,GR,0.709974,13.862969
1,locf,block,10,NPHI,-0.134030,0.068074
1,locf,block,10,RHOB,0.013520,0.064693
1,locf,block,10,all,0.900180,4.423289
1,locf,block,11,GR,-5.164592,20.614455
1,locf,block,11,NPHI,0.028280,0.044565
1,locf,block,11,RHOB,0.334065,0.048185
1,locf,block,11,all,-1.283185,5.188354
1,locf,block,12,GR,0.428656,11.906398
1,locf,block,12,NPHI,0.471521,0.048961
1,locf,block,12,RHOB,0.532205,0.086448
1,locf,block,12,all,0.859914,3.604628
1,locf,block,13,GR,0.213497,20.491069
1,locf,block,13,NPHI,0.256664,0.062210
1,locf,block,13,RHOB,0.348574,0.040120
1,locf,block,13,all,0.846691,6.954098
1,locf,block,14,GR,-0.882252,16.078807
1,locf,block,14,NPHI,-0.679247,0.046660
1,locf,block,14,RHOB,-2.046864,0.079772
1,locf,block,14,all,0.360161,5.292459
1,locf,block,15,GR,0.291001,12.927485
1,locf,block,15,NPHI,0.725863,0.032983
1,locf,block,15,RHOB,0.224574,0.048994
1,locf,block,15,all,0.746192,3.743637
1,locf,block,16,GR,,
1,locf,block,16,NPHI,-0.000042,0.022184
1,locf,block,16,RHOB,,
1,locf,block,16,all,-0.000042,0.022184
1,locf,block,17,GR,0.608274,14.715395
1,locf,block,17,NPHI,0.500754,0.040043
1,locf,block,17,RHOB,0.776788,0.030217
1,locf,block,17,all,0.810176,4.814439
1,locf,block,18,GR,0.259291,17.671081
1,locf,block,18,NPHI,-0.404115,0.076808
1,locf,block,18,RHOB,-0.622434,0.140346
1,locf,block,18,all,0.926887,5.962745
1,locf,profile,0,GR,-0.021197,38.085775
1,locf,profile,0,NPHI,-0.203974,0.072116
1,locf,profile,0,RHOB,-0.000807,0.113871
1,locf,profile,0,all,0.449150,11.264885
1,locf,profile,1,GR,,
1,locf,profile,1,NPHI,-0.106627,0.077300
1,locf,profile,1,RHOB,-0.059846,0.083419
1,locf,profile,1,all,0.994306,0.080360
1,locf,profile,2,GR,-2.193709,33.838873
1,locf,profile,2,NPHI,-0.186895,0.060674
1,locf,profile,2,RHOB,-0.054171,0.126448
1,locf,profile,2,all,0.711174,10.748244
1,locf,profile,3,GR,-0.594986,24.686139
1,locf,profile,3,NPHI,-0.225197,0.092718
1,locf,profile,3,RHOB,-0.985026,0.163491
1,locf,profile,3,all,0.432607,7.345852
1,locf,profile,4,GR,-0.163573,30.755584
1,locf,profile,4,NPHI,-0.003959,0.088176
1,locf,profile,4,RHOB,-0.099635,0.134299
1,locf,profile,4,all,0.665321,8.864294
1,locf,profile,5,GR,-0.275658,22.607488
1,locf,profile,5,NPHI,-0.406741,0.099096
1,locf,profile,5,RHOB,-0.314120,0.127701
1,locf,profile,5,all,0.589471,7.412994
1,locf,profile,6,GR,-0.264055,9.237970
1,locf,profile,6,NPHI,-15.308260,0.140448
1,locf,profile,6,RHOB,-2.883466,0.119999
1,locf,profile,6,all,0.926165,3.443060
1,locf,profile,7,GR,-23.785735,40.024828
1,locf,profile,7,NPHI,-6.219141,0.123962
1,locf,profile,7,RHOB,-0.616937,0.113659
1,locf,profile,7,all,-9.334170,12.091131
1,locf,profile,8,GR,-1.320998,59.519160
1,locf,profile,8,NPHI,-0.060983,0.050789
1,locf,profile,8,RHOB,-0.710558,0.192800
1,locf,profile,8,all,0.443161,18.403369
1,locf,profile,9,GR,-0.031808,38.829831
1,locf,profile,9,NPHI,-0.005688,0.095068
1,locf,profile,9,RHOB,-1.178325,0.122249
1,locf,profile,9,all,0.492917,10.863785
1,locf,profile,10,GR,-0.007419,34.393920
1,locf,profile,10,NPHI,-0.002917,0.067985
1,locf,profile,10,RHOB,-0.000857,0.098305
1,locf,profile,10,all,0.585704,10.089823
1,locf,profile,11,GR,-26.332855,39.026139
1,locf,profile,11,NPHI,-1.043087,0.072775
1,locf,profile,11,RHOB,-0.024452,0.079262
1,locf,profile,11,all,-8.765311,13.059392
1,locf,profile,12,GR,-0.471522,22.502723
1,locf,profile,12,NPHI,-0.771102,0.107995
1,locf,profile,12,RHOB,-1.096110,0.177631
1,locf,profile,12,all,0.528516,7.078493
1,locf,profile,13,GR,-0.390631,34.223238
1,locf,profile,13,NPHI,-0.010685,0.089381
1,locf,profile,13,RHOB,-0.187779,0.137981
1,locf,profile,13,all,0.620966,10.344118
1,locf,profile,14,GR,-4.718218,27.293398
1,locf,profile,14,NPHI,-4.932171,0.109924
1,locf,profile,14,RHOB,-1.120536,0.116130
1,locf,profile,14,all,-0.573861,8.476457
1,locf,profile,15,GR,-0.323510,23.601619
1,locf,profile,15,NPHI,-0.061601,0.077575
1,locf,profile,15,RHOB,-0.143900,0.095649
1,locf,profile,15,all,0.520105,7.924278
1,locf,profile,16,GR,,
1,locf,profile,16,NPHI,,
1,locf,profile,16,RHOB,-1.016039,0.071716
1,locf,profile,16,all,-1.016039,0.071716
1,locf,profile,17,GR,-0.011608,32.482515
1,locf,profile,17,NPHI,-0.458742,0.085084
1,locf,profile,17,RHOB,-0.412048,0.098186
1,locf,profile,17,all,0.581393,10.752007
1,locf,profile,18,GR,-0.791190,33.514693
1,locf,profile,18,NPHI,-0.501283,0.084113
1,locf,profile,18,RHOB,-0.073334,0.105191
1,locf,profile,18,all,0.667805,9.005960
1,locf,single,0,GR,0.987807,2.740169
1,locf,single,0,NPHI,0.956038,0.009929
1,locf,single,0,RHOB,0.936902,0.030286
1,locf,single,0,all,0.995634,0.505954
1,locf,single,1,GR,,
1,locf,single,1,NPHI,0.952717,0.012093
1,locf,single,1,RHOB,,
1,locf,single,1,all,0.952717,0.012093
1,locf,single,2,GR,0.980031,2.524480
1,locf,single,2,NPHI,0.959531,0.014164
1,locf,single,2,RHOB,0.938847,0.036077
1,locf,single,2,all,0.998063,0.422905
1,locf,single,3,GR,0.980569,1.888897
1,locf,single,3,NPHI,0.976931,0.010928
1,locf,single,3,RHOB,0.908171,0.017561
1,locf,single,3,all,0.993265,0.646386
1,locf,single,4,GR,0.990005,2.048155
1,locf,single,4,NPHI,0.976255,0.012076
1,locf,single,4,RHOB,0.956700,0.019034
1,locf,single,4,all,0.998128,0.666042
1,locf,single,5,GR,0.994626,1.158780
1,locf,single,5,NPHI,0.982431,0.008686
1,locf,single,5,RHOB,0.966992,0.013420
1,locf,single,5,all,0.998297,0.402830
1,locf,single,6,GR,0.982801,0.213634
1,locf,single,6,NPHI,0.975906,0.004969
1,locf,single,6,RHOB,0.392618,0.009406
1,locf,single,6,all,0.999942,0.025955
1,locf,single,7,GR,0.809989,2.448779
1,locf,single,7,NPHI,0.953770,0.008290
1,locf,single,7,RHOB,0.957871,0.008762
1,locf,single,7,all,0.950154,0.252527
1,locf,single,8,GR,0.965299,4.533428
1,locf,single,8,NPHI,0.902444,0.011300
1,locf,single,8,RHOB,0.859238,0.022989
1,locf,single,8,all,0.996117,0.722449
1,locf,single,9,GR,0.986205,2.566279
1,locf,single,9,NPHI,0.986394,0.009873
1,locf,single,9,RHOB,0.974107,0.017828
1,locf,single,9,all,0.996692,0.443856
1,locf,single,10,GR,0.986550,2.554925
1,locf,single,10,NPHI,0.960453,0.013596
1,locf,single,10,RHOB,0.918788,0.020643
1,locf,single,10,all,0.996150,0.443079
1,locf,single,11,GR,0.995055,0.801583
1,locf,single,11,NPHI,0.983087,0.005614
1,locf,single,11,RHOB,0.843514,0.011124
1,locf,single,11,all,0.998137,0.140571
1,locf,single,12,GR,0.989536,1.601077
1,locf,single,12,NPHI,0.979509,0.008866
1,locf,single,12,RHOB,0.955931,0.019615
1,locf,single,12,all,0.997598,0.504262
1,locf,single,13,GR,0.994228,1.933692
1,locf,single,13,NPHI,0.986394,0.008142
1,locf,single,13,RHOB,0.961265,0.009310
1,locf,single,13,all,0.998923,0.660650
1,locf,single,14,GR,0.967017,1.984077
1,locf,single,14,NPHI,0.980257,0.004697
1,locf,single,14,RHOB,0.424392,0.012162
1,locf,single,14,all,0.992776,0.316891
1,locf,single,15,GR,0.997464,0.985624
1,locf,single,15,NPHI,0.984953,0.006991
1,locf,single,15,RHOB,0.901443,0.015211
1,locf,single,15,all,0.998988,0.228542
1,locf,single,16,GR,,
1,locf,single,16,NPHI,0.882385,0.006360
1,locf,single,16,RHOB,,
1,locf,single,16,all,0.882385,0.006360
1,locf,single,17,GR,0.984484,2.940158
1,locf,single,17,NPHI,0.982258,0.007484
1,locf,single,17,RHOB,0.980246,0.007385
1,locf,single,17,all,0.993287,1.016572
1,locf,single,18,GR,0.953919,3.764130
1,locf,single,18,NPHI,0.973440,0.011562
1,locf,single,18,RHOB,0.956895,0.017226
1,locf,single,18,all,0.996972,0.774514
1,mean,blackout,0,GR,-0.050244,38.892647
1,mean,blackout,0,NPHI,-0.373836,0.074110
1,mean,blackout,0,RHOB,-0.011312,0.115312
1,mean,blackout,0,all,0.514686,15.898257
1,mean,blackout,1,GR,-4.071424,44.994318
1,mean,blackout,1,NPHI,-1.100450,0.070072
1,mean,blackout,1,RHOB,-0.043720,0.081028
1,mean,blackout,1,all,0.617816,15.048473
1,mean,blackout,2,GR,-3.513122,34.503157
1,mean,blackout,2,NPHI,-0.287069,0.072553
1,mean,blackout,2,RHOB,-0.027265,0.123563
1,mean,blackout,2,all,0.673451,14.040691
1,mean,blackout,3,GR,-0.402200,24.036360
1,mean,blackout,3,NPHI,-0.419896,0.088115
1,mean,blackout,3,RHOB,-0.664302,0.155458
1,mean,blackout,3,all,0.472998,8.806685
1,mean,blackout,4,GR,-0.208413,32.558590
1,mean,blackout,4,NPHI,-0.002570,0.086688
1,mean,blackout,4,RHOB,-0.008936,0.149564
1,mean,blackout,4,all,0.619585,12.276735
1,mean,blackout,5,GR,-0.404856,24.388989
1,mean,blackout,5,NPHI,-0.276569,0.094000
1,mean,blackout,5,RHOB,-0.391318,0.142126
1,mean,blackout,5,all,0.489468,8.198358
1,mean,blackout,6,GR,-0.637399,7.539205
1,mean,blackout,6,NPHI,-11.751206,0.134801
1,mean,blackout,6,RHOB,-3.845670,0.126790
1,mean,blackout,6,all,0.939012,3.315552
1,mean,blackout,7,GR,-9.602661,36.997794
1,mean,blackout,7,NPHI,-3.348236,0.111901
1,mean,blackout,7,RHOB,-0.819655,0.118973
1,mean,blackout,7,all,-4.344248,15.819812
1,mean,blackout,8,GR,-1.623987,66.912427
1,mean,blackout,8,NPHI,-0.352206,0.054264
1,mean,blackout,8,RHOB,-0.690624,0.174495
1,mean,blackout,8,all,0.327727,28.318021
1,mean,blackout,9,GR,-0.049456,35.078790
1,mean,blackout,9,NPHI,-0.001446,0.087905
1,mean,blackout,9,RHOB,-0.346769,0.135457
1,mean,blackout,9,all,0.486088,15.051043
1,mean,blackout,10,GR,-0.009677,33.664050
1,mean,blackout,10,NPHI,-0.033090,0.073627
1,mean,blackout,10,RHOB,-0.016194,0.091700
1,mean,blackout,10,all,0.558873,13.143741
1,mean,blackout,11,GR,-14.007788,38.446895
1,mean,blackout,11,NPHI,-1.742339,0.091159
1,mean,blackout,11,RHOB,-0.013461,0.078614
1,mean,blackout,11,all,-6.537490,16.118107
1,mean,blackout,12,GR,-0.270605,20.075762
1,mean,blackout,12,NPHI,-0.965968,0.114351
1,mean,blackout,12,RHOB,-0.983329,0.181014
1,mean,blackout,12,all,0.631208,7.526727
1,mean,blackout,13,GR,-0.421998,31.877147
1,mean,blackout,13,NPHI,-0.039119,0.080413
1,mean,blackout,13,RHOB,-1.075714,0.117192
1,mean,blackout,13,all,0.627310,11.857704
1,mean,blackout,14,GR,-5.615392,27.443773
1,mean,blackout,14,NPHI,-3.826345,0.100175
1,mean,blackout,14,RHOB,-1.334179,0.123704
1,mean,blackout,14,all,-0.868060,11.652484
1,mean,blackout,15,GR,-0.269817,22.109503
1,mean,blackout,15,NPHI,-0.045983,0.077053
1,mean,blackout,15,RHOB,-0.473416,0.106613
1,mean,blackout,15,all,0.546855,8.756008
1,mean,blackout,16,GR,-20.788330,37.189289
1,mean,blackout,16,NPHI,-12.769933,0.100161
1,mean,blackout,16,RHOB,-1.105542,0.070833
1,mean,blackout,16,all,-6.501134,12.453428
1,mean,blackout,17,GR,-0.001230,32.615489
1,mean,blackout,17,NPHI,-0.218179,0.081802
1,mean,blackout,17,RHOB,-0.558081,0.106918
1,mean,blackout,17,all,0.541295,10.747161
1,mean,blackout,18,GR,-1.411535,40.546474
1,mean,blackout,18,NPHI,-0.176242,0.078357
1,mean,blackout,18,RHOB,-0.186958,0.106126
1,mean,blackout,18,all,0.572033,16.155476
1,mean,block,0,GR,-0.411755,30.479080
1,mean,block,0,NPHI,-0.064427,0.076198
1,mean,block,0,RHOB,-0.022883,0.069566
1,mean,block,0,all,0.638584,11.808550
1,mean,block,1,GR,-3.436484,30.089989
1,mean,block,1,NPHI,-1.089803,0.060135
1,mean,block,1,RHOB,,
1,mean,block,1,all,0.676980,15.075062
1,mean,block,2,GR,-1.773825,25.423049
1,mean,block,2,NPHI,-0.174233,0.059006
1,mean,block,2,RHOB,-0.685870,0.113281
1,mean,block,2,all,0.767027,8.932660
1,mean,block,3,GR,-0.337896,26.023935
1,mean,block,3,NPHI,-0.402903,0.093292
1,mean,block,3,RHOB,-0.546189,0.150977
1,mean,block,3,all,0.475454,8.709810
1,mean,block,4,GR,-0.203884,27.018147
1,mean,block,4,NPHI,-0.075987,0.070610
1,mean,block,4,RHOB,-0.026754,0.153666
1,mean,block,4,all,0.718735,8.438705
1,mean,block,5,GR,-0.274644,24.579901
1,mean,block,5,NPHI,-0.124906,0.098886
1,mean,block,5,RHOB,-0.924044,0.167184
1,mean,block,5,all,0.523830,8.473216
1,mean,block,6,GR,-1.204388,7.437117
1,mean,block,6,NPHI,-6.417269,0.128711
1,mean,block,6,RHOB,-13.761378,0.154882
1,mean,block,6,all,0.951730,1.263818
1,mean,block,7,GR,-27.722779,37.899373
1,mean,block,7,NPHI,-4.474226,0.109921
1,mean,block,7,RHOB,-0.645230,0.097361
1,mean,block,7,all,-6.064615,6.774584
1,mean,block,8,GR,-4.982729,88.598323
1,mean,block,8,NPHI,-0.069100,0.057485
1,mean,block,8,RHOB,-1.546229,0.136723
1,mean,block,8,all,0.347470,28.994652
1,mean,block,9,GR,-0.219520,22.964416
1,mean,block,9,NPHI,-0.083311,0.114589
1,mean,block,9,RHOB,-1.478623,0.124937
1,mean,block,9,all,0.686803,8.785155
1,mean,block,10,GR,-0.026915,29.211808
1,mean,block,10,NPHI,-0.251608,0.076421
1,mean,block,10,RHOB,-0.018615,0.078710
1,mean,block,10,all,0.646574,9.277792
1,mean,block,11,GR,-14.065492,36.806021
1,mean,block,11,NPHI,-1.437313,0.080820
1,mean,block,11,RHOB,-0.021972,0.078808
1,mean,block,11,all,-4.579794,9.261389
1,mean,block,12,GR,-0.079158,19.021163
1,mean,block,12,NPHI,-1.027440,0.106544
1,mean,block,12,RHOB,-0.821558,0.182019
1,mean,block,12,all,0.735384,5.783480
1,mean,block,13,GR,-0.843477,31.963841
1,mean,block,13,NPHI,-0.002071,0.086933
1,mean,block,13,RHOB,-1.632998,0.107174
1,mean,block,13,all,0.640661,10.856216
1,mean,block,14,GR,-2.489139,25.745157
1,mean,block,14,NPHI,-4.196822,0.108696
1,mean,block,14,RHOB,-4.848425,0.163379
1,mean,block,14,all,-0.186082,8.497641
1,mean,block,15,GR,-0.176495,24.143319
1,mean,block,15,NPHI,-0.053871,0.065878
1,mean,block,15,RHOB,-0.834080,0.126324
1,mean,block,15,all,0.578830,7.004831
1,mean,block,16,GR,,
1,mean,block,16,NPHI,-11.089373,0.100445
1,mean,block,16,RHOB,,
1,mean,block,16,all,-11.089373,0.100445
1,mean,block,17,GR,-0.041551,31.804793
1,mean,block,17,NPHI,-0.114632,0.080147
1,mean,block,17,RHOB,-0.628455,0.110336
1,mean,block,17,all,0.495279,10.417632
1,mean,block,18,GR,-3.701386,54.262423
1,mean,block,18,NPHI,-0.037004,0.080851
1,mean,block,18,RHOB,-0.047772,0.109424
1,mean,block,18,all,0.535972,18.150899
1,mean,profile,0,GR,-0.021197,38.085775
1,mean,profile,0,NPHI,-0.203974,0.072116
1,mean,profile,0,RHOB,-0.000807,0.113871
1,mean,profile,0,all,0.449150,11.264885
1,mean,profile,1,GR,,
1,mean,profile,1,NPHI,-0.106627,0.077300
1,mean,profile,1,RHOB,-0.059846,0.083419
1,mean,profile,1,all,0.994306,0.080360
1,mean,profile,2,GR,-2.193709,33.838873
1,mean,profile,2,NPHI,-0.186895,0.060674
1,mean,profile,2,RHOB,-0.054171,0.126448
1,mean,profile,2,all,0.711174,10.748244
1,mean,profile,3,GR,-0.594986,24.686139
1,mean,profile,3,NPHI,-0.225197,0.092718
1,mean,profile,3,RHOB,-0.985026,0.163491
1,mean,profile,3,all,0.432607,7.345852
1,mean,profile,4,GR,-0.163573,30.755584
1,mean,profile,4,NPHI,-0.003959,0.088176
1,mean,profile,4,RHOB,-0.099635,0.134299
1,mean,profile,4,all,0.665321,8.864294
1,mean,profile,5,GR,-0.275658,22.607488
1,mean,profile,5,NPHI,-0.406741,0.099096
1,mean,profile,5,RHOB,-0.314120,0.127701
1,mean,profile,5,all,0.589471,7.412994
1,mean,profile,6,GR,-0.264055,9.237970
1,mean,profile,6,NPHI,-15.308260,0.140448
1,mean,profile,6,RHOB,-2.883466,0.119999
1,mean,profile,6,all,0.926165,3.443060
1,mean,profile,7,GR,-23.785735,40.024828
1,mean,profile,7,NPHI,-6.219141,0.123962
1,mean,profile,7,RHOB,-0.616937,0.113659
1,mean,profile,7,all,-9.334170,12.091131
1,mean,profile,8,GR,-1.320998,59.519160
1,mean,profile,8,NPHI,-0.060983,0.050789
1,mean,profile,8,RHOB,-0.710558,0.192800
1,mean,profile,8,all,0.443161,18.403369
1,mean,profile,9,GR,-0.031808,38.829831
1,mean,profile,9,NPHI,-0.005688,0.095068
1,mean,profile,9,RHOB,-1.178325,0.122249
1,mean,profile,9,all,0.492917,10.863785
1,mean,profile,10,GR,-0.007419,34.393920
1,mean,profile,10,NPHI,-0.002917,0.067985
1,mean,profile,10,RHOB,-0.000857,0.098305
1,mean,profile,10,all,0.585704,10.089823
1,mean,profile,11,GR,-26.332855,39.026139
1,mean,profile,11,NPHI,-1.043087,0.072775
1,mean,profile,11,RHOB,-0.024452,0.079262
1,mean,profile,11,all,-8.765311,13.059392
1,mean,profile,12,GR,-0.471522,22.502723
1,mean,profile,12,NPHI,-0.771102,0.107995
1,mean,profile,12,RHOB,-1.096110,0.177631
1,mean,profile,12,all,0.528516,7.078493
1,mean,profile,13,GR,-0.390631,34.223238
1,mean,profile,13,NPHI,-0.010685,0.089381
1,mean,profile,13,RHOB,-0.187779,0.137981
1,mean,profile,13,all,0.620966,10.344118
1,mean,profile,14,GR,-4.718218,27.293398
1,mean,profile,14,NPHI,-4.932171,0.109924
1,mean,profile,14,RHOB,-1.120536,0.116130
1,mean,profile,14,all,-0.573861,8.476457
1,mean,profile,15,GR,-0.323510,23.601619
1,mean,profile,15,NPHI,-0.061601,0.077575
1,mean,profile,15,RHOB,-0.143900,0.095649
1,mean,profile,15,all,0.520105,7.924278
1,mean,profile,16,GR,,
1,mean,profile,16,NPHI,,
1,mean,profile,16,RHOB,-1.016039,0.071716
1,mean,profile,16,all,-1.016039,0.071716
1,mean,profile,17,GR,-0.011608,32.482515
1,mean,profile,17,NPHI,-0.458742,0.085084
1,mean,profile,17,RHOB,-0.412048,0.098186
1,mean,profile,17,all,0.581393,10.752007
1,mean,profile,18,GR,-0.791190,33.514693
1,mean,profile,18,NPHI,-0.501283,0.084113
1,mean,profile,18,RHOB,-0.073334,0.105191
1,mean,profile,18,all,0.667805,9.005960
1,mean,single,0,GR,-0.026970,32.609918
1,mean,single,0,NPHI,-0.715019,0.088580
1,mean,single,0,RHOB,-0.016415,0.144277
1,mean,single,0,all,0.632309,5.919169
1,mean,single,1,GR,,
1,mean,single,1,NPHI,-0.010847,0.066560
1,mean,single,1,RHOB,,
1,mean,single,1,all,-0.010847,0.066560
1,mean,single,2,GR,-1.554620,33.020788
1,mean,single,2,NPHI,-0.606967,0.091235
1,mean,single,2,RHOB,-0.000002,0.149506
1,mean,single,2,all,0.752403,5.367647
1,mean,single,3,GR,-0.309377,23.268450
1,mean,single,3,NPHI,-0.299590,0.097879
1,mean,single,3,RHOB,-0.601027,0.150155
1,mean,single,3,all,0.546212,7.929045
1,mean,single,4,GR,-0.619880,30.763508
1,mean,single,4,NPHI,-0.019207,0.090375
1,mean,single,4,RHOB,-0.006130,0.136980
1,mean,single,4,all,0.696583,9.924441
1,mean,single,5,GR,-0.219497,22.371824
1,mean,single,5,NPHI,-0.257252,0.096616
1,mean,single,5,RHOB,-0.489616,0.156171
1,mean,single,5,all,0.613602,7.719739
1,mean,single,6,GR,-12.972970,8.321375
1,mean,single,6,NPHI,-6.571901,0.124005
1,mean,single,6,RHOB,-16.524619,0.140419
1,mean,single,6,all,0.955017,0.876681
1,mean,single,7,GR,-25.703061,38.509476
1,mean,single,7,NPHI,-4.122967,0.110231
1,mean,single,7,RHOB,-2.772929,0.112604
1,mean,single,7,all,-6.004880,3.951105
1,mean,single,8,GR,-3.633977,81.590275
1,mean,single,8,NPHI,-0.789610,0.055327
1,mean,single,8,RHOB,-2.550527,0.168188
1,mean,single,8,all,0.481518,12.839249
1,mean,single,9,GR,-0.045972,22.032864
1,mean,single,9,NPHI,-0.157731,0.085268
1,mean,single,9,RHOB,-0.547972,0.157765
1,mean,single,9,all,0.749159,3.812811
1,mean,single,10,GR,-0.035877,28.608490
1,mean,single,10,NPHI,-0.173935,0.084173
1,mean,single,10,RHOB,-0.006468,0.079429
1,mean,single,10,all,0.703536,4.876581
1,mean,single,11,GR,-5.601748,32.562498
1,mean,single,11,NPHI,-1.879311,0.084754
1,mean,single,11,RHOB,-0.185835,0.092231
1,mean,single,11,all,-1.476578,5.500827
1,mean,single,12,GR,-0.054324,17.959014
1,mean,single,12,NPHI,-1.143529,0.107886
1,mean,single,12,RHOB,-0.749614,0.192717
1,mean,single,12,all,0.758037,5.650890
1,mean,single,13,GR,-1.180159,40.840384
1,mean,single,13,NPHI,-0.017485,0.094364
1,mean,single,13,RHOB,-1.505952,0.121231
1,mean,single,13,all,0.593090,13.902477
1,mean,single,14,GR,-3.039355,23.587687
1,mean,single,14,NPHI,-3.310653,0.091434
1,mean,single,14,RHOB,-8.601476,0.149015
1,mean,single,14,all,0.115722,3.785216
1,mean,single,15,GR,-0.308198,28.135898
1,mean,single,15,NPHI,-0.086619,0.077272
1,mean,single,15,RHOB,-0.382833,0.094000
1,mean,single,15,all,0.478480,6.364047
1,mean,single,16,GR,,
1,mean,single,16,NPHI,-22.349526,0.112209
1,mean,single,16,RHOB,,
1,mean,single,16,all,-22.349526,0.112209
1,mean,single,17,GR,-0.000066,32.121911
1,mean,single,17,NPHI,-0.184933,0.084192
1,mean,single,17,RHOB,-0.673580,0.098664
1,mean,single,17,all,0.567348,11.112692
1,mean,single,18,GR,-3.989130,44.858358
1,mean,single,18,NPHI,-0.027873,0.073167
1,mean,single,18,RHOB,-0.315696,0.106058
1,mean,single,18,all,0.672122,9.164581
1,mice,blackout,0,GR,-0.117344,39.150943
1,mice,blackout,0,NPHI,-0.127909,0.066932
1,mice,blackout,0,RHOB,0.168809,0.100400
1,mice,blackout,0,all,0.483680,15.997162
1,mice,blackout,1,GR,-4.071455,44.994487
1,mice,blackout,1,NPHI,-1.100399,0.070071
1,mice,blackout,1,RHOB,-0.043451,0.081011
1,mice,blackout,1,all,0.617813,15.048523
1,mice,blackout,2,GR,-4.327219,32.184726
1,mice,blackout,2,NPHI,-0.028956,0.068860
1,mice,blackout,2,RHOB,-0.138253,0.124467
1,mice,blackout,2,all,0.614548,13.100099
1,mice,blackout,3,GR,-1.354215,29.379708
1,mice,blackout,3,NPHI,-0.012806,0.072846
1,mice,blackout,3,RHOB,-0.312188,0.135629
1,mice,blackout,3,all,0.115220,10.736708
1,mice,blackout,4,GR,-0.420147,32.287853
1,mice,blackout,4,NPHI,0.094938,0.082306
1,mice,blackout,4,RHOB,0.004156,0.137722
1,mice,blackout,4,all,0.552932,12.170444
1,mice,blackout,5,GR,-1.025809,26.566967
1,mice,blackout,5,NPHI,0.061607,0.079503
1,mice,blackout,5,RHOB,-0.134134,0.127531
1,mice,blackout,5,all,0.263830,8.913753
1,mice,blackout,6,GR,-18.171743,24.679933
1,mice,blackout,6,NPHI,-8.844974,0.118450
1,mice,blackout,6,RHOB,-1.655907,0.082779
1,mice,blackout,6,all,0.286147,10.667196
1,mice,blackout,7,GR,-12.054201,38.621570
1,mice,blackout,7,NPHI,-2.339134,0.098253
1,mice,blackout,7,RHOB,-0.269990,0.090837
1,mice,blackout,7,all,-5.579901,16.499989
1,mice,blackout,8,GR,-1.428028,65.027348
1,mice,blackout,8,NPHI,-0.346979,0.052721
1,mice,blackout,8,RHOB,-0.704932,0.174143
1,mice,blackout,8,all,0.377932,27.521475
1,mice,blackout,9,GR,-0.036055,35.018527
1,mice,blackout,9,NPHI,0.310113,0.071156
1,mice,blackout,9,RHOB,-0.677058,0.140092
1,mice,blackout,9,all,0.492650,15.021210
1,mice,blackout,10,GR,-0.275123,33.775305
1,mice,blackout,10,NPHI,0.210747,0.064788
1,mice,blackout,10,RHOB,-0.146525,0.088338
1,mice,blackout,10,all,0.442902,13.183068
1,mice,blackout,11,GR,-16.046602,39.413210
1,mice,blackout,11,NPHI,-1.049382,0.079735
1,mice,blackout,11,RHOB,-0.069874,0.075982
1,mice,blackout,11,all,-7.561442,16.517597
1,mice,blackout,12,GR,-2.105791,30.395989
1,mice,blackout,12,NPHI,-0.387010,0.094306
1,mice,blackout,12,RHOB,-0.502708,0.151526
1,mice,blackout,12,all,0.098613,11.334304
1,mice,blackout,13,GR,-0.721492,33.026773
1,mice,blackout,13,NPHI,0.136714,0.073490
1,mice,blackout,13,RHOB,-0.608517,0.099711
1,mice,blackout,13,all,0.548818,12.275870
1,mice,blackout,14,GR,-9.357274,31.995329
1,mice,blackout,14,NPHI,-2.208084,0.082704
1,mice,blackout,14,RHOB,-0.686312,0.099783
1,mice,blackout,14,all,-1.924656,13.562540
1,mice,blackout,15,GR,-0.588296,23.370639
1,mice,blackout,15,NPHI,0.114063,0.070297
1,mice,blackout,15,RHOB,-0.589389,0.110217
1,mice,blackout,15,all,0.433206,9.251012
1,mice,blackout,16,GR,-20.788210,37.189182
1,mice,blackout,16,NPHI,-12.769647,0.100160
1,mice,blackout,16,RHOB,-1.103466,0.070791
1,mice,blackout,16,all,-6.501093,12.453378
1,mice,blackout,17,GR,0.180573,28.274372
1,mice,blackout,17,NPHI,-0.037240,0.075093
1,mice,blackout,17,RHOB,-0.531103,0.105293
1,mice,blackout,17,all,0.624585,9.322403
1,mice,blackout,18,GR,-1.707763,44.683462
1,mice,blackout,18,NPHI,-0.215272,0.078053
1,mice,blackout,18,RHOB,0.040135,0.093642
1,mice,blackout,18,all,0.519464,17.794688
1,mice,block,0,GR,-1.009930,37.991530
1,mice,block,0,NPHI,0.614776,0.030308
1,mice,block,0,RHOB,-0.459734,0.070478
1,mice,block,0,all,0.485450,14.694693
1,mice,block,1,GR,-12.139194,58.105727
1,mice,block,1,NPHI,-6.789444,0.117573
1,mice,block,1,RHOB,,
1,mice,block,1,all,0.043335,29.111650
1,mice,block,2,GR,-1.104924,18.159021
1,mice,block,2,NPHI,0.421019,0.047689
1,mice,block,2,RHOB,-0.208259,0.096706
1,mice,block,2,all,0.823208,6.387064
1,mice,block,3,GR,0.148920,19.518685
1,mice,block,3,NPHI,0.791316,0.034778
1,mice,block,3,RHOB,0.727977,0.061381
1,mice,block,3,all,0.666334,6.504150
1,mice,block,4,GR,0.381691,14.167177
1,mice,block,4,NPHI,0.208743,0.055016
1,mice,block,4,RHOB,0.270576,0.140239
1,mice,block,4,all,0.855539,4.450966
1,mice,block,5,GR,0.367014,16.521686
1,mice,block,5,NPHI,0.805703,0.037908
1,mice,block,5,RHOB,0.643906,0.066108
1,mice,block,5,all,0.763544,5.671578
1,mice,block,6,GR,-11.426247,20.061974
1,mice,block,6,NPHI,-1.351391,0.074663
1,mice,block,6,RHOB,-0.904636,0.053936
1,mice,block,6,all,0.728291,3.141130
1,mice,block,7,GR,-6.943906,17.013893
1,mice,block,7,NPHI,0.580465,0.026476
1,mice,block,7,RHOB,0.923102,0.017612
1,mice,block,7,all,-0.953810,3.021388
1,mice,block,8,GR,-2.113166,66.680648
1,mice,block,8,NPHI,-2.263768,0.094392
1,mice,block,8,RHOB,-0.181726,0.078367
1,mice,block,8,all,0.660450,21.831610
1,mice,block,9,GR,0.498578,17.731873
1,mice,block,9,NPHI,0.707484,0.052901
1,mice,block,9,RHOB,-0.097460,0.080340
1,mice,block,9,all,0.871225,6.767707
1,mice,block,10,GR,0.561234,18.851717
1,mice,block,10,NPHI,0.359294,0.048310
1,mice,block,10,RHOB,0.243619,0.056609
1,mice,block,10,all,0.848992,5.988849
1,mice,block,11,GR,-5.871076,22.283476
1,mice,block,11,NPHI,0.708477,0.028602
1,mice,block,11,RHOB,0.924771,0.019182
1,mice,block,11,all,-1.544800,5.588895
1,mice,block,12,GR,0.011526,18.594035
1,mice,block,12,NPHI,0.620911,0.045922
1,mice,block,12,RHOB,0.778901,0.064209
1,mice,block,12,all,0.757652,5.594922
1,mice,block,13,GR,-0.714670,24.315611
1,mice,block,13,NPHI,0.479289,0.055363
1,mice,block,13,RHOB,-0.390537,0.072832
1,mice,block,13,all,0.665770,8.252013
1,mice,block,14,GR,-0.531185,17.661761
1,mice,block,14,NPHI,0.831605,0.018664
1,mice,block,14,RHOB,-0.236990,0.061263
1,mice,block,14,all,0.479514,5.793585
1,mice,block,15,GR,0.235448,19.395651
1,mice,block,15,NPHI,0.421452,0.042947
1,mice,block,15,RHOB,-0.091592,0.091769
1,mice,block,15,all,0.726302,5.620343
1,mice,block,16,GR,,
1,mice,block,16,NPHI,0.582856,0.018727
1,mice,block,16,RHOB,,
1,mice,block,16,all,0.582856,0.018727
1,mice,block,17,GR,0.696395,15.105491
1,mice,block,17,NPHI,0.670370,0.045392
1,mice,block,17,RHOB,0.275748,0.073354
1,mice,block,17,all,0.852876,4.957067
1,mice,block,18,GR,-4.977821,62.435540
1,mice,block,18,NPHI,0.238368,0.067501
1,mice,block,18,RHOB,-0.435283,0.137624
1,mice,block,18,all,0.409988,20.880221
1,mice,profile,0,GR,0.211198,29.160702
1,mice,profile,0,NPHI,-0.459165,0.067416
1,mice,profile,0,RHOB,0.120342,0.096287
1,mice,profile,0,all,0.574505,8.632756
1,mice,profile,1,GR,,
1,mice,profile,1,NPHI,-1.137056,0.105719
1,mice,profile,1,RHOB,-2.234834,0.147720
1,mice,profile,1,all,0.985422,0.126719
1,mice,profile,2,GR,-1.211403,20.853427
1,mice,profile,2,NPHI,-0.020339,0.056894
1,mice,profile,2,RHOB,0.299030,0.098197
1,mice,profile,2,all,0.800009,6.637263
1,mice,profile,3,GR,0.189801,16.857021
1,mice,profile,3,NPHI,0.795226,0.037335
1,mice,profile,3,RHOB,0.654570,0.064867
1,mice,profile,3,all,0.711798,4.991994
1,mice,profile,4,GR,0.006214,20.858895
1,mice,profile,4,NPHI,0.287201,0.064923
1,mice,profile,4,RHOB,0.272310,0.100136
1,mice,profile,4,all,0.714159,6.016747
1,mice,profile,5,GR,0.148033,16.781107
1,mice,profile,5,NPHI,0.758914,0.037756
1,mice,profile,5,RHOB,0.731148,0.058290
1,mice,profile,5,all,0.725834,5.478100
1,mice,profile,6,GR,-3.971076,19.159296
1,mice,profile,6,NPHI,-3.626140,0.075381
1,mice,profile,6,RHOB,0.131808,0.059009
1,mice,profile,6,all,0.709718,7.010521
1,mice,profile,7,GR,-4.805597,17.635763
1,mice,profile,7,NPHI,0.533245,0.029549
1,mice,profile,7,RHOB,0.840102,0.025349
1,mice,profile,7,all,-1.420548,5.310153
1,mice,profile,8,GR,-0.574542,54.938355
1,mice,profile,8,NPHI,-1.360984,0.072046
1,mice,profile,8,RHOB,0.400653,0.076645
1,mice,profile,8,all,0.622247,16.955756
1,mice,profile,9,GR,0.454259,27.137003
1,mice,profile,9,NPHI,0.791955,0.039165
1,mice,profile,9,RHOB,-0.414241,0.099492
1,mice,profile,9,all,0.731796,7.586451
1,mice,profile,10,GR,0.321043,24.695703
1,mice,profile,10,NPHI,0.596109,0.038224
1,mice,profile,10,RHOB,0.367666,0.072061
1,mice,profile,10,all,0.720784,7.241268
1,mice,profile,11,GR,-7.771852,19.479069
1,mice,profile,11,NPHI,0.730710,0.030334
1,mice,profile,11,RHOB,0.785034,0.025121
1,mice,profile,11,all,-2.133936,6.511508
1,mice,profile,12,GR,-0.137931,19.472137
1,mice,profile,12,NPHI,0.663815,0.044618
1,mice,profile,12,RHOB,0.729518,0.061897
1,mice,profile,12,all,0.635431,6.078912
1,mice,profile,13,GR,-0.543105,28.436803
1,mice,profile,13,NPHI,0.359972,0.060563
1,mice,profile,13,RHOB,0.281078,0.092252
1,mice,profile,13,all,0.579411,8.582942
1,mice,profile,14,GR,-0.569867,14.162425
1,mice,profile,14,NPHI,0.695615,0.020719
1,mice,profile,14,RHOB,0.449875,0.051857
1,mice,profile,14,all,0.567922,4.383989
1,mice,profile,15,GR,0.110514,20.105531
1,mice,profile,15,NPHI,0.652602,0.037839
1,mice,profile,15,RHOB,0.129489,0.079776
1,mice,profile,15,all,0.677480,6.739495
1,mice,profile,16,GR,,
1,mice,profile,16,NPHI,,
1,mice,profile,16,RHOB,0.851484,0.017415
1,mice,profile,16,all,0.851484,0.017415
1,mice,profile,17,GR,0.726333,15.495641
1,mice,profile,17,NPHI,0.638714,0.041856
1,mice,profile,17,RHOB,0.112995,0.079714
1,mice,profile,17,all,0.886754,5.140851
1,mice,profile,18,GR,-1.213185,40.221386
1,mice,profile,18,NPHI,-1.303004,0.101072
1,mice,profile,18,RHOB,-0.594772,0.134709
1,mice,profile,18,all,0.589539,10.811035
1,mice,single,0,GR,0.010168,33.277601
1,mice,single,0,NPHI,-0.005570,0.046934
1,mice,single,0,RHOB,-0.038058,0.127261
1,mice,single,0,all,0.645607,6.014451
1,mice,single,1,GR,,
1,mice,single,1,NPHI,-0.635360,0.090224
1,mice,single,1,RHOB,,
1,mice,single,1,all,-0.635360,0.090224
1,mice,single,2,GR,-1.054320,23.424567
1,mice,single,2,NPHI,0.415169,0.052579
1,mice,single,2,RHOB,0.344003,0.121647
1,mice,single,2,all,0.800899,3.807869
1,mice,single,3,GR,0.269384,16.907471
1,mice,single,3,NPHI,0.828864,0.036024
1,mice,single,3,RHOB,0.719089,0.057648
1,mice,single,3,all,0.746804,5.733111
1,mice,single,4,GR,-0.336820,18.960207
1,mice,single,4,NPHI,0.610179,0.048790
1,mice,single,4,RHOB,0.280884,0.114151
1,mice,single,4,all,0.749605,6.123149
1,mice,single,5,GR,0.247852,16.212202
1,mice,single,5,NPHI,0.722861,0.042022
1,mice,single,5,RHOB,0.736842,0.060435
1,mice,single,5,all,0.761694,5.567581
1,mice,single,6,GR,-51.878144,14.581438
1,mice,single,6,NPHI,-1.666483,0.074443
1,mice,single,6,RHOB,-1.106382,0.047233
1,mice,single,6,all,0.830180,1.380892
1,mice,single,7,GR,-10.506206,21.791572
1,mice,single,7,NPHI,0.535072,0.030109
1,mice,single,7,RHOB,0.834844,0.020836
1,mice,single,7,all,-2.018141,2.202546
1,mice,single,8,GR,-1.507207,63.225977
1,mice,single,8,NPHI,-3.587210,0.089153
1,mice,single,8,RHOB,-0.357691,0.084300
1,mice,single,8,all,0.719476,9.952386
1,mice,single,9,GR,0.672220,13.795850
1,mice,single,9,NPHI,0.624958,0.049637
1,mice,single,9,RHOB,0.391282,0.096314
1,mice,single,9,all,0.921391,2.384771
1,mice,single,10,GR,-0.130004,26.789203
1,mice,single,10,NPHI,0.609887,0.048527
1,mice,single,10,RHOB,0.443015,0.058321
1,mice,single,10,all,0.676611,4.546050
1,mice,single,11,GR,-2.890706,23.191728
1,mice,single,11,NPHI,0.740500,0.026655
1,mice,single,11,RHOB,0.958784,0.014930
1,mice,single,11,all,-0.459503,3.882615
1,mice,single,12,GR,-0.032829,18.208051
1,mice,single,12,NPHI,0.602351,0.046034
1,mice,single,12,RHOB,0.729737,0.073915
1,mice,single,12,all,0.763005,5.667314
1,mice,single,13,GR,-0.657968,27.053463
1,mice,single,13,NPHI,0.328406,0.061293
1,mice,single,13,RHOB,-0.561152,0.083736
1,mice,single,13,all,0.690554,9.209684
1,mice,single,14,GR,-0.929925,17.150469
1,mice,single,14,NPHI,0.783952,0.017145
1,mice,single,14,RHOB,-0.542499,0.052544
1,mice,single,14,all,0.577548,2.708054
1,mice,single,15,GR,0.298844,20.867479
1,mice,single,15,NPHI,0.532538,0.043094
1,mice,single,15,RHOB,-0.237081,0.081541
1,mice,single,15,all,0.720479,4.716746
1,mice,single,16,GR,,
1,mice,single,16,NPHI,-0.276501,0.023217
1,mice,single,16,RHOB,,
1,mice,single,16,all,-0.276501,0.023217
1,mice,single,17,GR,0.732734,14.538336
1,mice,single,17,NPHI,0.681507,0.043876
1,mice,single,17,RHOB,-0.032501,0.076306
1,mice,single,17,all,0.884373,5.041379
1,mice,single,18,GR,-5.651930,48.651532
1,mice,single,18,NPHI,-0.322137,0.080771
1,mice,single,18,RHOB,-1.803046,0.150526
1,mice,single,18,all,0.562843,9.954475
1,rf,blackout,0,GR,-0.179550,39.409710
1,rf,blackout,0,NPHI,-0.621680,0.079922
1,rf,blackout,0,RHOB,-0.033053,0.110194
1,rf,blackout,0,all,0.454934,16.109420
1,rf,blackout,1,GR,-3.583967,42.214973
1,rf,blackout,1,NPHI,-2.147642,0.086456
1,rf,blackout,1,RHOB,-0.063480,0.082201
1,rf,blackout,1,all,0.654550,14.127877
1,rf,blackout,2,GR,-3.719669,32.146120
1,rf,blackout,2,NPHI,-0.136883,0.070011
1,rf,blackout,2,RHOB,-0.304779,0.133111
1,rf,blackout,2,all,0.658506,13.087161
1,rf,blackout,3,GR,-2.267275,34.256918
1,rf,blackout,3,NPHI,-0.297031,0.082117
1,rf,blackout,3,RHOB,-1.303384,0.182456
1,rf,blackout,3,all,-0.227940,12.524955
1,rf,blackout,4,GR,-0.424139,33.243997
1,rf,blackout,4,NPHI,-0.090324,0.089089
1,rf,blackout,4,RHOB,-0.076521,0.140386
1,rf,blackout,4,all,0.551675,12.531974
1,rf,blackout,5,GR,-1.662079,30.863543
1,rf,blackout,5,NPHI,-0.059012,0.082604
1,rf,blackout,5,RHOB,-0.449353,0.144742
1,rf,blackout,5,all,0.032613,10.350942
1,rf,blackout,6,GR,-25.457618,27.533660
1,rf,blackout,6,NPHI,-10.047052,0.121034
1,rf,blackout,6,RHOB,-0.668665,0.069219
1,rf,blackout,6,all,0.014866,11.891307
1,rf,blackout,7,GR,-22.058841,50.452324
1,rf,blackout,7,NPHI,-3.811887,0.115531
1,rf,blackout,7,RHOB,-0.186563,0.088500
1,rf,blackout,7,all,-10.622655,21.542917
1,rf,blackout,8,GR,-1.539056,67.484078
1,rf,blackout,8,NPHI,-0.533256,0.055775
1,rf,blackout,8,RHOB,-0.574896,0.162564
1,rf,blackout,8,all,0.349486,28.556616
1,rf,blackout,9,GR,-0.449094,43.193215
1,rf,blackout,9,NPHI,0.052983,0.084642
1,rf,blackout,9,RHOB,-0.982145,0.154214
1,rf,blackout,9,all,0.290389,18.521975
1,rf,blackout,10,GR,-0.011129,31.472993
1,rf,blackout,10,NPHI,0.025739,0.069988
1,rf,blackout,10,RHOB,-0.171447,0.095432
1,rf,blackout,10,all,0.558239,12.291242
1,rf,blackout,11,GR,-19.035841,41.113568
1,rf,blackout,11,NPHI,-2.621330,0.111012
1,rf,blackout,11,RHOB,-0.586431,0.088224
1,rf,blackout,11,all,-9.062777,17.241500
1,rf,blackout,12,GR,-1.896288,28.387993
1,rf,blackout,12,NPHI,-0.439747,0.092614
1,rf,blackout,12,RHOB,-1.248097,0.190786
1,rf,blackout,12,all,0.159405,10.600698
1,rf,blackout,13,GR,-0.371147,32.192273
1,rf,blackout,13,NPHI,0.033704,0.075337
1,rf,blackout,13,RHOB,-0.395901,0.086219
1,rf,blackout,13,all,0.640639,11.963967
1,rf,blackout,14,GR,-17.841085,44.341426
1,rf,blackout,14,NPHI,-2.880609,0.087223
1,rf,blackout,14,RHOB,-0.411033,0.090684
1,rf,blackout,14,all,-4.320262,18.774615
1,rf,blackout,15,GR,-1.479465,28.892670
1,rf,blackout,15,NPHI,-0.014170,0.074149
1,rf,blackout,15,RHOB,-0.714398,0.113535
1,rf,blackout,15,all,0.115191,11.426446
1,rf,blackout,16,GR,-24.909478,40.708996
1,rf,blackout,16,NPHI,-32.003257,0.158563
1,rf,blackout,16,RHOB,-5.199477,0.133463
1,rf,blackout,16,all,-7.920068,13.667007
1,rf,blackout,17,GR,-0.290555,36.142012
1,rf,blackout,17,NPHI,-0.251587,0.080072
1,rf,blackout,17,RHOB,-0.652582,0.102437
1,rf,blackout,17,all,0.408745,11.900212
1,rf,blackout,18,GR,-1.361976,40.297992
1,rf,blackout,18,NPHI,-0.799019,0.094929
1,rf,blackout,18,RHOB,-0.102624,0.101620
1,rf,blackout,18,all,0.580828,16.060984
1,rf,block,0,GR,-0.716097,33.301969
1,rf,block,0,NPHI,0.628333,0.034255
1,rf,block,0,RHOB,-0.395727,0.071291
1,rf,block,0,all,0.560672,12.886121
1,rf,block,1,GR,-7.505851,41.251570
1,rf,block,1,NPHI,-9.176506,0.131191
1,rf,block,1,RHOB,,
1,rf,block,1,all,0.380686,20.691381
1,rf,block,2,GR,-1.854273,22.443553
1,rf,block,2,NPHI,0.291360,0.048223
1,rf,block,2,RHOB,-0.197495,0.073360
1,rf,block,2,all,0.760271,7.876396
1,rf,block,3,GR,-0.297669,22.511103
1,rf,block,3,NPHI,0.700663,0.040747
1,rf,block,3,RHOB,0.604641,0.074361
1,rf,block,3,all,0.491249,7.502598
1,rf,block,4,GR,0.284633,17.721341
1,rf,block,4,NPHI,0.434429,0.051686
1,rf,block,4,RHOB,0.290951,0.132793
1,rf,block,4,all,0.832866,5.547418
1,rf,block,5,GR,-0.312264,22.286248
1,rf,block,5,NPHI,0.758016,0.040662
1,rf,block,5,RHOB,0.473052,0.079668
1,rf,block,5,all,0.509798,7.643816
1,rf,block,6,GR,-19.959270,22.374062
1,rf,block,6,NPHI,-1.867786,0.080619
1,rf,block,6,RHOB,-1.372833,0.050190
1,rf,block,6,all,0.541718,3.497896
1,rf,block,7,GR,-15.963894,20.980785
1,rf,block,7,NPHI,0.267656,0.031833
1,rf,block,7,RHOB,0.755902,0.033128
1,rf,block,7,all,-3.172283,3.729126
1,rf,block,8,GR,-3.326466,73.157335
1,rf,block,8,NPHI,-2.075093,0.102297
1,rf,block,8,RHOB,-0.389698,0.100300
1,rf,block,8,all,0.528117,23.956351
1,rf,block,9,GR,0.238274,21.475326
1,rf,block,9,NPHI,0.605225,0.059767
1,rf,block,9,RHOB,-0.074918,0.075398
1,rf,block,9,all,0.804375,8.188030
1,rf,block,10,GR,0.377584,21.234422
1,rf,block,10,NPHI,0.236545,0.058234
1,rf,block,10,RHOB,-0.042347,0.072312
1,rf,block,10,all,0.785786,6.749897
1,rf,block,11,GR,-7.456715,21.744690
1,rf,block,11,NPHI,0.664542,0.027364
1,rf,block,11,RHOB,0.718005,0.037541
1,rf,block,11,all,-2.132071,5.460396
1,rf,block,12,GR,-0.576271,21.806663
1,rf,block,12,NPHI,0.538878,0.049036
1,rf,block,12,RHOB,0.612543,0.081626
1,rf,block,12,all,0.613539,6.561804
1,rf,block,13,GR,-0.551140,25.783875
1,rf,block,13,NPHI,0.470996,0.055406
1,rf,block,13,RHOB,0.264561,0.048798
1,rf,block,13,all,0.697647,8.741096
1,rf,block,14,GR,-0.717009,15.219542
1,rf,block,14,NPHI,0.799148,0.018169
1,rf,block,14,RHOB,-0.070350,0.049314
1,rf,block,14,all,0.416350,4.992052
1,rf,block,15,GR,-0.046842,20.956745
1,rf,block,15,NPHI,0.274985,0.048248
1,rf,block,15,RHOB,-0.076000,0.082029
1,rf,block,15,all,0.625249,6.067697
1,rf,block,16,GR,,
1,rf,block,16,NPHI,0.132013,0.018990
1,rf,block,16,RHOB,,
1,rf,block,16,all,0.132013,0.018990
1,rf,block,17,GR,-0.111037,28.641002
1,rf,block,17,NPHI,0.486109,0.050974
1,rf,block,17,RHOB,-0.233214,0.083052
1,rf,block,17,all,0.461612,9.368593
1,rf,block,18,GR,-4.432722,57.630490
1,rf,block,18,NPHI,-0.006382,0.076875
1,rf,block,18,RHOB,0.137709,0.097345
1,rf,block,18,all,0.463790,19.268237
1,rf,profile,0,GR,0.214037,26.790932
1,rf,profile,0,NPHI,-0.477564,0.071279
1,rf,profile,0,RHOB,0.081502,0.098378
1,rf,profile,0,all,0.576036,7.937971
1,rf,profile,1,GR,,
1,rf,profile,1,NPHI,-1.674281,0.117394
1,rf,profile,1,RHOB,-0.885958,0.091010
1,rf,profile,1,all,0.988276,0.104202
1,rf,profile,2,GR,-1.239847,23.150757
1,rf,profile,2,NPHI,0.051691,0.054577
1,rf,profile,2,RHOB,0.247453,0.089592
1,rf,profile,2,all,0.797437,7.359165
1,rf,profile,3,GR,-0.466644,20.745679
1,rf,profile,3,NPHI,0.708919,0.043001
1,rf,profile,3,RHOB,0.519559,0.076061
1,rf,profile,3,all,0.478292,6.141261
1,rf,profile,4,GR,0.244032,20.346374
1,rf,profile,4,NPHI,0.533801,0.055744
1,rf,profile,4,RHOB,0.342706,0.087304
1,rf,profile,4,all,0.782562,5.862648
1,rf,profile,5,GR,-0.430642,20.966978
1,rf,profile,5,NPHI,0.682955,0.041486
1,rf,profile,5,RHOB,0.578094,0.069927
1,rf,profile,5,all,0.539616,6.841672
1,rf,profile,6,GR,-7.662081,22.622993
1,rf,profile,6,NPHI,-4.214185,0.077507
1,rf,profile,6,RHOB,-0.238604,0.061413
1,rf,profile,6,all,0.494188,8.271476
1,rf,profile,7,GR,-10.734312,22.191138
1,rf,profile,7,NPHI,0.341792,0.030299
1,rf,profile,7,RHOB,0.752551,0.033726
1,rf,profile,7,all,-3.892417,6.679579
1,rf,profile,8,GR,-0.496385,50.966019
1,rf,profile,8,NPHI,-3.013881,0.097060
1,rf,profile,8,RHOB,0.011874,0.136988
1,rf,profile,8,all,0.640996,15.764404
1,rf,profile,9,GR,0.356035,28.369621
1,rf,profile,9,NPHI,0.600282,0.056092
1,rf,profile,9,RHOB,-0.629858,0.093851
1,rf,profile,9,all,0.683523,7.933548
1,rf,profile,10,GR,0.406950,22.440436
1,rf,profile,10,NPHI,0.435091,0.048628
1,rf,profile,10,RHOB,0.204366,0.080935
1,rf,profile,10,all,0.756110,6.590341
1,rf,profile,11,GR,-21.061916,25.666693
1,rf,profile,11,NPHI,0.726348,0.026948
1,rf,profile,11,RHOB,0.634030,0.039969
1,rf,profile,11,all,-6.882082,8.577870
1,rf,profile,12,GR,-0.910780,22.570399
1,rf,profile,12,NPHI,0.606625,0.047842
1,rf,profile,12,RHOB,0.566081,0.077805
1,rf,profile,12,all,0.387828,7.046383
1,rf,profile,13,GR,-0.386626,28.925740
1,rf,profile,13,NPHI,0.500512,0.053203
1,rf,profile,13,RHOB,0.304815,0.079272
1,rf,profile,13,all,0.622061,8.722785
1,rf,profile,14,GR,-1.342738,14.209719
1,rf,profile,14,NPHI,0.646012,0.020052
1,rf,profile,14,RHOB,0.414658,0.050958
1,rf,profile,14,all,0.355207,4.397990
1,rf,profile,15,GR,-0.308897,21.673640
1,rf,profile,15,NPHI,0.542223,0.044967
1,rf,profile,15,RHOB,0.024926,0.079827
1,rf,profile,15,all,0.525408,7.264853
1,rf,profile,16,GR,,
1,rf,profile,16,NPHI,,
1,rf,profile,16,RHOB,0.551105,0.031327
1,rf,profile,16,all,0.551105,0.031327
1,rf,profile,17,GR,0.210154,26.387322
1,rf,profile,17,NPHI,0.458774,0.046580
1,rf,profile,17,RHOB,-0.202678,0.082139
1,rf,profile,17,all,0.673160,8.727838
1,rf,profile,18,GR,-1.038733,37.209427
1,rf,profile,18,NPHI,-1.087162,0.094257
1,rf,profile,18,RHOB,0.057491,0.096431
1,rf,profile,18,all,0.621895,9.992360
1,rf,single,0,GR,-0.209670,36.786736
1,rf,single,0,NPHI,-0.019630,0.051905
1,rf,single,0,RHOB,0.112397,0.115378
1,rf,single,0,all,0.566904,6.638143
1,rf,single,1,GR,,
1,rf,single,1,NPHI,-1.351802,0.102960
1,rf,single,1,RHOB,,
1,rf,single,1,all,-1.351802,0.102960
1,rf,single,2,GR,-1.274282,25.113339
1,rf,single,2,NPHI,0.493492,0.048627
1,rf,single,2,RHOB,0.246167,0.115393
1,rf,single,2,all,0.779580,4.073175
1,rf,single,3,GR,-0.214127,20.742696
1,rf,single,3,NPHI,0.773761,0.039642
1,rf,single,3,RHOB,0.580224,0.074350
1,rf,single,3,all,0.579244,7.033111
1,rf,single,4,GR,-0.041614,20.642559
1,rf,single,4,NPHI,0.670249,0.048872
1,rf,single,4,RHOB,0.405325,0.088420
1,rf,single,4,all,0.804899,6.653907
1,rf,single,5,GR,-0.345082,20.497395
1,rf,single,5,NPHI,0.690108,0.043264
1,rf,single,5,RHOB,0.643405,0.071641
1,rf,single,5,all,0.573834,7.034400
1,rf,single,6,GR,-66.119779,15.928739
1,rf,single,6,NPHI,-2.270346,0.079786
1,rf,single,6,RHOB,-2.889674,0.054446
1,rf,single,6,all,0.784439,1.509082
1,rf,single,7,GR,-9.255104,20.755485
1,rf,single,7,NPHI,0.411520,0.030355
1,rf,single,7,RHOB,0.514814,0.030732
1,rf,single,7,all,-1.690007,2.103019
1,rf,single,8,GR,-2.801459,74.242794
1,rf,single,8,NPHI,-5.015417,0.097804
1,rf,single,8,RHOB,-0.652437,0.113218
1,rf,single,8,all,0.574666,11.688980
1,rf,single,9,GR,0.513244,16.741486
1,rf,single,9,NPHI,0.559731,0.054968
1,rf,single,9,RHOB,0.127564,0.101442
1,rf,single,9,all,0.883267,2.885579
1,rf,single,10,GR,0.117024,22.032360
1,rf,single,10,NPHI,0.472743,0.057262
1,rf,single,10,RHOB,0.230582,0.066125
1,rf,single,10,all,0.747301,3.753535
1,rf,single,11,GR,-3.053714,23.465134
1,rf,single,11,NPHI,0.414215,0.032888
1,rf,single,11,RHOB,0.853921,0.027966
1,rf,single,11,all,-0.520662,3.936211
1,rf,single,12,GR,-0.596638,21.315888
1,rf,single,12,NPHI,0.468837,0.050864
1,rf,single,12,RHOB,0.576697,0.092801
1,rf,single,12,all,0.633632,6.635453
1,rf,single,13,GR,-0.544615,27.815801
1,rf,single,13,NPHI,0.546567,0.050865
1,rf,single,13,RHOB,0.199168,0.055497
1,rf,single,13,all,0.711711,9.456332
1,rf,single,14,GR,-0.119595,11.186454
1,rf,single,14,NPHI,0.725254,0.019872
1,rf,single,14,RHOB,-0.115186,0.043791
1,rf,single,14,all,0.754923,1.773994
1,rf,single,15,GR,0.506957,16.219077
1,rf,single,15,NPHI,0.516266,0.047415
1,rf,single,15,RHOB,-0.084606,0.078403
1,rf,single,15,all,0.803442,3.677187
1,rf,single,16,GR,,
1,rf,single,16,NPHI,0.443608,0.012416
1,rf,single,16,RHOB,,
1,rf,single,16,all,0.443608,0.012416
1,rf,single,17,GR,0.068675,27.883562
1,rf,single,17,NPHI,0.503240,0.048740
1,rf,single,17,RHOB,-0.643797,0.084321
1,rf,single,17,all,0.597088,9.637571
1,rf,single,18,GR,-4.201028,42.824297
1,rf,single,18,NPHI,-0.511815,0.086298
1,rf,single,18,RHOB,-0.344295,0.092762
1,rf,single,18,all,0.658196,8.752027
1,saits,blackout,0,GR,0.267957,31.502338
1,saits,blackout,0,NPHI,-0.311384,0.070794
1,saits,blackout,0,RHOB,0.112194,0.109369
1,saits,blackout,0,all,0.661724,12.885067
1,saits,blackout,1,GR,-2.509630,35.611938
1,saits,blackout,1,NPHI,-1.129385,0.067276
1,saits,blackout,1,RHOB,-0.168781,0.083048
1,saits,blackout,1,all,0.735512,11.920755
1,saits,blackout,2,GR,-2.897580,31.502117
1,saits,blackout,2,NPHI,0.068176,0.062059
1,saits,blackout,2,RHOB,0.093203,0.118532
1,saits,blackout,2,all,0.717989,12.819634
1,saits,blackout,3,GR,0.045177,19.168381
1,saits,blackout,3,NPHI,0.237240,0.062276
1,saits,blackout,3,RHOB,0.057850,0.115195
1,saits,blackout,3,all,0.641144,7.017793
1,saits,blackout,4,GR,0.149591,26.226978
1,saits,blackout,4,NPHI,0.245914,0.072781
1,saits,blackout,4,RHOB,0.149135,0.135312
1,saits,blackout,4,all,0.732285,9.894430
1,saits,blackout,5,GR,-0.161142,21.425453
1,saits,blackout,5,NPHI,0.144776,0.072981
1,saits,blackout,5,RHOB,0.196467,0.108780
1,saits,blackout,5,all,0.578042,7.193609
1,saits,blackout,6,GR,-0.668892,7.389120
1,saits,blackout,6,NPHI,-8.013868,0.108118
1,saits,blackout,6,RHOB,-3.364053,0.114676
1,saits,blackout,6,all,0.937844,3.239455
1,saits,blackout,7,GR,-7.384305,31.168985
1,saits,blackout,7,NPHI,-2.761739,0.101473
1,saits,blackout,7,RHOB,-0.806380,0.115296
1,saits,blackout,7,all,-3.226101,13.333466
1,saits,blackout,8,GR,-0.789212,52.428360
1,saits,blackout,8,NPHI,-0.314795,0.053467
1,saits,blackout,8,RHOB,-0.157894,0.142559
1,saits,blackout,8,all,0.541599,22.193151
1,saits,blackout,9,GR,0.253609,28.878202
1,saits,blackout,9,NPHI,0.277884,0.073026
1,saits,blackout,9,RHOB,-0.076052,0.117591
1,saits,blackout,9,all,0.634497,12.392370
1,saits,blackout,10,GR,0.316275,26.471827
1,saits,blackout,10,NPHI,0.219315,0.064886
1,saits,blackout,10,RHOB,-0.009897,0.087394
1,saits,blackout,10,all,0.701280,10.342094
1,saits,blackout,11,GR,-8.918968,29.439068
1,saits,blackout,11,NPHI,-1.402656,0.083275
1,saits,blackout,11,RHOB,0.112755,0.065015
1,saits,blackout,11,all,-3.981703,12.347348
1,saits,blackout,12,GR,0.046861,17.041439
1,saits,blackout,12,NPHI,-0.122045,0.082416
1,saits,blackout,12,RHOB,-0.148988,0.133839
1,saits,blackout,12,all,0.723359,6.378467
1,saits,blackout,13,GR,0.197501,23.628916
1,saits,blackout,13,NPHI,0.250341,0.067040
1,saits,blackout,13,RHOB,-0.891758,0.110048
1,saits,blackout,13,all,0.789672,8.798553
1,saits,blackout,14,GR,-2.972183,19.689367
1,saits,blackout,14,NPHI,-1.651855,0.069378
1,saits,blackout,14,RHOB,-0.913781,0.106078
1,saits,blackout,14,all,-0.121673,8.363958
1,saits,blackout,15,GR,0.123966,17.821238
1,saits,blackout,15,NPHI,0.321850,0.059475
1,saits,blackout,15,RHOB,-0.168061,0.092012
1,saits,blackout,15,all,0.687379,7.058462
1,saits,blackout,16,GR,-25.427988,40.404770
1,saits,blackout,16,NPHI,-11.886723,0.094193
1,saits,blackout,16,RHOB,-1.202436,0.076935
1,saits,blackout,16,all,-8.098421,13.525299
1,saits,blackout,17,GR,0.222498,27.659924
1,saits,blackout,17,NPHI,0.234548,0.060805
1,saits,blackout,17,RHOB,-0.139585,0.088976
1,saits,blackout,17,all,0.643795,9.110833
1,saits,blackout,18,GR,-0.821227,34.010178
1,saits,blackout,18,NPHI,0.112543,0.066933
1,saits,blackout,18,RHOB,-0.110785,0.103131
1,saits,blackout,18,all,0.676793,13.555418
1,saits,block,0,GR,0.329861,20.196939
1,saits,block,0,NPHI,0.533531,0.042088
1,saits,block,0,RHOB,0.185406,0.060637
1,saits,block,0,all,0.828441,7.827012
1,saits,block,1,GR,-0.174619,13.859292
1,saits,block,1,NPHI,-1.409836,0.060170
1,saits,block,1,RHOB,,
1,saits,block,1,all,0.914475,6.959732
1,saits,block,2,GR,-0.050444,15.118348
1,saits,block,2,NPHI,0.348117,0.042474
1,saits,block,2,RHOB,-0.121814,0.090353
1,saits,block,2,all,0.911772,5.321505
1,saits,block,3,GR,0.390689,16.080917
1,saits,block,3,NPHI,0.505404,0.051908
1,saits,block,3,RHOB,0.093170,0.107925
1,saits,block,3,all,0.761107,5.384228
1,saits,block,4,GR,0.534887,15.918262
1,saits,block,4,NPHI,0.450884,0.048359
1,saits,block,4,RHOB,0.117550,0.125675
1,saits,block,4,all,0.891326,4.985784
1,saits,block,5,GR,0.425470,14.796768
1,saits,block,5,NPHI,0.453872,0.062237
1,saits,block,5,RHOB,0.168201,0.102294
1,saits,block,5,all,0.785372,5.102248
1,saits,block,6,GR,-0.067120,5.299052
1,saits,block,6,NPHI,-2.277446,0.078606
1,saits,block,6,RHOB,-6.747967,0.106221
1,saits,block,6,all,0.976633,0.893081
1,saits,block,7,GR,-13.075673,23.381355
1,saits,block,7,NPHI,-1.409813,0.067293
1,saits,block,7,RHOB,0.024657,0.070011
1,saits,block,7,all,-2.462035,4.182419
1,saits,block,8,GR,-0.898961,43.730091
1,saits,block,8,NPHI,0.482058,0.041383
1,saits,block,8,RHOB,-0.232441,0.093318
1,saits,block,8,all,0.792882,14.324042
1,saits,block,9,GR,0.538245,14.878539
1,saits,block,9,NPHI,0.343900,0.080289
1,saits,block,9,RHOB,-0.122551,0.082127
1,saits,block,9,all,0.881411,5.694020
1,saits,block,10,GR,0.606023,16.057251
1,saits,block,10,NPHI,0.397915,0.051284
1,saits,block,10,RHOB,0.252782,0.060479
1,saits,block,10,all,0.864406,5.108704
1,saits,block,11,GR,-5.511225,21.747301
1,saits,block,11,NPHI,0.093263,0.044736
1,saits,block,11,RHOB,0.520507,0.050060
1,saits,block,11,all,-1.411556,5.472313
1,saits,block,12,GR,0.513298,11.930741
1,saits,block,12,NPHI,0.119622,0.064844
1,saits,block,12,RHOB,0.287775,0.111743
1,saits,block,12,all,0.880660,3.626067
1,saits,block,13,GR,0.489370,15.595684
1,saits,block,13,NPHI,0.438591,0.060725
1,saits,block,13,RHOB,-0.298414,0.070093
1,saits,block,13,all,0.900464,5.308912
1,saits,block,14,GR,-0.615593,15.849790
1,saits,block,14,NPHI,-0.028025,0.044213
1,saits,block,14,RHOB,-2.905671,0.125710
1,saits,block,14,all,0.450800,5.231829
1,saits,block,15,GR,0.473692,14.838960
1,saits,block,15,NPHI,0.550568,0.039509
1,saits,block,15,RHOB,0.092709,0.081035
1,saits,block,15,all,0.811588,4.306067
1,saits,block,16,GR,,
1,saits,block,16,NPHI,-6.988804,0.080178
1,saits,block,16,RHOB,,
1,saits,block,16,all,-6.988804,0.080178
1,saits,block,17,GR,0.463332,20.460972
1,saits,block,17,NPHI,0.500135,0.050690
1,saits,block,17,RHOB,0.170553,0.071090
1,saits,block,17,all,0.739939,6.701698
1,saits,block,18,GR,-1.599908,35.577911
1,saits,block,18,NPHI,0.492576,0.053912
1,saits,block,18,RHOB,0.196894,0.093037
1,saits,block,18,all,0.743388,11.908287
1,saits,profile,0,GR,0.023214,37.254959
1,saits,profile,0,NPHI,-0.408531,0.078567
1,saits,profile,0,RHOB,0.003763,0.112852
1,saits,profile,0,all,0.473105,11.022883
1,saits,profile,1,GR,,
1,saits,profile,1,NPHI,-0.139273,0.080957
1,saits,profile,1,RHOB,-0.191378,0.088694
1,saits,profile,1,all,0.993836,0.084826
1,saits,profile,2,GR,-1.901090,32.185570
1,saits,profile,2,NPHI,0.009701,0.055998
1,saits,profile,2,RHOB,-0.130796,0.136172
1,saits,profile,2,all,0.737636,10.227497
1,saits,profile,3,GR,-0.351478,22.650726
1,saits,profile,3,NPHI,0.114823,0.080587
1,saits,profile,3,RHOB,-0.721655,0.152085
1,saits,profile,3,all,0.519233,6.738841
1,saits,profile,4,GR,0.045718,27.794216
1,saits,profile,4,NPHI,0.155586,0.081972
1,saits,profile,4,RHOB,-0.095380,0.136604
1,saits,profile,4,all,0.725518,8.016340
1,saits,profile,5,GR,-0.275286,22.230804
1,saits,profile,5,NPHI,-0.210805,0.091905
1,saits,profile,5,RHOB,-0.057407,0.121266
1,saits,profile,5,all,0.589595,7.286163
1,saits,profile,6,GR,0.007765,8.174626
1,saits,profile,6,NPHI,-14.509256,0.137660
1,saits,profile,6,RHOB,-3.912998,0.137828
1,saits,profile,6,all,0.942035,3.060239
1,saits,profile,7,GR,-28.157833,43.441189
1,saits,profile,7,NPHI,-7.279104,0.134388
1,saits,profile,7,RHOB,-0.850051,0.123044
1,saits,profile,7,all,-11.157065,13.123026
1,saits,profile,8,GR,-1.178619,58.327850
1,saits,profile,8,NPHI,0.015645,0.049342
1,saits,profile,8,RHOB,-0.685122,0.194096
1,saits,profile,8,all,0.477319,18.036865
1,saits,profile,9,GR,0.054932,38.718277
1,saits,profile,9,NPHI,0.075948,0.091743
1,saits,profile,9,RHOB,-1.579281,0.133695
1,saits,profile,9,all,0.535544,10.835320
1,saits,profile,10,GR,0.101767,32.323082
1,saits,profile,10,NPHI,0.158447,0.063574
1,saits,profile,10,RHOB,0.020933,0.099829
1,saits,profile,10,all,0.630606,9.484683
1,saits,profile,11,GR,-26.498207,39.038841
1,saits,profile,11,NPHI,-1.098274,0.075151
1,saits,profile,11,RHOB,0.122128,0.070374
1,saits,profile,11,all,-8.824382,13.061455
1,saits,profile,12,GR,-0.481124,22.521139
1,saits,profile,12,NPHI,-0.529021,0.100685
1,saits,profile,12,RHOB,-1.072180,0.176487
1,saits,profile,12,all,0.525442,7.080975
1,saits,profile,13,GR,-0.159186,31.644041
1,saits,profile,13,NPHI,0.015682,0.088795
1,saits,profile,13,RHOB,-0.172771,0.139127
1,saits,profile,13,all,0.684048,9.570466
1,saits,profile,14,GR,-4.341983,26.460861
1,saits,profile,14,NPHI,-4.328261,0.104133
1,saits,profile,14,RHOB,-1.452465,0.124923
1,saits,profile,14,all,-0.470316,8.221892
1,saits,profile,15,GR,-0.330484,23.300068
1,saits,profile,15,NPHI,-0.001591,0.075928
1,saits,profile,15,RHOB,-0.228569,0.100851
1,saits,profile,15,all,0.517575,7.824692
1,saits,profile,16,GR,,
1,saits,profile,16,NPHI,,
1,saits,profile,16,RHOB,-1.298041,0.081385
1,saits,profile,16,all,-1.298041,0.081385
1,saits,profile,17,GR,-0.032539,33.003334
1,saits,profile,17,NPHI,-0.196843,0.076904
1,saits,profile,17,RHOB,-0.343368,0.095182
1,saits,profile,17,all,0.572733,10.919698
1,saits,profile,18,GR,-0.643515,32.746376
1,saits,profile,18,NPHI,-0.720410,0.090776
1,saits,profile,18,RHOB,0.033853,0.099063
1,saits,profile,18,all,0.695192,8.801699
1,saits,single,0,GR,0.994552,2.340964
1,saits,single,0,NPHI,0.990577,0.005690
1,saits,single,0,RHOB,0.967066,0.020323
1,saits,single,0,all,0.998049,0.428800
1,saits,single,1,GR,,
1,saits,single,1,NPHI,0.984404,0.006890
1,saits,single,1,RHOB,,
1,saits,single,1,all,0.984404,0.006890
1,saits,single,2,GR,0.990469,1.921355
1,saits,single,2,NPHI,0.990810,0.006754
1,saits,single,2,RHOB,0.945567,0.020383
1,saits,single,2,all,0.999075,0.317350
1,saits,single,3,GR,0.991021,1.507268
1,saits,single,3,NPHI,0.995881,0.004429
1,saits,single,3,RHOB,0.993538,0.008537
1,saits,single,3,all,0.996888,0.512580
1,saits,single,4,GR,0.990433,1.757477
1,saits,single,4,NPHI,0.989782,0.007608
1,saits,single,4,RHOB,0.942128,0.015113
1,saits,single,4,all,0.998208,0.570112
1,saits,single,5,GR,0.996866,1.095937
1,saits,single,5,NPHI,0.996084,0.004441
1,saits,single,5,RHOB,0.990892,0.012099
1,saits,single,5,all,0.999007,0.379558
1,saits,single,6,GR,0.727937,1.071088
1,saits,single,6,NPHI,0.988542,0.003319
1,saits,single,6,RHOB,0.990608,0.002631
1,saits,single,6,all,0.999126,0.100076
1,saits,single,7,GR,0.953889,1.507132
1,saits,single,7,NPHI,0.985849,0.003894
1,saits,single,7,RHOB,0.991239,0.004960
1,saits,single,7,all,0.987903,0.154644
1,saits,single,8,GR,0.989674,3.924140
1,saits,single,8,NPHI,0.983104,0.004905
1,saits,single,8,RHOB,0.882581,0.022506
1,saits,single,8,all,0.998845,0.624161
1,saits,single,9,GR,0.996171,1.452886
1,saits,single,9,NPHI,0.991309,0.005769
1,saits,single,9,RHOB,0.991380,0.010215
1,saits,single,9,all,0.999082,0.251414
1,saits,single,10,GR,0.986830,2.490102
1,saits,single,10,NPHI,0.987745,0.007608
1,saits,single,10,RHOB,0.957581,0.014662
1,saits,single,10,all,0.996230,0.427205
1,saits,single,11,GR,0.995044,0.875363
1,saits,single,11,NPHI,0.991701,0.004683
1,saits,single,11,RHOB,0.997893,0.003854
1,saits,single,11,all,0.998141,0.149451
1,saits,single,12,GR,0.996228,1.019907
1,saits,single,12,NPHI,0.993832,0.005013
1,saits,single,12,RHOB,0.997142,0.007753
1,saits,single,12,all,0.999134,0.319500
1,saits,single,13,GR,0.988163,1.928885
1,saits,single,13,NPHI,0.995346,0.005484
1,saits,single,13,RHOB,0.994564,0.004405
1,saits,single,13,all,0.997791,0.656676
1,saits,single,14,GR,0.977695,1.880877
1,saits,single,14,NPHI,0.992732,0.003235
1,saits,single,14,RHOB,0.982921,0.005885
1,saits,single,14,all,0.995117,0.297652
1,saits,single,15,GR,0.995358,1.577739
1,saits,single,15,NPHI,0.994985,0.004956
1,saits,single,15,RHOB,0.982436,0.007761
1,saits,single,15,all,0.998149,0.357909
1,saits,single,16,GR,,
1,saits,single,16,NPHI,0.992254,0.001659
1,saits,single,16,RHOB,,
1,saits,single,16,all,0.992254,0.001659
1,saits,single,17,GR,0.993791,2.233567
1,saits,single,17,NPHI,0.995673,0.004528
1,saits,single,17,RHOB,0.994331,0.004927
1,saits,single,17,all,0.997314,0.771653
1,saits,single,18,GR,0.965561,3.044676
1,saits,single,18,NPHI,0.991962,0.004555
1,saits,single,18,RHOB,0.978842,0.012015
1,saits,single,18,all,0.997737,0.623820
1,stgnn,blackout,0,GR,0.119755,35.050158
1,stgnn,blackout,0,NPHI,-0.283670,0.068581
1,stgnn,blackout,0,RHOB,0.086716,0.105092
1,stgnn,blackout,0,all,0.593241,14.328449
1,stgnn,blackout,1,GR,-0.221644,20.540272
1,stgnn,blackout,1,NPHI,-4.011812,0.107171
1,stgnn,blackout,1,RHOB,-0.866426,0.102338
1,stgnn,blackout,1,all,0.907933,6.916594
1,stgnn,blackout,2,GR,-1.834407,24.477079
1,stgnn,blackout,2,NPHI,-0.580679,0.086777
1,stgnn,blackout,2,RHOB,-0.135894,0.129661
1,stgnn,blackout,2,all,0.794912,9.983491
1,stgnn,blackout,3,GR,-0.829307,25.438579
1,stgnn,blackout,3,NPHI,-1.647286,0.118321
1,stgnn,blackout,3,RHOB,-1.329291,0.187553
1,stgnn,blackout,3,all,0.312468,9.335827
1,stgnn,blackout,4,GR,-0.233747,31.189636
1,stgnn,blackout,4,NPHI,-0.466271,0.099308
1,stgnn,blackout,4,RHOB,-0.075794,0.135528
1,stgnn,blackout,4,all,0.611608,11.764082
1,stgnn,blackout,5,GR,-0.594481,24.352706
1,stgnn,blackout,5,NPHI,0.002704,0.079748
1,stgnn,blackout,5,RHOB,-0.112843,0.123686
1,stgnn,blackout,5,all,0.420567,8.175379
1,stgnn,blackout,6,GR,-5.050482,13.969287
1,stgnn,blackout,6,NPHI,-4.647673,0.084647
1,stgnn,blackout,6,RHOB,-0.050394,0.047540
1,stgnn,blackout,6,all,0.774710,6.043646
1,stgnn,blackout,7,GR,-38.254852,71.189724
1,stgnn,blackout,7,NPHI,-5.497115,0.139808
1,stgnn,blackout,7,RHOB,-0.033376,0.081069
1,stgnn,blackout,7,all,-18.786108,30.379532
1,stgnn,blackout,8,GR,-0.385455,48.934597
1,stgnn,blackout,8,NPHI,-0.909491,0.060843
1,stgnn,blackout,8,RHOB,0.081254,0.100254
1,stgnn,blackout,8,all,0.645042,20.708638
1,stgnn,blackout,9,GR,0.486749,24.828495
1,stgnn,blackout,9,NPHI,-0.243807,0.079935
1,stgnn,blackout,9,RHOB,0.343804,0.088391
1,stgnn,blackout,9,all,0.748663,10.656667
1,stgnn,blackout,10,GR,0.406250,23.611764
1,stgnn,blackout,10,NPHI,0.198518,0.063217
1,stgnn,blackout,10,RHOB,0.264178,0.073712
1,stgnn,blackout,10,all,0.740590,9.225435
1,stgnn,blackout,11,GR,-2.974183,16.530354
1,stgnn,blackout,11,NPHI,-0.058861,0.059032
1,stgnn,blackout,11,RHOB,0.059047,0.072034
1,stgnn,blackout,11,all,-0.996010,6.946349
1,stgnn,blackout,12,GR,-0.765466,22.398309
1,stgnn,blackout,12,NPHI,-1.569748,0.124728
1,stgnn,blackout,12,RHOB,-1.173669,0.186833
1,stgnn,blackout,12,all,0.487584,8.392319
1,stgnn,blackout,13,GR,-0.332173,30.566797
1,stgnn,blackout,13,NPHI,0.019667,0.078065
1,stgnn,blackout,13,RHOB,-0.807249,0.098693
1,stgnn,blackout,13,all,0.650852,11.366834
1,stgnn,blackout,14,GR,-1.174153,14.216173
1,stgnn,blackout,14,NPHI,-0.107616,0.046389
1,stgnn,blackout,14,RHOB,0.123344,0.060494
1,stgnn,blackout,14,all,0.386061,6.033456
1,stgnn,blackout,15,GR,0.397991,13.634116
1,stgnn,blackout,15,NPHI,0.421716,0.054862
1,stgnn,blackout,15,RHOB,0.329412,0.062246
1,stgnn,blackout,15,all,0.785168,5.401063
1,stgnn,blackout,16,GR,-88.656543,76.448218
1,stgnn,blackout,16,NPHI,-14.885444,0.107813
1,stgnn,blackout,16,RHOB,-2.515868,0.097019
1,stgnn,blackout,16,all,-29.866072,25.551017
1,stgnn,blackout,17,GR,0.308015,22.279784
1,stgnn,blackout,17,NPHI,-0.817519,0.092339
1,stgnn,blackout,17,RHOB,-0.793181,0.111989
1,stgnn,blackout,17,all,0.682968,7.366801
1,stgnn,blackout,18,GR,-0.053649,26.752408
1,stgnn,blackout,18,NPHI,0.174063,0.064241
1,stgnn,blackout,18,RHOB,-0.760825,0.117064
1,stgnn,blackout,18,all,0.813010,10.676398
1,stgnn,block,0,GR,-0.845073,34.645444
1,stgnn,block,0,NPHI,0.656567,0.032757
1,stgnn,block,0,RHOB,-0.371037,0.078974
1,stgnn,block,0,all,0.527654,13.406634
1,stgnn,block,1,GR,0.139771,13.743107
1,stgnn,block,1,NPHI,-3.909677,0.090493
1,stgnn,block,1,RHOB,,
1,stgnn,block,1,all,0.937364,6.916800
1,stgnn,block,2,GR,-2.198704,27.864962
1,stgnn,block,2,NPHI,-1.360470,0.091253
1,stgnn,block,2,RHOB,-1.827483,0.139906
1,stgnn,block,2,all,0.731338,9.804682
1,stgnn,block,3,GR,0.128075,19.482199
1,stgnn,block,3,NPHI,-0.097143,0.082596
1,stgnn,block,3,RHOB,0.532731,0.076892
1,stgnn,block,3,all,0.658153,6.514450
1,stgnn,block,4,GR,0.706513,11.851093
1,stgnn,block,4,NPHI,0.414872,0.050204
1,stgnn,block,4,RHOB,0.368798,0.138680
1,stgnn,block,4,all,0.931424,3.731825
1,stgnn,block,5,GR,0.131527,18.179133
1,stgnn,block,5,NPHI,0.737886,0.043844
1,stgnn,block,5,RHOB,0.590947,0.074337
1,stgnn,block,5,all,0.675577,6.241802
1,stgnn,block,6,GR,-11.338700,20.540485
1,stgnn,block,6,NPHI,-0.766658,0.063152
1,stgnn,block,6,RHOB,0.105474,0.032823
1,stgnn,block,6,all,0.730211,3.201068
1,stgnn,block,7,GR,-63.077436,55.894761
1,stgnn,block,7,NPHI,0.044249,0.045771
1,stgnn,block,7,RHOB,0.648725,0.045333
1,stgnn,block,7,all,-14.759796,9.901334
1,stgnn,block,8,GR,-0.879683,48.320725
1,stgnn,block,8,NPHI,-0.460127,0.064075
1,stgnn,block,8,RHOB,-0.525297,0.102555
1,stgnn,block,8,all,0.794984,15.833913
1,stgnn,block,9,GR,0.282595,18.531863
1,stgnn,block,9,NPHI,0.747948,0.052869
1,stgnn,block,9,RHOB,0.448266,0.057813
1,stgnn,block,9,all,0.815759,7.063762
1,stgnn,block,10,GR,0.899249,7.870050
1,stgnn,block,10,NPHI,0.603065,0.041977
1,stgnn,block,10,RHOB,0.511134,0.046188
1,stgnn,block,10,all,0.965323,2.515330
1,stgnn,block,11,GR,-0.081362,8.383233
1,stgnn,block,11,NPHI,0.826591,0.020895
1,stgnn,block,11,RHOB,0.678201,0.043024
1,stgnn,block,11,all,0.599486,2.119527
1,stgnn,block,12,GR,0.258331,14.409598
1,stgnn,block,12,NPHI,0.256693,0.064449
1,stgnn,block,12,RHOB,0.691991,0.073171
1,stgnn,block,12,all,0.818157,4.354312
1,stgnn,block,13,GR,-0.292399,27.935947
1,stgnn,block,13,NPHI,0.511326,0.053942
1,stgnn,block,13,RHOB,0.063104,0.062775
1,stgnn,block,13,all,0.748081,9.471112
1,stgnn,block,14,GR,0.540937,7.849686
1,stgnn,block,14,NPHI,0.810353,0.019312
1,stgnn,block,14,RHOB,0.269059,0.031967
1,stgnn,block,14,all,0.843950,2.580301
1,stgnn,block,15,GR,0.423205,14.775552
1,stgnn,block,15,NPHI,0.713714,0.029438
1,stgnn,block,15,RHOB,0.589906,0.045169
1,stgnn,block,15,all,0.793519,4.272071
1,stgnn,block,16,GR,,
1,stgnn,block,16,NPHI,0.366045,0.022208
1,stgnn,block,16,RHOB,,
1,stgnn,block,16,all,0.366045,0.022208
1,stgnn,block,17,GR,0.642168,15.545516
1,stgnn,block,17,NPHI,0.061447,0.068716
1,stgnn,block,17,RHOB,-0.328892,0.094665
1,stgnn,block,17,all,0.826594,5.115407
1,stgnn,block,18,GR,-0.274396,24.224051
1,stgnn,block,18,NPHI,0.548025,0.047416
1,stgnn,block,18,RHOB,-0.227738,0.125605
1,stgnn,block,18,all,0.874215,8.132357
1,stgnn,profile,0,GR,0.388341,26.990195
1,stgnn,profile,0,NPHI,-0.452991,0.068402
1,stgnn,profile,0,RHOB,0.034278,0.106342
1,stgnn,profile,0,all,0.670057,7.997735
1,stgnn,profile,1,GR,,
1,stgnn,profile,1,NPHI,-0.919744,0.104812
1,stgnn,profile,1,RHOB,-0.312305,0.090205
1,stgnn,profile,1,all,0.991709,0.097509
1,stgnn,profile,2,GR,-1.354438,26.375871
1,stgnn,profile,2,NPHI,-0.561364,0.073527
1,stgnn,profile,2,RHOB,-0.463462,0.153630
1,stgnn,profile,2,all,0.787070,8.404826
1,stgnn,profile,3,GR,0.069516,17.080019
1,stgnn,profile,3,NPHI,0.094864,0.078119
1,stgnn,profile,3,RHOB,0.418024,0.081971
1,stgnn,profile,3,all,0.669001,5.079754
1,stgnn,profile,4,GR,0.592020,16.074580
1,stgnn,profile,4,NPHI,0.279604,0.070440
1,stgnn,profile,4,RHOB,0.410840,0.091512
1,stgnn,profile,4,all,0.882650,4.649448
1,stgnn,profile,5,GR,-0.063004,18.198125
1,stgnn,profile,5,NPHI,0.695747,0.043343
1,stgnn,profile,5,RHOB,0.646448,0.065641
1,stgnn,profile,5,all,0.657921,5.942309
1,stgnn,profile,6,GR,-5.857008,21.408237
1,stgnn,profile,6,NPHI,-2.291816,0.062305
1,stgnn,profile,6,RHOB,0.215429,0.049261
1,stgnn,profile,6,all,0.599594,7.820905
1,stgnn,profile,7,GR,-66.512782,65.996069
1,stgnn,profile,7,NPHI,-0.130392,0.048254
1,stgnn,profile,7,RHOB,0.692519,0.045404
1,stgnn,profile,7,all,-27.148152,19.831743
1,stgnn,profile,8,GR,0.165545,34.348164
1,stgnn,profile,8,NPHI,-1.930602,0.082096
1,stgnn,profile,8,RHOB,-0.222355,0.154578
1,stgnn,profile,8,all,0.799800,10.653379
1,stgnn,profile,9,GR,0.776643,18.805194
1,stgnn,profile,9,NPHI,0.341025,0.071234
1,stgnn,profile,9,RHOB,0.110359,0.075191
1,stgnn,profile,9,all,0.890228,5.276431
1,stgnn,profile,10,GR,0.616948,18.478117
1,stgnn,profile,10,NPHI,0.670705,0.036434
1,stgnn,profile,10,RHOB,0.433922,0.056338
1,stgnn,profile,10,all,0.842471,5.421893
1,stgnn,profile,11,GR,-0.392582,7.211158
1,stgnn,profile,11,NPHI,0.828400,0.023118
1,stgnn,profile,11,RHOB,0.600613,0.046551
1,stgnn,profile,11,all,0.502447,2.426942
1,stgnn,profile,12,GR,0.125454,15.780765
1,stgnn,profile,12,NPHI,0.350660,0.064223
1,stgnn,profile,12,RHOB,0.617501,0.074424
1,stgnn,profile,12,all,0.719808,4.944760
1,stgnn,profile,13,GR,-0.178938,28.267361
1,stgnn,profile,13,NPHI,0.525278,0.051025
1,stgnn,profile,13,RHOB,0.369211,0.086809
1,stgnn,profile,13,all,0.678668,8.526661
1,stgnn,profile,14,GR,-0.378097,11.761543
1,stgnn,profile,14,NPHI,0.629984,0.023342
1,stgnn,profile,14,RHOB,0.610337,0.038979
1,stgnn,profile,14,all,0.620705,3.641110
1,stgnn,profile,15,GR,0.695596,10.467608
1,stgnn,profile,15,NPHI,0.796899,0.029800
1,stgnn,profile,15,RHOB,0.544866,0.053492
1,stgnn,profile,15,all,0.889624,3.516089
1,stgnn,profile,16,GR,,
1,stgnn,profile,16,NPHI,,
1,stgnn,profile,16,RHOB,0.136596,0.049187
1,stgnn,profile,16,all,0.136596,0.049187
1,stgnn,profile,17,GR,0.477951,20.783871
1,stgnn,profile,17,NPHI,-0.230309,0.068929
1,stgnn,profile,17,RHOB,-0.739956,0.103300
1,stgnn,profile,17,all,0.783970,6.898252
1,stgnn,profile,18,GR,-0.110306,26.061032
1,stgnn,profile,18,NPHI,0.362463,0.047832
1,stgnn,profile,18,RHOB,-0.396569,0.120675
1,stgnn,profile,18,all,0.794080,7.008966
1,stgnn,single,0,GR,0.648405,20.716061
1,stgnn,single,0,NPHI,-0.121664,0.061860
1,stgnn,single,0,RHOB,0.498846,0.090746
1,stgnn,single,0,all,0.874113,3.762146
1,stgnn,single,1,GR,,
1,stgnn,single,1,NPHI,0.433147,0.054250
1,stgnn,single,1,RHOB,,
1,stgnn,single,1,all,0.433147,0.054250
1,stgnn,single,2,GR,-1.812811,35.789179
1,stgnn,single,2,NPHI,-0.144703,0.069618
1,stgnn,single,2,RHOB,0.626501,0.092121
1,stgnn,single,2,all,0.727398,5.777927
1,stgnn,single,3,GR,0.441940,13.754416
1,stgnn,single,3,NPHI,0.175218,0.081624
1,stgnn,single,3,RHOB,0.471276,0.082543
1,stgnn,single,3,all,0.806594,4.693443
1,stgnn,single,4,GR,0.732962,11.063921
1,stgnn,single,4,NPHI,0.625373,0.047698
1,stgnn,single,4,RHOB,0.638310,0.085100
1,stgnn,single,4,all,0.949979,3.585910
1,stgnn,single,5,GR,0.270449,14.657288
1,stgnn,single,5,NPHI,0.722469,0.037857
1,stgnn,single,5,RHOB,0.684724,0.068715
1,stgnn,single,5,all,0.768852,5.038242
1,stgnn,single,6,GR,-112.811260,23.078806
1,stgnn,single,6,NPHI,-0.838603,0.057993
1,stgnn,single,6,RHOB,0.050579,0.026305
1,stgnn,single,6,all,0.634532,2.136391
1,stgnn,single,7,GR,-49.568115,53.150327
1,stgnn,single,7,NPHI,0.668776,0.025896
1,stgnn,single,7,RHOB,-0.550558,0.073753
1,stgnn,single,7,all,-12.264251,5.357482
1,stgnn,single,8,GR,-0.035777,39.930128
1,stgnn,single,8,NPHI,-3.471325,0.070781
1,stgnn,single,8,RHOB,-1.268246,0.132755
1,stgnn,single,8,all,0.884106,6.323012
1,stgnn,single,9,GR,0.680489,14.603265
1,stgnn,single,9,NPHI,0.431535,0.063294
1,stgnn,single,9,RHOB,0.779976,0.055518
1,stgnn,single,9,all,0.923378,2.510793
1,stgnn,single,10,GR,0.629394,13.592788
1,stgnn,single,10,NPHI,0.764253,0.036561
1,stgnn,single,10,RHOB,0.700292,0.042340
1,stgnn,single,10,all,0.893936,2.316861
1,stgnn,single,11,GR,-0.026012,12.341745
1,stgnn,single,11,NPHI,0.885102,0.018387
1,stgnn,single,11,RHOB,0.869712,0.028450
1,stgnn,single,11,all,0.615110,2.076473
1,stgnn,single,12,GR,0.619785,9.837152
1,stgnn,single,12,NPHI,0.623341,0.044163
1,stgnn,single,12,RHOB,0.678618,0.082732
1,stgnn,single,12,all,0.912750,3.082521
1,stgnn,single,13,GR,0.361472,18.991107
1,stgnn,single,13,NPHI,0.497201,0.051315
1,stgnn,single,13,RHOB,0.181914,0.061965
1,stgnn,single,13,all,0.880823,6.469197
1,stgnn,single,14,GR,0.656959,6.742978
1,stgnn,single,14,NPHI,-0.091995,0.044677
1,stgnn,single,14,RHOB,0.436023,0.032337
1,stgnn,single,14,all,0.924899,1.086466
1,stgnn,single,15,GR,0.463420,14.089461
1,stgnn,single,15,NPHI,0.832833,0.026574
1,stgnn,single,15,RHOB,0.609723,0.043331
1,stgnn,single,15,all,0.786093,3.179984
1,stgnn,single,16,GR,,
1,stgnn,single,16,NPHI,0.565566,0.013694
1,stgnn,single,16,RHOB,,
1,stgnn,single,16,all,0.565566,0.013694
1,stgnn,single,17,GR,0.673225,14.776510
1,stgnn,single,17,NPHI,-0.799868,0.082573
1,stgnn,single,17,RHOB,0.049884,0.068378
1,stgnn,single,17,all,0.858625,5.134295
1,stgnn,single,18,GR,0.242128,16.621792
1,stgnn,single,18,NPHI,0.545660,0.049908
1,stgnn,single,18,RHOB,-0.975489,0.125434
1,stgnn,single,18,all,0.950188,3.439693
1,unet,blackout,0,GR,0.103992,33.431141
1,unet,blackout,0,NPHI,0.082406,0.054021
1,unet,blackout,0,RHOB,0.152214,0.101771
1,unet,blackout,0,all,0.585958,13.663293
1,unet,blackout,1,GR,-2.574521,37.408386
1,unet,blackout,1,NPHI,-1.941783,0.079276
1,unet,blackout,1,RHOB,0.033037,0.074086
1,unet,blackout,1,all,0.730622,12.520583
1,unet,blackout,2,GR,-4.100867,36.453072
1,unet,blackout,2,NPHI,-0.265388,0.078796
1,unet,blackout,2,RHOB,-0.022047,0.124938
1,unet,blackout,2,all,0.630925,14.833366
1,unet,blackout,3,GR,-0.593755,24.814037
1,unet,blackout,3,NPHI,0.182924,0.064732
1,unet,blackout,3,RHOB,-0.135274,0.123870
1,unet,blackout,3,all,0.401018,9.071972
1,unet,blackout,4,GR,-0.170419,29.390841
1,unet,blackout,4,NPHI,0.087825,0.083708
1,unet,blackout,4,RHOB,-0.034693,0.157053
1,unet,blackout,4,all,0.631545,11.090278
1,unet,blackout,5,GR,-0.456167,23.872555
1,unet,blackout,5,NPHI,0.170669,0.073607
1,unet,blackout,5,RHOB,-0.018049,0.114930
1,unet,blackout,5,all,0.470831,8.010559
1,unet,blackout,6,GR,-7.711138,17.070314
1,unet,blackout,6,NPHI,-9.900920,0.122426
1,unet,blackout,6,RHOB,-2.366628,0.085542
1,unet,blackout,6,all,0.675634,7.398203
1,unet,blackout,7,GR,-8.376067,31.984705
1,unet,blackout,7,NPHI,-2.006142,0.090637
1,unet,blackout,7,RHOB,-0.227950,0.084687
1,unet,blackout,7,all,-3.725969,13.669941
1,unet,blackout,8,GR,-1.569621,66.394676
1,unet,blackout,8,NPHI,-0.900173,0.060316
1,unet,blackout,8,RHOB,-0.528468,0.162608
1,unet,blackout,8,all,0.341656,28.098013
1,unet,blackout,9,GR,0.122502,29.429035
1,unet,blackout,9,NPHI,0.451163,0.059212
1,unet,blackout,9,RHOB,-0.580924,0.132752
1,unet,blackout,9,all,0.570294,12.627279
1,unet,blackout,10,GR,0.258096,25.832100
1,unet,blackout,10,NPHI,0.092747,0.060174
1,unet,blackout,10,RHOB,-0.071068,0.084797
1,unet,blackout,10,all,0.675862,10.090949
1,unet,blackout,11,GR,-13.322135,35.238705
1,unet,blackout,11,NPHI,-0.998698,0.078415
1,unet,blackout,11,RHOB,-0.184147,0.086420
1,unet,blackout,11,all,-6.193124,14.775208
1,unet,blackout,12,GR,-0.731582,21.446739
1,unet,blackout,12,NPHI,0.024095,0.075261
1,unet,blackout,12,RHOB,0.034512,0.121144
1,unet,blackout,12,all,0.497444,8.004240
1,unet,blackout,13,GR,-0.029111,25.638422
1,unet,blackout,13,NPHI,0.322970,0.060509
1,unet,blackout,13,RHOB,-0.734548,0.089335
1,unet,blackout,13,all,0.730281,9.534182
1,unet,blackout,14,GR,-2.860826,18.853495
1,unet,blackout,14,NPHI,-0.972916,0.059432
1,unet,blackout,14,RHOB,-0.350907,0.083955
1,unet,blackout,14,all,-0.090220,8.001948
1,unet,blackout,15,GR,0.005559,17.478844
1,unet,blackout,15,NPHI,0.386170,0.053106
1,unet,blackout,15,RHOB,-0.464936,0.097728
1,unet,blackout,15,all,0.645125,6.923080
1,unet,blackout,16,GR,-12.844421,29.232096
1,unet,blackout,16,NPHI,-13.537594,0.102541
1,unet,blackout,16,RHOB,-2.690004,0.099864
1,unet,blackout,16,all,-3.766326,9.811501
1,unet,blackout,17,GR,0.288476,22.759554
1,unet,blackout,17,NPHI,0.187461,0.061712
1,unet,blackout,17,RHOB,-0.416703,0.093231
1,unet,blackout,17,all,0.674020,7.507414
1,unet,blackout,18,GR,-1.586470,43.054161
1,unet,blackout,18,NPHI,-0.597360,0.083642
1,unet,blackout,18,RHOB,-0.197341,0.098454
1,unet,blackout,18,all,0.540988,17.150864
1,unet,block,0,GR,-0.359931,29.273531
1,unet,block,0,NPHI,0.719432,0.029662
1,unet,block,0,RHOB,-0.321506,0.064329
1,unet,block,0,all,0.651851,11.327717
1,unet,block,1,GR,-0.704085,17.373161
1,unet,block,1,NPHI,-3.693165,0.088533
1,unet,block,1,RHOB,,
1,unet,block,1,all,0.875924,8.730847
1,unet,block,2,GR,-0.675328,17.791271
1,unet,block,2,NPHI,0.564214,0.038929
1,unet,block,2,RHOB,0.403334,0.060883
1,unet,block,2,all,0.859290,6.244780
1,unet,block,3,GR,0.070905,20.769300
1,unet,block,3,NPHI,0.827864,0.031526
1,unet,block,3,RHOB,0.858190,0.044950
1,unet,block,3,all,0.635751,6.912822
1,unet,block,4,GR,0.465872,16.632452
1,unet,block,4,NPHI,0.428634,0.047808
1,unet,block,4,RHOB,0.382751,0.118158
1,unet,block,4,all,0.875208,5.204181
1,unet,block,5,GR,0.386133,17.117401
1,unet,block,5,NPHI,0.855727,0.032085
1,unet,block,5,RHOB,0.694422,0.058669
1,unet,block,5,all,0.770686,5.870599
1,unet,block,6,GR,-0.808370,6.105415
1,unet,block,6,NPHI,-1.746552,0.081026
1,unet,block,6,RHOB,-0.462395,0.045133
1,unet,block,6,all,0.960445,0.993130
1,unet,block,7,GR,-8.652480,19.181581
1,unet,block,7,NPHI,0.692316,0.021711
1,unet,block,7,RHOB,0.902998,0.022169
1,unet,block,7,all,-1.374029,3.403013
1,unet,block,8,GR,-3.227490,73.822731
1,unet,block,8,NPHI,-1.528733,0.088916
1,unet,block,8,RHOB,-0.408498,0.097247
1,unet,block,8,all,0.538912,24.167978
1,unet,block,9,GR,0.570680,15.102459
1,unet,block,9,NPHI,0.886746,0.034799
1,unet,block,9,RHOB,0.097261,0.073056
1,unet,block,9,all,0.889743,5.762650
1,unet,block,10,GR,0.610408,15.420664
1,unet,block,10,NPHI,0.513812,0.047461
1,unet,block,10,RHOB,0.367949,0.060957
1,unet,block,10,all,0.865916,4.906418
1,unet,block,11,GR,-4.804808,21.403818
1,unet,block,11,NPHI,0.687832,0.028976
1,unet,block,11,RHOB,0.842847,0.027642
1,unet,block,11,all,-1.149897,5.372201
1,unet,block,12,GR,-0.155921,18.322540
1,unet,block,12,NPHI,0.570954,0.047051
1,unet,block,12,RHOB,0.751627,0.065765
1,unet,block,12,all,0.716598,5.514714
1,unet,block,13,GR,-0.038794,22.198166
1,unet,block,13,NPHI,0.754753,0.038621
1,unet,block,13,RHOB,0.382205,0.043491
1,unet,block,13,all,0.797515,7.522424
1,unet,block,14,GR,0.130804,11.029775
1,unet,block,14,NPHI,0.866360,0.016193
1,unet,block,14,RHOB,0.247355,0.037256
1,unet,block,14,all,0.704539,3.619342
1,unet,block,15,GR,0.157398,19.684731
1,unet,block,15,NPHI,0.541470,0.037810
1,unet,block,15,RHOB,-0.178651,0.086251
1,unet,block,15,all,0.698362,5.699624
1,unet,block,16,GR,,
1,unet,block,16,NPHI,0.664570,0.015370
1,unet,block,16,RHOB,,
1,unet,block,16,all,0.664570,0.015370
1,unet,block,17,GR,0.466480,20.811344
1,unet,block,17,NPHI,0.610938,0.046475
1,unet,block,17,RHOB,0.472616,0.059384
1,unet,block,17,all,0.741466,6.810533
1,unet,block,18,GR,-3.343264,51.186913
1,unet,block,18,NPHI,0.338083,0.058357
1,unet,block,18,RHOB,0.093332,0.104494
1,unet,block,18,all,0.571319,17.116589
1,unet,profile,0,GR,0.419171,24.090523
1,unet,profile,0,NPHI,-0.297035,0.065732
1,unet,profile,0,RHOB,0.016748,0.097148
1,unet,profile,0,all,0.686687,7.141087
1,unet,profile,1,GR,,
1,unet,profile,1,NPHI,-1.211330,0.107023
1,unet,profile,1,RHOB,-1.017099,0.093583
1,unet,profile,1,all,0.988926,0.100303
1,unet,profile,2,GR,-0.878618,21.717262
1,unet,profile,2,NPHI,0.457879,0.042731
1,unet,profile,2,RHOB,0.420799,0.079829
1,unet,profile,2,all,0.830106,6.899035
1,unet,profile,3,GR,-0.006773,19.381916
1,unet,profile,3,NPHI,0.829003,0.033586
1,unet,profile,3,RHOB,0.744243,0.056886
1,unet,profile,3,all,0.641877,5.730782
1,unet,profile,4,GR,0.369849,17.965645
1,unet,profile,4,NPHI,0.469432,0.057657
1,unet,profile,4,RHOB,0.423825,0.081409
1,unet,profile,4,all,0.818750,5.181436
1,unet,profile,5,GR,0.319184,15.767989
1,unet,profile,5,NPHI,0.777647,0.036633
1,unet,profile,5,RHOB,0.766766,0.051278
1,unet,profile,5,all,0.780911,5.146554
1,unet,profile,6,GR,-0.626583,8.771245
1,unet,profile,6,NPHI,-4.220664,0.080098
1,unet,profile,6,RHOB,0.278094,0.050872
1,unet,profile,6,all,0.905013,3.232545
1,unet,profile,7,GR,-6.280094,19.813307
1,unet,profile,7,NPHI,0.635842,0.025819
1,unet,profile,7,RHOB,0.862900,0.024238
1,unet,profile,7,all,-2.035306,5.961591
1,unet,profile,8,GR,-0.855144,59.201195
1,unet,profile,8,NPHI,-6.158935,0.124133
1,unet,profile,8,RHOB,-0.106634,0.147857
1,unet,profile,8,all,0.554924,18.310816
1,unet,profile,9,GR,0.502051,24.034576
1,unet,profile,9,NPHI,0.703716,0.050289
1,unet,profile,9,RHOB,-0.620221,0.093194
1,unet,profile,9,all,0.755282,6.726892
1,unet,profile,10,GR,0.452347,19.880697
1,unet,profile,10,NPHI,0.541780,0.044723
1,unet,profile,10,RHOB,0.452430,0.067014
1,unet,profile,10,all,0.774781,5.837646
1,unet,profile,11,GR,-9.279107,22.896843
1,unet,profile,11,NPHI,0.656921,0.034714
1,unet,profile,11,RHOB,0.780098,0.027205
1,unet,profile,11,all,-2.672436,7.652920
1,unet,profile,12,GR,-0.263497,18.300474
1,unet,profile,12,NPHI,0.632850,0.047253
1,unet,profile,12,RHOB,0.685027,0.068025
1,unet,profile,12,all,0.595202,5.718134
1,unet,profile,13,GR,-0.252666,27.021147
1,unet,profile,13,NPHI,0.375452,0.053930
1,unet,profile,13,RHOB,0.213589,0.076506
1,unet,profile,13,all,0.658572,8.150867
1,unet,profile,14,GR,-2.323798,19.036587
1,unet,profile,14,NPHI,0.840489,0.014707
1,unet,profile,14,RHOB,0.641109,0.038627
1,unet,profile,14,all,0.085201,5.876793
1,unet,profile,15,GR,-0.280555,21.328140
1,unet,profile,15,NPHI,0.686878,0.035794
1,unet,profile,15,RHOB,0.195322,0.074532
1,unet,profile,15,all,0.535686,7.144720
1,unet,profile,16,GR,,
1,unet,profile,16,NPHI,,
1,unet,profile,16,RHOB,0.647546,0.029952
1,unet,profile,16,all,0.647546,0.029952
1,unet,profile,17,GR,0.466760,22.640057
1,unet,profile,17,NPHI,0.520501,0.044991
1,unet,profile,17,RHOB,0.258277,0.069162
1,unet,profile,17,all,0.779344,7.489603
1,unet,profile,18,GR,-0.666157,33.074795
1,unet,profile,18,NPHI,-1.052523,0.097301
1,unet,profile,18,RHOB,-0.075459,0.103907
1,unet,profile,18,all,0.690992,8.893499
1,unet,single,0,GR,0.939349,6.938837
1,unet,single,0,NPHI,0.600210,0.036446
1,unet,single,0,RHOB,0.478242,0.087349
1,unet,single,0,all,0.978277,1.290226
1,unet,single,1,GR,,
1,unet,single,1,NPHI,0.156655,0.055756
1,unet,single,1,RHOB,,
1,unet,single,1,all,0.156655,0.055756
1,unet,single,2,GR,0.688460,10.535142
1,unet,single,2,NPHI,0.831994,0.028858
1,unet,single,2,RHOB,0.790296,0.055803
1,unet,single,2,all,0.969803,1.715425
1,unet,single,3,GR,0.630766,12.058083
1,unet,single,3,NPHI,0.897857,0.026667
1,unet,single,3,RHOB,0.751753,0.053642
1,unet,single,3,all,0.872040,4.092980
1,unet,single,4,GR,0.426169,16.087488
1,unet,single,4,NPHI,0.788507,0.032036
1,unet,single,4,RHOB,0.915243,0.046080
1,unet,single,4,all,0.892520,5.176385
1,unet,single,5,GR,0.765049,9.205521
1,unet,single,5,NPHI,0.820324,0.030961
1,unet,single,5,RHOB,0.842450,0.047504
1,unet,single,5,all,0.925558,3.168058
1,unet,single,6,GR,-73.792747,17.409512
1,unet,single,6,NPHI,0.406192,0.031858
1,unet,single,6,RHOB,-3.163935,0.067226
1,unet,single,6,all,0.759819,1.627721
1,unet,single,7,GR,0.164893,5.572932
1,unet,single,7,NPHI,0.908095,0.011347
1,unet,single,7,RHOB,0.579269,0.036863
1,unet,single,7,all,0.780911,0.577712
1,unet,single,8,GR,0.243935,32.094761
1,unet,single,8,NPHI,-4.882732,0.080731
1,unet,single,8,RHOB,0.372710,0.064846
1,unet,single,8,all,0.915404,5.076718
1,unet,single,9,GR,0.865070,8.615069
1,unet,single,9,NPHI,0.618842,0.047179
1,unet,single,9,RHOB,0.811391,0.041730
1,unet,single,9,all,0.967640,1.489063
1,unet,single,10,GR,0.272002,22.433975
1,unet,single,10,NPHI,0.806978,0.032424
1,unet,single,10,RHOB,0.678750,0.055604
1,unet,single,10,all,0.791660,3.805182
1,unet,single,11,GR,0.370528,5.650430
1,unet,single,11,NPHI,0.824543,0.019525
1,unet,single,11,RHOB,0.766745,0.038459
1,unet,single,11,all,0.763856,0.965898
1,unet,single,12,GR,0.601900,10.373192
1,unet,single,12,NPHI,0.799217,0.031550
1,unet,single,12,RHOB,0.863958,0.051414
1,unet,single,12,all,0.908650,3.233612
1,unet,single,13,GR,0.701273,13.133609
1,unet,single,13,NPHI,0.737954,0.038777
1,unet,single,13,RHOB,0.585559,0.041029
1,unet,single,13,all,0.944245,4.474713
1,unet,single,14,GR,-0.241131,13.865454
1,unet,single,14,NPHI,0.586781,0.027357
1,unet,single,14,RHOB,0.669304,0.024226
1,unet,single,14,all,0.728325,2.188337
1,unet,single,15,GR,0.776704,9.575730
1,unet,single,15,NPHI,0.919101,0.017325
1,unet,single,15,RHOB,0.235702,0.062614
1,unet,single,15,all,0.910980,2.170786
1,unet,single,16,GR,,
1,unet,single,16,NPHI,0.167184,0.019043
1,unet,single,16,RHOB,,
1,unet,single,16,all,0.167184,0.019043
1,unet,single,17,GR,0.893414,8.708084
1,unet,single,17,NPHI,0.797619,0.034093
1,unet,single,17,RHOB,0.596766,0.044568
1,unet,single,17,all,0.953887,3.022010
1,unet,single,18,GR,0.179763,16.990328
1,unet,single,18,NPHI,0.447347,0.054208
1,unet,single,18,RHOB,0.397750,0.059182
1,unet,single,18,all,0.946093,3.489221
1,xgb,blackout,0,GR,-1.352569,53.713473
1,xgb,blackout,0,NPHI,-5.637281,0.169670
1,xgb,blackout,0,RHOB,-5.897266,0.315431
1,xgb,blackout,0,all,-0.087135,22.020188
1,xgb,blackout,1,GR,-0.899963,25.047433
1,xgb,blackout,1,NPHI,-24.023364,0.251714
1,xgb,blackout,1,RHOB,-21.582163,0.410708
1,xgb,blackout,1,all,0.856782,8.569951
1,xgb,blackout,2,GR,-4.212360,31.750449
1,xgb,blackout,2,NPHI,-2.198888,0.117785
1,xgb,blackout,2,RHOB,-4.745618,0.315572
1,xgb,blackout,2,all,0.622838,12.991584
1,xgb,blackout,3,GR,-10.581358,69.495814
1,xgb,blackout,3,NPHI,-1.276354,0.114811
1,xgb,blackout,3,RHOB,-10.084517,0.424836
1,xgb,blackout,3,all,-3.352644,25.406130
1,xgb,blackout,4,GR,-2.170494,50.498533
1,xgb,blackout,4,NPHI,-1.600342,0.140940
1,xgb,blackout,4,RHOB,-1.963672,0.322029
1,xgb,blackout,4,all,0.001909,19.068422
1,xgb,blackout,5,GR,-12.785540,78.907856
1,xgb,blackout,5,NPHI,-1.415499,0.123087
1,xgb,blackout,5,RHOB,-2.704857,0.242487
1,xgb,blackout,5,all,-4.009521,26.392031
1,xgb,blackout,6,GR,-67.214123,49.569114
1,xgb,blackout,6,NPHI,-38.992724,0.234403
1,xgb,blackout,6,RHOB,-19.885785,0.216402
1,xgb,blackout,6,all,-1.539954,21.436203
1,xgb,blackout,7,GR,-50.116079,74.296382
1,xgb,blackout,7,NPHI,-13.149242,0.207506
1,xgb,blackout,7,RHOB,-9.001871,0.248058
1,xgb,blackout,7,all,-24.764903,31.764547
1,xgb,blackout,8,GR,-0.178427,46.339052
1,xgb,blackout,8,NPHI,-8.518798,0.157142
1,xgb,blackout,8,RHOB,-3.726096,0.290604
1,xgb,blackout,8,all,0.698075,19.693901
1,xgb,blackout,9,GR,-1.148511,55.443009
1,xgb,blackout,9,NPHI,-1.233193,0.132084
1,xgb,blackout,9,RHOB,-26.079214,0.506670
1,xgb,blackout,9,all,-0.052175,23.861796
1,xgb,blackout,10,GR,-3.057008,61.377964
1,xgb,blackout,10,NPHI,-2.029453,0.136889
1,xgb,blackout,10,RHOB,-7.610247,0.290911
1,xgb,blackout,10,all,-0.772512,23.998096
1,xgb,blackout,11,GR,-97.605237,93.945365
1,xgb,blackout,11,NPHI,-11.723029,0.224134
1,xgb,blackout,11,RHOB,-14.292696,0.323467
1,xgb,blackout,11,all,-48.523479,39.419301
1,xgb,blackout,12,GR,-10.892727,61.422522
1,xgb,blackout,12,NPHI,-0.143123,0.084705
1,xgb,blackout,12,RHOB,-2.071552,0.240918
1,xgb,blackout,12,all,-2.451538,22.848235
1,xgb,blackout,13,GR,-1.663114,44.761632
1,xgb,blackout,13,NPHI,-2.844441,0.154160
1,xgb,blackout,13,RHOB,-26.429840,0.395898
1,xgb,blackout,13,all,0.301988,16.729028
1,xgb,blackout,14,GR,-42.312596,66.615204
1,xgb,blackout,14,NPHI,-17.390156,0.198423
1,xgb,blackout,14,RHOB,-13.191523,0.272929
1,xgb,blackout,14,all,-11.230582,28.263359
1,xgb,blackout,15,GR,-9.629481,65.369089
1,xgb,blackout,15,NPHI,-3.098476,0.153772
1,xgb,blackout,15,RHOB,-11.286317,0.285690
1,xgb,blackout,15,all,-2.793202,25.855070
1,xgb,blackout,16,GR,-56.245048,61.171654
1,xgb,blackout,16,NPHI,-116.261395,0.302220
1,xgb,blackout,16,RHOB,-61.667247,0.459630
1,xgb,blackout,16,all,-18.709268,20.644501
1,xgb,blackout,17,GR,-2.885366,59.572368
1,xgb,blackout,17,NPHI,-4.814786,0.181238
1,xgb,blackout,17,RHOB,-19.353079,0.393547
1,xgb,blackout,17,all,-0.780102,19.707981
1,xgb,blackout,18,GR,-1.158793,38.277091
1,xgb,blackout,18,NPHI,-4.923728,0.174645
1,xgb,blackout,18,RHOB,-7.006576,0.276112
1,xgb,blackout,18,all,0.616869,15.332708
1,xgb,block,0,GR,-0.704496,33.467148
1,xgb,block,0,NPHI,0.662771,0.031703
1,xgb,block,0,RHOB,-0.156241,0.064807
1,xgb,block,0,all,0.563642,12.947065
1,xgb,block,1,GR,-6.733797,39.803572
1,xgb,block,1,NPHI,-8.976424,0.133666
1,xgb,block,1,RHOB,,
1,xgb,block,1,all,0.436899,19.968619
1,xgb,block,2,GR,-1.318883,20.000922
1,xgb,block,2,NPHI,0.445551,0.042957
1,xgb,block,2,RHOB,0.086896,0.065759
1,xgb,block,2,all,0.805239,7.019282
1,xgb,block,3,GR,0.050219,20.212123
1,xgb,block,3,NPHI,0.784416,0.035274
1,xgb,block,3,RHOB,0.699767,0.063410
1,xgb,block,3,all,0.627639,6.734902
1,xgb,block,4,GR,0.444249,15.298528
1,xgb,block,4,NPHI,0.536806,0.046689
1,xgb,block,4,RHOB,0.331576,0.127756
1,xgb,block,4,all,0.870156,4.794036
1,xgb,block,5,GR,0.128811,19.099655
1,xgb,block,5,NPHI,0.806729,0.036486
1,xgb,block,5,RHOB,0.565117,0.070142
1,xgb,block,5,all,0.674562,6.552010
1,xgb,block,6,GR,-15.437408,20.300235
1,xgb,block,6,NPHI,-1.608039,0.079080
1,xgb,block,6,RHOB,-0.734215,0.044500
1,xgb,block,6,all,0.640589,3.175840
1,xgb,block,7,GR,-10.512451,20.407002
1,xgb,block,7,NPHI,0.402213,0.031554
1,xgb,block,7,RHOB,0.824552,0.030485
1,xgb,block,7,all,-1.831500,3.626875
1,xgb,block,8,GR,-1.311708,56.813046
1,xgb,block,8,NPHI,-1.831273,0.098438
1,xgb,block,8,RHOB,-0.251044,0.093287
1,xgb,block,8,all,0.747864,18.615812
1,xgb,block,9,GR,0.336111,20.371109
1,xgb,block,9,NPHI,0.712334,0.053507
1,xgb,block,9,RHOB,0.022904,0.073162
1,xgb,block,9,all,0.829502,7.766622
1,xgb,block,10,GR,0.588625,18.085632
1,xgb,block,10,NPHI,0.355634,0.053840
1,xgb,block,10,RHOB,0.264153,0.057940
1,xgb,block,10,all,0.858419,5.749385
1,xgb,block,11,GR,-4.143497,18.960637
1,xgb,block,11,NPHI,0.753646,0.023484
1,xgb,block,11,RHOB,0.860261,0.027092
1,xgb,block,11,all,-0.904971,4.759084
1,xgb,block,12,GR,-0.091193,18.953176
1,xgb,block,12,NPHI,0.631945,0.044391
1,xgb,block,12,RHOB,0.704443,0.070586
1,xgb,block,12,all,0.732467,5.703723
1,xgb,block,13,GR,-0.509947,23.847144
1,xgb,block,13,NPHI,0.551550,0.050623
1,xgb,block,13,RHOB,0.512694,0.042277
1,xgb,block,13,all,0.705676,8.083481
1,xgb,block,14,GR,-0.046764,12.782724
1,xgb,block,14,NPHI,0.894834,0.013514
1,xgb,block,14,RHOB,-0.003662,0.050210
1,xgb,block,14,all,0.644179,4.195034
1,xgb,block,15,GR,0.213095,18.953984
1,xgb,block,15,NPHI,0.366954,0.046005
1,xgb,block,15,RHOB,0.078036,0.077380
1,xgb,block,15,all,0.718301,5.489791
1,xgb,block,16,GR,,
1,xgb,block,16,NPHI,0.405054,0.017542
1,xgb,block,16,RHOB,,
1,xgb,block,16,all,0.405054,0.017542
1,xgb,block,17,GR,0.115964,25.634763
1,xgb,block,17,NPHI,0.570882,0.046762
1,xgb,block,17,RHOB,0.007491,0.075216
1,xgb,block,17,all,0.571612,8.385926
1,xgb,block,18,GR,-4.429930,58.220553
1,xgb,block,18,NPHI,0.123375,0.071661
1,xgb,block,18,RHOB,0.265329,0.088879
1,xgb,block,18,all,0.464066,19.460365
1,xgb,profile,0,GR,0.283050,26.364559
1,xgb,profile,0,NPHI,-0.394350,0.068477
1,xgb,profile,0,RHOB,0.168414,0.093089
1,xgb,profile,0,all,0.613263,7.809858
1,xgb,profile,1,GR,,
1,xgb,profile,1,NPHI,-1.744662,0.121841
1,xgb,profile,1,RHOB,-0.786785,0.087014
1,xgb,profile,1,all,0.988416,0.104427
1,xgb,profile,2,GR,-1.015131,21.018755
1,xgb,profile,2,NPHI,0.189563,0.050202
1,xgb,profile,2,RHOB,0.353424,0.083362
1,xgb,profile,2,all,0.817760,6.682322
1,xgb,profile,3,GR,0.070650,17.595007
1,xgb,profile,3,NPHI,0.779895,0.038148
1,xgb,profile,3,RHOB,0.631633,0.066783
1,xgb,profile,3,all,0.669414,5.209931
1,xgb,profile,4,GR,0.282487,19.233004
1,xgb,profile,4,NPHI,0.587454,0.052227
1,xgb,profile,4,RHOB,0.385277,0.083230
1,xgb,profile,4,all,0.793623,5.541861
1,xgb,profile,5,GR,0.019529,17.823521
1,xgb,profile,5,NPHI,0.754888,0.036800
1,xgb,profile,5,RHOB,0.675176,0.059703
1,xgb,profile,5,all,0.684481,5.816537
1,xgb,profile,6,GR,-5.437427,20.668278
1,xgb,profile,6,NPHI,-3.846905,0.077036
1,xgb,profile,6,RHOB,0.027385,0.055769
1,xgb,profile,6,all,0.624093,7.558960
1,xgb,profile,7,GR,-6.224780,19.086065
1,xgb,profile,7,NPHI,0.437469,0.030764
1,xgb,profile,7,RHOB,0.784134,0.030388
1,xgb,profile,7,all,-2.012254,5.747241
1,xgb,profile,8,GR,-0.215060,47.735448
1,xgb,profile,8,NPHI,-2.969749,0.098826
1,xgb,profile,8,RHOB,0.033467,0.135585
1,xgb,profile,8,all,0.708489,14.770386
1,xgb,profile,9,GR,0.432828,27.031962
1,xgb,profile,9,NPHI,0.627860,0.053314
1,xgb,profile,9,RHOB,-0.407403,0.088783
1,xgb,profile,9,all,0.721263,7.559206
1,xgb,profile,10,GR,0.491809,21.344295
1,xgb,profile,10,NPHI,0.529497,0.044783
1,xgb,profile,10,RHOB,0.337263,0.070811
1,xgb,profile,10,all,0.791008,6.265817
1,xgb,profile,11,GR,-13.145243,22.238382
1,xgb,profile,11,NPHI,0.797618,0.023514
1,xgb,profile,11,RHOB,0.773514,0.030289
1,xgb,profile,11,all,-4.053685,7.430729
1,xgb,profile,12,GR,-0.420447,20.122369
1,xgb,profile,12,NPHI,0.674595,0.044263
1,xgb,profile,12,RHOB,0.677749,0.066240
1,xgb,profile,12,all,0.544920,6.281841
1,xgb,profile,13,GR,-0.360659,27.292955
1,xgb,profile,13,NPHI,0.582020,0.048651
1,xgb,profile,13,RHOB,0.366034,0.073086
1,xgb,profile,13,all,0.629139,8.229273
1,xgb,profile,14,GR,-0.731663,12.958054
1,xgb,profile,14,NPHI,0.763382,0.015859
1,xgb,profile,14,RHOB,0.542913,0.046007
1,xgb,profile,14,all,0.523393,4.009668
1,xgb,profile,15,GR,-0.021054,20.115300
1,xgb,profile,15,NPHI,0.619539,0.040963
1,xgb,profile,15,RHOB,0.133544,0.074057
1,xgb,profile,15,all,0.629776,6.742214
1,xgb,profile,16,GR,,
1,xgb,profile,16,NPHI,,
1,xgb,profile,16,RHOB,0.734869,0.024313
1,xgb,profile,16,all,0.734869,0.024313
1,xgb,profile,17,GR,0.373062,23.533503
1,xgb,profile,17,NPHI,0.552900,0.042100
1,xgb,profile,17,RHOB,0.043635,0.074216
1,xgb,profile,17,all,0.740571,7.784424
1,xgb,profile,18,GR,-0.877356,35.821872
1,xgb,profile,18,NPHI,-0.996492,0.093206
1,xgb,profile,18,RHOB,0.185479,0.089479
1,xgb,profile,18,all,0.651824,9.619608
1,xgb,single,0,GR,0.018167,32.902462
1,xgb,single,0,NPHI,-0.156356,0.053873
1,xgb,single,0,RHOB,0.169421,0.114622
1,xgb,single,0,all,0.648473,5.945004
1,xgb,single,1,GR,,
1,xgb,single,1,NPHI,-1.926608,0.121895
1,xgb,single,1,RHOB,,
1,xgb,single,1,all,-1.926608,0.121895
1,xgb,single,2,GR,-0.970908,22.353249
1,xgb,single,2,NPHI,0.587901,0.044573
1,xgb,single,2,RHOB,0.263831,0.102212
1,xgb,single,2,all,0.808981,3.625929
1,xgb,single,3,GR,0.058703,18.805103
1,xgb,single,3,NPHI,0.821155,0.036137
1,xgb,single,3,RHOB,0.648311,0.069383
1,xgb,single,3,all,0.673793,6.376826
1,xgb,single,4,GR,0.074195,18.789645
1,xgb,single,4,NPHI,0.747362,0.042855
1,xgb,single,4,RHOB,0.440705,0.083342
1,xgb,single,4,all,0.826590,6.056904
1,xgb,single,5,GR,0.086552,17.559051
1,xgb,single,5,NPHI,0.738126,0.039405
1,xgb,single,5,RHOB,0.648698,0.067687
1,xgb,single,5,all,0.710588,6.028871
1,xgb,single,6,GR,-53.943798,15.455749
1,xgb,single,6,NPHI,-2.046914,0.080232
1,xgb,single,6,RHOB,-1.428931,0.043722
1,xgb,single,6,all,0.823544,1.461411
1,xgb,single,7,GR,-6.105110,17.522421
1,xgb,single,7,NPHI,0.372726,0.034660
1,xgb,single,7,RHOB,0.701607,0.028948
1,xgb,single,7,all,-0.863746,1.781151
1,xgb,single,8,GR,-1.115323,58.269000
1,xgb,single,8,NPHI,-4.521264,0.097384
1,xgb,single,8,RHOB,-0.609162,0.113721
1,xgb,single,8,all,0.763321,9.193081
1,xgb,single,9,GR,0.637476,14.143657
1,xgb,single,9,NPHI,0.636631,0.050269
1,xgb,single,9,RHOB,0.194830,0.098834
1,xgb,single,9,all,0.913058,2.444658
1,xgb,single,10,GR,0.124808,24.251605
1,xgb,single,10,NPHI,0.559294,0.050362
1,xgb,single,10,RHOB,0.240431,0.058361
1,xgb,single,10,all,0.749529,4.120487
1,xgb,single,11,GR,-1.527411,19.370084
1,xgb,single,11,NPHI,0.589353,0.028063
1,xgb,single,11,RHOB,0.892011,0.025311
1,xgb,single,11,all,0.051896,3.250587
1,xgb,single,12,GR,-0.155313,18.847822
1,xgb,single,12,NPHI,0.604551,0.045125
1,xgb,single,12,RHOB,0.689925,0.080731
1,xgb,single,12,all,0.734900,5.866807
1,xgb,single,13,GR,-0.590663,26.500742
1,xgb,single,13,NPHI,0.639307,0.047237
1,xgb,single,13,RHOB,0.256931,0.055451
1,xgb,single,13,all,0.703117,9.009448
1,xgb,single,14,GR,0.269891,9.322019
1,xgb,single,14,NPHI,0.775750,0.016558
1,xgb,single,14,RHOB,-0.081978,0.044976
1,xgb,single,14,all,0.840177,1.481637
1,xgb,single,15,GR,0.453603,17.819035
1,xgb,single,15,NPHI,0.553238,0.043742
1,xgb,single,15,RHOB,-0.124068,0.078806
1,xgb,single,15,all,0.782173,4.033752
1,xgb,single,16,GR,,
1,xgb,single,16,NPHI,0.318505,0.017475
1,xgb,single,16,RHOB,,
1,xgb,single,16,all,0.318505,0.017475
1,xgb,single,17,GR,0.287058,24.019995
1,xgb,single,17,NPHI,0.591648,0.044691
1,xgb,single,17,RHOB,-0.429305,0.080185
1,xgb,single,17,all,0.691565,8.305454
1,xgb,single,18,GR,-4.502301,45.214340
1,xgb,single,18,NPHI,-0.460588,0.087264
1,xgb,single,18,RHOB,-0.187717,0.084289
1,xgb,single,18,all,0.638398,9.233438
2,ae,blackout,0,GR,0.326296,24.045807
2,ae,blackout,0,NPHI,0.004225,0.063059
2,ae,blackout,0,RHOB,-0.085569,0.104823
2,ae,blackout,0,all,0.692330,8.795905
2,ae,blackout,1,GR,-0.262841,21.982141
2,ae,blackout,1,NPHI,-0.774847,0.084306
2,ae,blackout,1,RHOB,-2.142023,0.132738
2,ae,blackout,1,all,0.871124,9.105409
2,ae,blackout,2,GR,-2.078320,20.913273
2,ae,blackout,2,NPHI,0.133093,0.056576
2,ae,blackout,2,RHOB,0.035801,0.109662
2,ae,blackout,2,all,0.856772,6.936124
2,ae,blackout,3,GR,-0.258524,19.749681
2,ae,blackout,3,NPHI,0.242243,0.063253
2,ae,blackout,3,RHOB,0.320106,0.093187
2,ae,blackout,3,all,0.568449,7.200121
2,ae,blackout,4,GR,0.195994,21.540689
2,ae,blackout,4,NPHI,0.083977,0.078571
2,ae,blackout,4,RHOB,0.102049,0.108132
2,ae,blackout,4,all,0.797188,7.924530
2,ae,blackout,5,GR,0.033907,18.294952
2,ae,blackout,5,NPHI,0.392166,0.057719
2,ae,blackout,5,RHOB,0.294138,0.099386
2,ae,blackout,5,all,0.680811,6.486295
2,ae,blackout,6,GR,-8.700751,18.440575
2,ae,blackout,6,NPHI,-2.197165,0.064738
2,ae,blackout,6,RHOB,-0.349531,0.055890
2,ae,blackout,6,all,0.681999,6.029449
2,ae,blackout,7,GR,-2.939091,13.305516
2,ae,blackout,7,NPHI,-1.035145,0.067248
2,ae,blackout,7,RHOB,-0.221081,0.081221
2,ae,blackout,7,all,-0.450000,4.660375
2,ae,blackout,8,GR,-0.230022,41.948589
2,ae,blackout,8,NPHI,-1.993761,0.077208
2,ae,blackout,8,RHOB,-0.010874,0.107886
2,ae,blackout,8,all,0.731541,13.730207
2,ae,blackout,9,GR,0.303484,33.062725
2,ae,blackout,9,NPHI,0.286461,0.067696
2,ae,blackout,9,RHOB,0.155990,0.086063
2,ae,blackout,9,all,0.735990,11.633735
2,ae,blackout,10,GR,0.400177,22.748543
2,ae,blackout,10,NPHI,0.178450,0.063895
2,ae,blackout,10,RHOB,-0.032656,0.100887
2,ae,blackout,10,all,0.791437,7.314058
2,ae,blackout,11,GR,-0.683533,8.612603
2,ae,blackout,11,NPHI,-0.033395,0.060265
2,ae,blackout,11,RHOB,-0.037802,0.082730
2,ae,blackout,11,all,0.366342,2.847896
2,ae,blackout,12,GR,-0.457210,20.239405
2,ae,blackout,12,NPHI,0.170575,0.073431
2,ae,blackout,12,RHOB,0.106277,0.122377
2,ae,blackout,12,all,0.591285,7.388791
2,ae,blackout,13,GR,0.086287,24.006014
2,ae,blackout,13,NPHI,0.210467,0.063663
2,ae,blackout,13,RHOB,-0.164993,0.072263
2,ae,blackout,13,all,0.795207,8.802543
2,ae,blackout,14,GR,-3.551667,13.346111
2,ae,blackout,14,NPHI,-0.211741,0.047843
2,ae,blackout,14,RHOB,-0.775891,0.091234
2,ae,blackout,14,all,0.035891,4.393792
2,ae,blackout,15,GR,0.265029,14.754059
2,ae,blackout,15,NPHI,0.450617,0.052132
2,ae,blackout,15,RHOB,-0.325970,0.082417
2,ae,blackout,15,all,0.735434,4.720553
2,ae,blackout,16,GR,-4.575168,6.300344
2,ae,blackout,16,NPHI,-1.355110,0.031097
2,ae,blackout,16,RHOB,-0.994307,0.050483
2,ae,blackout,16,all,0.366951,2.127308
2,ae,blackout,17,GR,0.532598,18.107321
2,ae,blackout,17,NPHI,0.367880,0.052877
2,ae,blackout,17,RHOB,0.098996,0.074948
2,ae,blackout,17,all,0.788841,6.241753
2,ae,blackout,18,GR,-0.057948,25.622631
2,ae,blackout,18,NPHI,0.336103,0.053620
2,ae,blackout,18,RHOB,-0.309345,0.099884
2,ae,blackout,18,all,0.847463,8.936619
2,ae,block,0,GR,0.784101,11.556183
2,ae,block,0,NPHI,-0.196367,0.066454
2,ae,block,0,RHOB,-0.357003,0.106582
2,ae,block,0,all,0.883954,4.068246
2,ae,block,1,GR,-3.192462,39.703800
2,ae,block,1,NPHI,,
2,ae,block,1,RHOB,-13.724357,0.040986
2,ae,block,1,all,0.038749,33.093330
2,ae,block,2,GR,-0.623173,13.266891
2,ae,block,2,NPHI,0.427609,0.047345
2,ae,block,2,RHOB,-0.011899,0.137341
2,ae,block,2,all,0.935373,4.174294
2,ae,block,3,GR,0.244649,15.210523
2,ae,block,3,NPHI,0.438938,0.058715
2,ae,block,3,RHOB,0.378635,0.085723
2,ae,block,3,all,0.732522,4.904886
2,ae,block,4,GR,0.716850,13.413102
2,ae,block,4,NPHI,0.533701,0.059092
2,ae,block,4,RHOB,0.225306,0.095308
2,ae,block,4,all,0.917596,3.852359
2,ae,block,5,GR,0.188013,16.077690
2,ae,block,5,NPHI,0.629912,0.045062
2,ae,block,5,RHOB,0.509088,0.083283
2,ae,block,5,all,0.730201,4.676697
2,ae,block,6,GR,-19.760254,14.621694
2,ae,block,6,NPHI,-75.163933,0.070169
2,ae,block,6,RHOB,0.182086,0.045781
2,ae,block,6,all,0.641189,7.130387
2,ae,block,7,GR,-2.306199,17.868315
2,ae,block,7,NPHI,-24.182623,0.053189
2,ae,block,7,RHOB,0.224345,0.042774
2,ae,block,7,all,-1.588293,10.144608
2,ae,block,8,GR,-0.261060,39.424717
2,ae,block,8,NPHI,-10.569504,0.104840
2,ae,block,8,RHOB,-0.986670,0.097944
2,ae,block,8,all,0.584677,16.406187
2,ae,block,9,GR,0.744418,16.764175
2,ae,block,9,NPHI,0.799578,0.034033
2,ae,block,9,RHOB,0.117133,0.071935
2,ae,block,9,all,0.882819,5.317774
2,ae,block,10,GR,0.102651,29.573118
2,ae,block,10,NPHI,0.013955,0.059390
2,ae,block,10,RHOB,-0.124931,0.053930
2,ae,block,10,all,0.639255,7.869760
2,ae,block,11,GR,-3.345683,13.195801
2,ae,block,11,NPHI,-0.361103,0.048687
2,ae,block,11,RHOB,0.135994,0.076139
2,ae,block,11,all,-0.430447,5.643760
2,ae,block,12,GR,-0.225367,18.238443
2,ae,block,12,NPHI,-0.207998,0.063626
2,ae,block,12,RHOB,0.532686,0.079477
2,ae,block,12,all,0.599892,5.706641
2,ae,block,13,GR,0.450999,22.700184
2,ae,block,13,NPHI,0.570807,0.056829
2,ae,block,13,RHOB,-0.065947,0.083273
2,ae,block,13,all,0.859861,5.808944
2,ae,block,14,GR,-5.391706,9.915289
2,ae,block,14,NPHI,-0.091867,0.052497
2,ae,block,14,RHOB,-0.412963,0.089525
2,ae,block,14,all,-0.422473,4.152785
2,ae,block,15,GR,-4.307487,22.330515
2,ae,block,15,NPHI,0.715920,0.049737
2,ae,block,15,RHOB,0.337974,0.050486
2,ae,block,15,all,0.684150,4.882038
2,ae,block,16,GR,-0.374318,2.750454
2,ae,block,16,NPHI,,
2,ae,block,16,RHOB,,
2,ae,block,16,all,-0.374318,2.750454
2,ae,block,17,GR,0.606188,16.262508
2,ae,block,17,NPHI,0.420746,0.051374
2,ae,block,17,RHOB,-0.033227,0.066108
2,ae,block,17,all,0.860434,4.547422
2,ae,block,18,GR,0.367276,21.484539
2,ae,block,18,NPHI,-0.659945,0.065895
2,ae,block,18,RHOB,-0.313327,0.080906
2,ae,block,18,all,0.836952,7.818813
2,ae,profile,0,GR,-0.299489,32.982105
2,ae,profile,0,NPHI,-0.148642,0.067792
2,ae,profile,0,RHOB,-0.390307,0.130047
2,ae,profile,0,all,0.443569,9.763120
2,ae,profile,1,GR,,
2,ae,profile,1,NPHI,-0.914033,0.076757
2,ae,profile,1,RHOB,-0.900746,0.095681
2,ae,profile,1,all,0.991645,0.086219
2,ae,profile,2,GR,-8.075597,45.450756
2,ae,profile,2,NPHI,0.349923,0.054615
2,ae,profile,2,RHOB,-0.214634,0.113033
2,ae,profile,2,all,0.504020,12.013267
2,ae,profile,3,GR,-0.717244,22.263628
2,ae,profile,3,NPHI,0.435953,0.057511
2,ae,profile,3,RHOB,0.349906,0.087599
2,ae,profile,3,all,0.399090,6.924132
2,ae,profile,4,GR,-0.281560,29.570759
2,ae,profile,4,NPHI,0.282803,0.057426
2,ae,profile,4,RHOB,-0.027333,0.112817
2,ae,profile,4,all,0.645800,7.980587
2,ae,profile,5,GR,-0.366137,21.292158
2,ae,profile,5,NPHI,0.364867,0.063273
2,ae,profile,5,RHOB,0.371944,0.095346
2,ae,profile,5,all,0.567267,7.103750
2,ae,profile,6,GR,-18.118170,18.687183
2,ae,profile,6,NPHI,-5.765739,0.093293
2,ae,profile,6,RHOB,-0.375970,0.057442
2,ae,profile,6,all,0.727786,3.464223
2,ae,profile,7,GR,-12.233617,16.312395
2,ae,profile,7,NPHI,0.061112,0.047658
2,ae,profile,7,RHOB,0.162272,0.053674
2,ae,profile,7,all,-2.933955,3.302411
2,ae,profile,8,GR,-1.802502,46.392021
2,ae,profile,8,NPHI,-2.569194,0.080997
2,ae,profile,8,RHOB,-0.129857,0.106333
2,ae,profile,8,all,0.520180,7.213565
2,ae,profile,9,GR,0.112098,42.871284
2,ae,profile,9,NPHI,0.538916,0.050379
2,ae,profile,9,RHOB,-2.049763,0.113986
2,ae,profile,9,all,0.621145,11.959211
2,ae,profile,10,GR,0.187565,21.842623
2,ae,profile,10,NPHI,0.269926,0.061731
2,ae,profile,10,RHOB,-0.219713,0.113252
2,ae,profile,10,all,0.741813,4.614443
2,ae,profile,11,GR,-2.859337,12.848602
2,ae,profile,11,NPHI,0.235667,0.048210
2,ae,profile,11,RHOB,-0.004789,0.075684
2,ae,profile,11,all,0.020744,2.188477
2,ae,profile,12,GR,-0.739707,21.745813
2,ae,profile,12,NPHI,0.581943,0.051334
2,ae,profile,12,RHOB,0.379244,0.096348
2,ae,profile,12,all,0.512129,5.676722
2,ae,profile,13,GR,0.261023,17.419462
2,ae,profile,13,NPHI,-0.303722,0.080798
2,ae,profile,13,RHOB,-0.196088,0.075838
2,ae,profile,13,all,0.851308,4.240391
2,ae,profile,14,GR,-6.933341,13.992336
2,ae,profile,14,NPHI,0.185427,0.039412
2,ae,profile,14,RHOB,0.094690,0.071792
2,ae,profile,14,all,-0.145141,2.195979
2,ae,profile,15,GR,-1.439617,25.428562
2,ae,profile,15,NPHI,0.435027,0.060642
2,ae,profile,15,RHOB,-0.856756,0.109979
2,ae,profile,15,all,0.198153,7.589854
2,ae,profile,16,GR,,
2,ae,profile,16,NPHI,-0.645903,0.028060
2,ae,profile,16,RHOB,,
2,ae,profile,16,all,-0.645903,0.028060
2,ae,profile,17,GR,0.214924,23.729736
2,ae,profile,17,NPHI,0.400435,0.054174
2,ae,profile,17,RHOB,-0.292513,0.084458
2,ae,profile,17,all,0.673786,8.854812
2,ae,profile,18,GR,0.278378,22.518360
2,ae,profile,18,NPHI,-1.296123,0.106037
2,ae,profile,18,RHOB,-0.561236,0.111725
2,ae,profile,18,all,0.872741,6.084174
2,ae,single,0,GR,0.312356,19.590096
2,ae,single,0,NPHI,0.168982,0.068083
2,ae,single,0,RHOB,-0.120065,0.126830
2,ae,single,0,all,0.779141,4.736463
2,ae,single,1,GR,,
2,ae,single,1,NPHI,-0.974769,0.051614
2,ae,single,1,RHOB,,
2,ae,single,1,all,-0.974769,0.051614
2,ae,single,2,GR,-0.730957,23.143972
2,ae,single,2,NPHI,0.080216,0.047113
2,ae,single,2,RHOB,0.181286,0.100462
2,ae,single,2,all,0.880089,4.983473
2,ae,single,3,GR,0.011203,14.812408
2,ae,single,3,NPHI,0.533471,0.048692
2,ae,single,3,RHOB,0.514541,0.083637
2,ae,single,3,all,0.705931,4.200346
2,ae,single,4,GR,0.446929,19.123661
2,ae,single,4,NPHI,-0.009427,0.073651
2,ae,single,4,RHOB,0.036433,0.074005
2,ae,single,4,all,0.876042,5.194779
2,ae,single,5,GR,0.249347,16.190025
2,ae,single,5,NPHI,0.570275,0.047517
2,ae,single,5,RHOB,0.621756,0.069167
2,ae,single,5,all,0.768875,4.849595
2,ae,single,6,GR,-6.809481,8.154978
2,ae,single,6,NPHI,-2.269361,0.042704
2,ae,single,6,RHOB,-0.217519,0.055943
2,ae,single,6,all,0.944543,0.798499
2,ae,single,7,GR,-7.416567,22.586330
2,ae,single,7,NPHI,-0.159438,0.045737
2,ae,single,7,RHOB,-0.273087,0.057907
2,ae,single,7,all,-2.510825,2.349275
2,ae,single,8,GR,-3.624034,45.693382
2,ae,single,8,NPHI,-2.547316,0.083090
2,ae,single,8,RHOB,0.138015,0.087102
2,ae,single,8,all,0.455168,3.647899
2,ae,single,9,GR,0.619758,27.097340
2,ae,single,9,NPHI,0.761378,0.044386
2,ae,single,9,RHOB,-0.256039,0.100698
2,ae,single,9,all,0.882865,6.145213
2,ae,single,10,GR,-0.033374,19.898048
2,ae,single,10,NPHI,0.747128,0.040425
2,ae,single,10,RHOB,0.372415,0.099950
2,ae,single,10,all,0.772250,3.407353
2,ae,single,11,GR,-68.051704,16.489763
2,ae,single,11,NPHI,0.383337,0.038123
2,ae,single,11,RHOB,0.583629,0.052374
2,ae,single,11,all,-2.459749,1.438127
2,ae,single,12,GR,-0.940799,20.307283
2,ae,single,12,NPHI,0.315552,0.054049
2,ae,single,12,RHOB,0.592150,0.081905
2,ae,single,12,all,0.472483,5.322995
2,ae,single,13,GR,0.477837,18.351665
2,ae,single,13,NPHI,0.735576,0.043359
2,ae,single,13,RHOB,0.288776,0.071121
2,ae,single,13,all,0.899982,4.834788
2,ae,single,14,GR,-7.783066,6.329287
2,ae,single,14,NPHI,0.229341,0.039106
2,ae,single,14,RHOB,0.536728,0.041916
2,ae,single,14,all,0.768127,0.531580
2,ae,single,15,GR,0.172118,13.864707
2,ae,single,15,NPHI,0.628290,0.042036
2,ae,single,15,RHOB,0.430919,0.059815
2,ae,single,15,all,0.723519,2.629384
2,ae,single,16,GR,,
2,ae,single,16,NPHI,-30.523981,0.030030
2,ae,single,16,RHOB,,
2,ae,single,16,all,-30.523981,0.030030
2,ae,single,17,GR,0.645735,16.836958
2,ae,single,17,NPHI,0.472096,0.050232
2,ae,single,17,RHOB,0.387841,0.063203
2,ae,single,17,all,0.847602,5.712113
2,ae,single,18,GR,0.166488,27.897827
2,ae,single,18,NPHI,0.259319,0.058655
2,ae,single,18,RHOB,-0.327592,0.087045
2,ae,single,18,all,0.881371,5.710938
2,brits,blackout,0,GR,0.033376,33.732407
2,brits,blackout,0,NPHI,-0.005771,0.067873
2,brits,blackout,0,RHOB,0.005466,0.099580
2,brits,blackout,0,all,0.558562,12.318049
2,brits,blackout,1,GR,-2.105360,37.187836
2,brits,blackout,1,NPHI,-0.781445,0.087273
2,brits,blackout,1,RHOB,-0.051813,0.078547
2,brits,blackout,1,all,0.683096,15.355283
2,brits,blackout,2,GR,-4.060810,31.551201
2,brits,blackout,2,NPHI,0.129341,0.057706
2,brits,blackout,2,RHOB,0.108718,0.119696
2,brits,blackout,2,all,0.764536,10.439972
2,brits,blackout,3,GR,-0.750342,25.435999
2,brits,blackout,3,NPHI,0.053117,0.076714
2,brits,blackout,3,RHOB,-0.706955,0.146309
2,brits,blackout,3,all,0.399796,9.279118
2,brits,blackout,4,GR,-0.230337,29.471298
2,brits,blackout,4,NPHI,0.211808,0.078247
2,brits,blackout,4,RHOB,0.074329,0.117712
2,brits,blackout,4,all,0.689649,10.823244
2,brits,blackout,5,GR,-0.204912,21.427969
2,brits,blackout,5,NPHI,0.162305,0.073921
2,brits,blackout,5,RHOB,-0.306314,0.138781
2,brits,blackout,5,all,0.601901,7.606266
2,brits,blackout,6,GR,-3.049973,11.834409
2,brits,blackout,6,NPHI,-10.397391,0.136356
2,brits,blackout,6,RHOB,-2.257833,0.101858
2,brits,blackout,6,all,0.867216,3.925282
2,brits,blackout,7,GR,-20.528795,40.394291
2,brits,blackout,7,NPHI,-3.912478,0.113022
2,brits,blackout,7,RHOB,-0.534679,0.095791
2,brits,blackout,7,all,-6.924618,14.072826
2,brits,blackout,8,GR,-1.116066,51.981636
2,brits,blackout,8,NPHI,-1.021769,0.065318
2,brits,blackout,8,RHOB,-0.353389,0.146135
2,brits,blackout,8,all,0.538159,17.006107
2,brits,blackout,9,GR,-0.103961,42.086540
2,brits,blackout,9,NPHI,0.277153,0.076257
2,brits,blackout,9,RHOB,-0.212425,0.115864
2,brits,blackout,9,all,0.581551,14.807494
2,brits,blackout,10,GR,0.079007,30.867352
2,brits,blackout,10,NPHI,0.228603,0.060305
2,brits,blackout,10,RHOB,0.109075,0.095086
2,brits,blackout,10,all,0.679769,9.901071
2,brits,blackout,11,GR,-22.595551,38.470562
2,brits,blackout,11,NPHI,-0.777119,0.071496
2,brits,blackout,11,RHOB,0.188632,0.077302
2,brits,blackout,11,all,-7.880011,12.560376
2,brits,blackout,12,GR,-0.642894,22.188055
2,brits,blackout,12,NPHI,-0.205346,0.094314
2,brits,blackout,12,RHOB,-1.001753,0.185443
2,brits,blackout,12,all,0.539189,8.119599
2,brits,blackout,13,GR,-0.309555,31.189577
2,brits,blackout,13,NPHI,0.115378,0.073127
2,brits,blackout,13,RHOB,-0.430284,0.098182
2,brits,blackout,13,all,0.706487,11.434511
2,brits,blackout,14,GR,-13.888584,32.683872
2,brits,blackout,14,NPHI,-2.829388,0.093203
2,brits,blackout,14,RHOB,-0.813274,0.102972
2,brits,blackout,14,all,-2.153541,10.715940
2,brits,blackout,15,GR,-0.125215,20.621868
2,brits,blackout,15,NPHI,0.249623,0.065804
2,brits,blackout,15,RHOB,-0.173876,0.083396
2,brits,blackout,15,all,0.594965,6.584753
2,brits,blackout,16,GR,-145.972855,39.376862
2,brits,blackout,16,NPHI,-12.800106,0.099814
2,brits,blackout,16,RHOB,-0.220082,0.045802
2,brits,blackout,16,all,-15.686708,13.174158
2,brits,blackout,17,GR,0.135896,28.969763
2,brits,blackout,17,NPHI,-0.001518,0.072642
2,brits,blackout,17,RHOB,-0.105338,0.084838
2,brits,blackout,17,all,0.609623,9.970609
2,brits,blackout,18,GR,-1.403375,40.630329
2,brits,blackout,18,NPHI,-0.292231,0.083849
2,brits,blackout,18,RHOB,0.011591,0.090240
2,brits,blackout,18,all,0.653480,14.151686
2,brits,block,0,GR,0.054674,30.425186
2,brits,block,0,NPHI,0.413086,0.048057
2,brits,block,0,RHOB,-0.081227,0.097823
2,brits,block,0,all,0.491932,10.606359
2,brits,block,1,GR,-2.582431,34.943298
2,brits,block,1,NPHI,,
2,brits,block,1,RHOB,-80.000221,0.112731
2,brits,block,1,all,0.178616,29.138205
2,brits,block,2,GR,-2.482461,21.688227
2,brits,block,2,NPHI,0.485082,0.049032
2,brits,block,2,RHOB,0.020518,0.147822
2,brits,block,2,all,0.861364,6.782415
2,brits,block,3,GR,-1.088856,27.574469
2,brits,block,3,NPHI,0.444447,0.057927
2,brits,block,3,RHOB,-0.306536,0.116739
2,brits,block,3,all,0.260324,8.862639
2,brits,block,4,GR,0.192940,27.619514
2,brits,block,4,NPHI,0.579383,0.061205
2,brits,block,4,RHOB,0.203957,0.106355
2,brits,block,4,all,0.765142,7.876613
2,brits,block,5,GR,-0.465980,23.070892
2,brits,block,5,NPHI,0.531817,0.053487
2,brits,block,5,RHOB,-0.108512,0.133668
2,brits,block,5,all,0.512896,6.711773
2,brits,block,6,GR,-18.581732,15.352970
2,brits,block,6,NPHI,-169.228989,0.110570
2,brits,block,6,RHOB,-5.731364,0.156352
2,brits,block,6,all,0.661537,7.528409
2,brits,block,7,GR,-10.739933,41.653362
2,brits,block,7,NPHI,-16.629595,0.054230
2,brits,block,7,RHOB,-1.335272,0.091101
2,brits,block,7,all,-8.190716,23.640589
2,brits,block,8,GR,0.145475,26.921186
2,brits,block,8,NPHI,-1.126202,0.043083
2,brits,block,8,RHOB,-0.867293,0.104694
2,brits,block,8,all,0.718567,11.205694
2,brits,block,9,GR,0.187857,33.524002
2,brits,block,9,NPHI,0.669333,0.044852
2,brits,block,9,RHOB,-0.843452,0.119728
2,brits,block,9,all,0.627649,10.617862
2,brits,block,10,GR,0.351008,26.567453
2,brits,block,10,NPHI,0.619211,0.038393
2,brits,block,10,RHOB,0.014452,0.060036
2,brits,block,10,all,0.739098,7.069066
2,brits,block,11,GR,-24.405645,35.517342
2,brits,block,11,NPHI,0.248211,0.030380
2,brits,block,11,RHOB,0.016114,0.078986
2,brits,block,11,all,-7.362424,15.125707
2,brits,block,12,GR,-0.856581,24.414534
2,brits,block,12,NPHI,-0.214695,0.067768
2,brits,block,12,RHOB,-0.788189,0.159047
2,brits,block,12,all,0.393764,7.655899
2,brits,block,13,GR,0.033748,31.641333
2,brits,block,13,NPHI,0.579120,0.061744
2,brits,block,13,RHOB,-0.153624,0.102687
2,brits,block,13,all,0.753356,8.085713
2,brits,block,14,GR,-40.107117,37.047859
2,brits,block,14,NPHI,-0.105431,0.046689
2,brits,block,14,RHOB,-3.446074,0.160483
2,brits,block,14,all,-8.148170,15.421943
2,brits,block,15,GR,0.488144,6.658381
2,brits,block,15,NPHI,0.570243,0.068225
2,brits,block,15,RHOB,-1.802567,0.118020
2,brits,block,15,all,0.969519,1.519013
2,brits,block,16,GR,-212.520538,40.183167
2,brits,block,16,NPHI,,
2,brits,block,16,RHOB,,
2,brits,block,16,all,-212.520538,40.183167
2,brits,block,17,GR,0.302015,23.942158
2,brits,block,17,NPHI,0.418034,0.055014
2,brits,block,17,RHOB,-0.352723,0.080130
2,brits,block,17,all,0.752639,6.681174
2,brits,block,18,GR,-0.063156,26.065008
2,brits,block,18,NPHI,-0.975425,0.085224
2,brits,block,18,RHOB,-0.451604,0.094184
2,brits,block,18,all,0.726035,9.485599
2,brits,profile,0,GR,-0.002677,32.406780
2,brits,profile,0,NPHI,0.102455,0.063352
2,brits,profile,0,RHOB,-0.271740,0.130447
2,brits,profile,0,all,0.570661,9.591912
2,brits,profile,1,GR,,
2,brits,profile,1,NPHI,-1.117602,0.082699
2,brits,profile,1,RHOB,0.167817,0.073522
2,brits,profile,1,all,0.994608,0.078110
2,brits,profile,2,GR,-2.977079,31.819204
2,brits,profile,2,NPHI,0.261314,0.061819
2,brits,profile,2,RHOB,-0.253209,0.124305
2,brits,profile,2,all,0.782650,8.432182
2,brits,profile,3,GR,-2.365013,34.798676
2,brits,profile,3,NPHI,0.270674,0.068841
2,brits,profile,3,RHOB,-1.161470,0.158857
2,brits,profile,3,all,-0.177517,10.820706
2,brits,profile,4,GR,-0.206506,34.197212
2,brits,profile,4,NPHI,0.155137,0.065078
2,brits,profile,4,RHOB,-0.104473,0.141966
2,brits,profile,4,all,0.666541,9.232328
2,brits,profile,5,GR,-0.979864,26.084312
2,brits,profile,5,NPHI,0.157992,0.074133
2,brits,profile,5,RHOB,-0.596487,0.154834
2,brits,profile,5,all,0.372855,8.714567
2,brits,profile,6,GR,-17.747164,18.621845
2,brits,profile,6,NPHI,-7.313141,0.115122
2,brits,profile,6,RHOB,-7.697873,0.169712
2,brits,profile,6,all,0.733034,3.494869
2,brits,profile,7,GR,-84.444740,48.361404
2,brits,profile,7,NPHI,-1.785293,0.097799
2,brits,profile,7,RHOB,-2.011051,0.134532
2,brits,profile,7,all,-24.399509,9.761540
2,brits,profile,8,GR,-0.422826,28.066250
2,brits,profile,8,NPHI,-0.463516,0.052940
2,brits,profile,8,RHOB,-0.882014,0.164924
2,brits,profile,8,all,0.756388,4.397136
2,brits,profile,9,GR,-0.100301,51.336830
2,brits,profile,9,NPHI,0.441948,0.061536
2,brits,profile,9,RHOB,-4.386625,0.150382
2,brits,profile,9,all,0.530517,14.324415
2,brits,profile,10,GR,-0.011600,25.789577
2,brits,profile,10,NPHI,0.384634,0.058551
2,brits,profile,10,RHOB,-0.285130,0.111626
2,brits,profile,10,all,0.678524,5.434662
2,brits,profile,11,GR,-27.603048,41.881378
2,brits,profile,11,NPHI,-0.799665,0.069345
2,brits,profile,11,RHOB,-0.039732,0.077793
2,brits,profile,11,all,-6.257096,7.040129
2,brits,profile,12,GR,-1.494459,28.150614
2,brits,profile,12,NPHI,0.097606,0.082194
2,brits,profile,12,RHOB,-1.116561,0.175113
2,brits,profile,12,all,0.300442,7.371707
2,brits,profile,13,GR,-0.183028,27.943832
2,brits,profile,13,NPHI,0.042317,0.078756
2,brits,profile,13,RHOB,-0.794571,0.118013
2,brits,profile,13,all,0.761963,6.779722
2,brits,profile,14,GR,-34.437946,40.268398
2,brits,profile,14,NPHI,-1.531874,0.075722
2,brits,profile,14,RHOB,-2.789779,0.155923
2,brits,profile,14,all,-4.115258,6.283888
2,brits,profile,15,GR,-1.478819,26.924290
2,brits,profile,15,NPHI,0.251160,0.075321
2,brits,profile,15,RHOB,-0.571040,0.100326
2,brits,profile,15,all,0.185269,8.037053
2,brits,profile,16,GR,,
2,brits,profile,16,NPHI,-10.895286,0.090531
2,brits,profile,16,RHOB,,
2,brits,profile,16,all,-10.895286,0.090531
2,brits,profile,17,GR,0.087015,29.813208
2,brits,profile,17,NPHI,0.171464,0.067005
2,brits,profile,17,RHOB,-0.654508,0.099269
2,brits,profile,17,all,0.620637,11.122355
2,brits,profile,18,GR,-0.731959,36.568062
2,brits,profile,18,NPHI,0.040585,0.073644
2,brits,profile,18,RHOB,-0.255080,0.107184
2,brits,profile,18,all,0.694580,9.814433
2,brits,single,0,GR,0.983579,3.461280
2,brits,single,0,NPHI,0.988680,0.006749
2,brits,single,0,RHOB,0.984142,0.014593
2,brits,single,0,all,0.994726,0.831964
2,brits,single,1,GR,,
2,brits,single,1,NPHI,0.983925,0.005740
2,brits,single,1,RHOB,,
2,brits,single,1,all,0.983925,0.005740
2,brits,single,2,GR,0.978844,2.364405
2,brits,single,2,NPHI,0.981771,0.006797
2,brits,single,2,RHOB,0.970374,0.016279
2,brits,single,2,all,0.998534,0.512350
2,brits,single,3,GR,0.982261,1.556125
2,brits,single,3,NPHI,0.997342,0.003197
2,brits,single,3,RHOB,0.996271,0.005124
2,brits,single,3,all,0.994725,0.439174
2,brits,single,4,GR,0.996669,1.290866
2,brits,single,4,NPHI,0.996322,0.003819
2,brits,single,4,RHOB,0.991924,0.005285
2,brits,single,4,all,0.999254,0.350451
2,brits,single,5,GR,0.995711,0.829341
2,brits,single,5,NPHI,0.995085,0.002599
2,brits,single,5,RHOB,0.998295,0.003619
2,brits,single,5,all,0.998679,0.248502
2,brits,single,6,GR,0.977175,0.444810
2,brits,single,6,NPHI,0.978992,0.003159
2,brits,single,6,RHOB,0.996392,0.003069
2,brits,single,6,all,0.999838,0.044021
2,brits,single,7,GR,0.984250,0.993908
2,brits,single,7,NPHI,0.997510,0.001813
2,brits,single,7,RHOB,0.998499,0.002024
2,brits,single,7,all,0.993430,0.103107
2,brits,single,8,GR,0.994731,1.401365
2,brits,single,8,NPHI,0.989090,0.004444
2,brits,single,8,RHOB,0.983406,0.012267
2,brits,single,8,all,0.999379,0.116512
2,brits,single,9,GR,0.983550,3.796067
2,brits,single,9,NPHI,0.999430,0.002054
2,brits,single,9,RHOB,0.996231,0.005257
2,brits,single,9,all,0.994933,0.855865
2,brits,single,10,GR,0.982848,2.590896
2,brits,single,10,NPHI,0.992386,0.006501
2,brits,single,10,RHOB,0.974314,0.017773
2,brits,single,10,all,0.996219,0.446442
2,brits,single,11,GR,0.899942,0.681374
2,brits,single,11,NPHI,0.998733,0.001721
2,brits,single,11,RHOB,0.999483,0.001818
2,brits,single,11,all,0.994987,0.059359
2,brits,single,12,GR,0.996412,0.909091
2,brits,single,12,NPHI,0.998001,0.002749
2,brits,single,12,RHOB,0.998463,0.004252
2,brits,single,12,all,0.999025,0.238656
2,brits,single,13,GR,0.997376,1.171499
2,brits,single,13,NPHI,0.997448,0.003469
2,brits,single,13,RHOB,0.993536,0.005295
2,brits,single,13,all,0.999497,0.309176
2,brits,single,14,GR,0.939576,0.546994
2,brits,single,14,NPHI,0.999144,0.001151
2,brits,single,14,RHOB,0.997135,0.002773
2,brits,single,14,all,0.998405,0.044404
2,brits,single,15,GR,0.995981,0.804093
2,brits,single,15,NPHI,0.998235,0.002450
2,brits,single,15,RHOB,0.987897,0.005929
2,brits,single,15,all,0.998658,0.153672
2,brits,single,16,GR,,
2,brits,single,16,NPHI,0.123849,0.005265
2,brits,single,16,RHOB,,
2,brits,single,16,all,0.123849,0.005265
2,brits,single,17,GR,0.992808,2.272881
2,brits,single,17,NPHI,0.987992,0.006092
2,brits,single,17,RHOB,0.987824,0.006413
2,brits,single,17,all,0.996906,0.770122
2,brits,single,18,GR,0.981781,3.034909
2,brits,single,18,NPHI,0.996542,0.003898
2,brits,single,18,RHOB,0.984403,0.008958
2,brits,single,18,all,0.997407,0.619933
2,gnn,blackout,0,GR,0.228910,27.466740
2,gnn,blackout,0,NPHI,0.074252,0.064753
2,gnn,blackout,0,RHOB,0.096161,0.097671
2,gnn,blackout,0,all,0.647857,10.038193
2,gnn,blackout,1,GR,-0.055635,21.148793
2,gnn,blackout,1,NPHI,-0.554605,0.078442
2,gnn,blackout,1,RHOB,-0.542243,0.086826
2,gnn,blackout,1,all,0.892270,8.751893
2,gnn,blackout,2,GR,-2.403657,23.940822
2,gnn,blackout,2,NPHI,-0.371579,0.074991
2,gnn,blackout,2,RHOB,0.100263,0.125298
2,gnn,blackout,2,all,0.841635,7.943758
2,gnn,blackout,3,GR,-1.373059,28.203808
2,gnn,blackout,3,NPHI,-0.480630,0.092631
2,gnn,blackout,3,RHOB,-0.475671,0.133325
2,gnn,blackout,3,all,0.186270,10.283108
2,gnn,blackout,4,GR,-0.454434,31.493773
2,gnn,blackout,4,NPHI,-0.185451,0.092305
2,gnn,blackout,4,RHOB,0.095724,0.116612
2,gnn,blackout,4,all,0.633122,11.566405
2,gnn,blackout,5,GR,-0.114282,20.730389
2,gnn,blackout,5,NPHI,-0.008992,0.077947
2,gnn,blackout,5,RHOB,0.045404,0.121488
2,gnn,blackout,5,all,0.631847,7.356722
2,gnn,blackout,6,GR,-4.480741,12.608779
2,gnn,blackout,6,NPHI,-7.313521,0.115413
2,gnn,blackout,6,RHOB,-1.348933,0.083954
2,gnn,blackout,6,all,0.820322,4.163467
2,gnn,blackout,7,GR,-56.987817,66.323362
2,gnn,blackout,7,NPHI,-1.847551,0.085217
2,gnn,blackout,7,RHOB,-0.212554,0.085545
2,gnn,blackout,7,all,-20.344718,23.048321
2,gnn,blackout,8,GR,-0.297374,39.978493
2,gnn,blackout,8,NPHI,-1.234812,0.065964
2,gnn,blackout,8,RHOB,-0.203718,0.122795
2,gnn,blackout,8,all,0.716841,13.088262
2,gnn,blackout,9,GR,0.273891,34.518123
2,gnn,blackout,9,NPHI,0.324040,0.070403
2,gnn,blackout,9,RHOB,0.391124,0.082029
2,gnn,blackout,9,all,0.724773,12.143341
2,gnn,blackout,10,GR,0.112544,27.761328
2,gnn,blackout,10,NPHI,0.246074,0.060933
2,gnn,blackout,10,RHOB,0.348372,0.078997
2,gnn,blackout,10,all,0.691431,8.904745
2,gnn,blackout,11,GR,-5.392231,18.725558
2,gnn,blackout,11,NPHI,-0.210952,0.061073
2,gnn,blackout,11,RHOB,-0.073591,0.087531
2,gnn,blackout,11,all,-1.405731,6.138277
2,gnn,blackout,12,GR,-0.635169,22.036001
2,gnn,blackout,12,NPHI,-0.752934,0.111206
2,gnn,blackout,12,RHOB,-0.498229,0.155897
2,gnn,blackout,12,all,0.541359,8.062179
2,gnn,blackout,13,GR,-0.815594,37.323382
2,gnn,blackout,13,NPHI,-0.069313,0.081734
2,gnn,blackout,13,RHOB,-0.244422,0.088258
2,gnn,blackout,13,all,0.593069,13.672848
2,gnn,blackout,14,GR,-11.241597,28.018431
2,gnn,blackout,14,NPHI,-2.099002,0.083038
2,gnn,blackout,14,RHOB,-0.081248,0.081398
2,gnn,blackout,14,all,-1.592876,9.185503
2,gnn,blackout,15,GR,0.071876,18.579222
2,gnn,blackout,15,NPHI,0.344313,0.060790
2,gnn,blackout,15,RHOB,-0.066119,0.076319
2,gnn,blackout,15,all,0.665909,5.933435
2,gnn,blackout,16,GR,-495.582080,72.973577
2,gnn,blackout,16,NPHI,-6.690621,0.072229
2,gnn,blackout,16,RHOB,-0.001795,0.038613
2,gnn,blackout,16,all,-55.379535,24.361473
2,gnn,blackout,17,GR,0.372148,22.515722
2,gnn,blackout,17,NPHI,-0.696742,0.091462
2,gnn,blackout,17,RHOB,-0.321320,0.097119
2,gnn,blackout,17,all,0.716351,7.771055
2,gnn,blackout,18,GR,-0.139732,27.681834
2,gnn,blackout,18,NPHI,-0.076657,0.068482
2,gnn,blackout,18,RHOB,-0.352543,0.100185
2,gnn,blackout,18,all,0.835671,9.656660
2,gnn,block,0,GR,0.630115,14.589910
2,gnn,block,0,NPHI,-0.333153,0.070734
2,gnn,block,0,RHOB,0.306920,0.082708
2,gnn,block,0,all,0.801200,5.112642
2,gnn,block,1,GR,-0.390099,23.135203
2,gnn,block,1,NPHI,,
2,gnn,block,1,RHOB,-98.356532,0.125822
2,gnn,block,1,all,0.681275,19.300306
2,gnn,block,2,GR,-3.673689,22.971126
2,gnn,block,2,NPHI,0.542594,0.038709
2,gnn,block,2,RHOB,0.287540,0.130152
2,gnn,block,2,all,0.813950,7.168476
2,gnn,block,3,GR,-1.521328,31.936044
2,gnn,block,3,NPHI,0.663168,0.046297
2,gnn,block,3,RHOB,0.608467,0.065361
2,gnn,block,3,all,0.107203,10.231278
2,gnn,block,4,GR,0.173903,24.083547
2,gnn,block,4,NPHI,0.425669,0.064916
2,gnn,block,4,RHOB,0.240868,0.094330
2,gnn,block,4,all,0.759602,6.872239
2,gnn,block,5,GR,-0.306350,21.895829
2,gnn,block,5,NPHI,0.737578,0.040196
2,gnn,block,5,RHOB,0.612061,0.072766
2,gnn,block,5,all,0.565949,6.347212
2,gnn,block,6,GR,-34.660004,22.233262
2,gnn,block,6,NPHI,-57.077911,0.063362
2,gnn,block,6,RHOB,0.352986,0.034115
2,gnn,block,6,all,0.383674,10.822407
2,gnn,block,7,GR,-19.615199,55.389146
2,gnn,block,7,NPHI,-7.269112,0.034431
2,gnn,block,7,RHOB,0.389290,0.043946
2,gnn,block,7,all,-15.138752,31.405592
2,gnn,block,8,GR,-0.019243,30.087834
2,gnn,block,8,NPHI,-2.971896,0.062885
2,gnn,block,8,RHOB,-0.174127,0.076645
2,gnn,block,8,all,0.664319,12.516281
2,gnn,block,9,GR,0.822223,14.228725
2,gnn,block,9,NPHI,0.761924,0.029553
2,gnn,block,9,RHOB,0.228560,0.072168
2,gnn,block,9,all,0.918491,4.518603
2,gnn,block,10,GR,0.075557,31.002625
2,gnn,block,10,NPHI,0.175201,0.062269
2,gnn,block,10,RHOB,0.535359,0.038343
2,gnn,block,10,all,0.628364,8.243215
2,gnn,block,11,GR,-0.239650,6.789924
2,gnn,block,11,NPHI,-1.182709,0.068579
2,gnn,block,11,RHOB,0.860663,0.028693
2,gnn,block,11,all,0.591936,2.914182
2,gnn,block,12,GR,-1.497108,28.278562
2,gnn,block,12,NPHI,-0.103313,0.067114
2,gnn,block,12,RHOB,0.568392,0.077178
2,gnn,block,12,all,0.184657,8.820374
2,gnn,block,13,GR,-0.192194,34.040687
2,gnn,block,13,NPHI,0.573378,0.059314
2,gnn,block,13,RHOB,0.226656,0.072088
2,gnn,block,13,all,0.695686,8.679887
2,gnn,block,14,GR,-15.542539,23.144339
2,gnn,block,14,NPHI,0.712652,0.025937
2,gnn,block,14,RHOB,0.729655,0.035271
2,gnn,block,14,all,-2.681407,9.614348
2,gnn,block,15,GR,-0.024612,9.582035
2,gnn,block,15,NPHI,0.804027,0.036352
2,gnn,block,15,RHOB,0.533074,0.044303
2,gnn,block,15,all,0.939022,2.109949
2,gnn,block,16,GR,-240.474229,42.958723
2,gnn,block,16,NPHI,,
2,gnn,block,16,RHOB,,
2,gnn,block,16,all,-240.474229,42.958723
2,gnn,block,17,GR,0.501160,19.841078
2,gnn,block,17,NPHI,0.205680,0.054973
2,gnn,block,17,RHOB,0.030473,0.065822
2,gnn,block,17,all,0.823213,5.539953
2,gnn,block,18,GR,-0.630047,35.338181
2,gnn,block,18,NPHI,-0.298734,0.068915
2,gnn,block,18,RHOB,-1.294091,0.110127
2,gnn,block,18,all,0.579954,12.841667
2,gnn,profile,0,GR,0.395254,21.853328
2,gnn,profile,0,NPHI,-0.113110,0.058851
2,gnn,profile,0,RHOB,0.118018,0.101168
2,gnn,profile,0,all,0.741050,6.478948
2,gnn,profile,1,GR,,
2,gnn,profile,1,NPHI,-2.140831,0.098404
2,gnn,profile,1,RHOB,-0.681093,0.091621
2,gnn,profile,1,all,0.990648,0.095012
2,gnn,profile,2,GR,-1.734063,24.034506
2,gnn,profile,2,NPHI,0.255603,0.061002
2,gnn,profile,2,RHOB,0.042433,0.114171
2,gnn,profile,2,all,0.850581,6.381012
2,gnn,profile,3,GR,-1.999882,30.541463
2,gnn,profile,3,NPHI,0.729142,0.040368
2,gnn,profile,3,RHOB,0.666024,0.059363
2,gnn,profile,3,all,-0.049721,9.465411
2,gnn,profile,4,GR,0.373314,19.116529
2,gnn,profile,4,NPHI,0.327226,0.054904
2,gnn,profile,4,RHOB,0.205524,0.117743
2,gnn,profile,4,all,0.826791,5.180895
2,gnn,profile,5,GR,-0.081462,17.667766
2,gnn,profile,5,NPHI,0.581823,0.050834
2,gnn,profile,5,RHOB,0.530920,0.081119
2,gnn,profile,5,all,0.657441,5.894684
2,gnn,profile,6,GR,-28.875898,23.480557
2,gnn,profile,6,NPHI,-2.237507,0.070263
2,gnn,profile,6,RHOB,0.246952,0.038819
2,gnn,profile,6,all,0.574643,4.318104
2,gnn,profile,7,GR,-140.871469,61.969700
2,gnn,profile,7,NPHI,0.673914,0.028491
2,gnn,profile,7,RHOB,0.633762,0.041799
2,gnn,profile,7,all,-41.172044,12.420725
2,gnn,profile,8,GR,0.126029,24.651581
2,gnn,profile,8,NPHI,-1.405297,0.069317
2,gnn,profile,8,RHOB,-0.068933,0.104323
2,gnn,profile,8,all,0.850360,3.861975
2,gnn,profile,9,GR,0.636117,25.348732
2,gnn,profile,9,NPHI,0.595338,0.047741
2,gnn,profile,9,RHOB,0.097247,0.060849
2,gnn,profile,9,all,0.844736,7.078707
2,gnn,profile,10,GR,0.134237,20.012396
2,gnn,profile,10,NPHI,0.714928,0.038939
2,gnn,profile,10,RHOB,0.416064,0.067500
2,gnn,profile,10,all,0.724877,4.208406
2,gnn,profile,11,GR,-0.321391,7.309053
2,gnn,profile,11,NPHI,0.108703,0.052125
2,gnn,profile,11,RHOB,0.819217,0.031623
2,gnn,profile,11,all,0.664685,1.256487
2,gnn,profile,12,GR,-1.207292,24.780305
2,gnn,profile,12,NPHI,0.657257,0.049817
2,gnn,profile,12,RHOB,0.609314,0.070710
2,gnn,profile,12,all,0.381014,6.452477
2,gnn,profile,13,GR,0.362730,21.599396
2,gnn,profile,13,NPHI,-0.422661,0.083674
2,gnn,profile,13,RHOB,-0.093043,0.083548
2,gnn,profile,13,all,0.871771,5.247405
2,gnn,profile,14,GR,-6.205111,16.579239
2,gnn,profile,14,NPHI,0.612202,0.026347
2,gnn,profile,14,RHOB,0.577427,0.042870
2,gnn,profile,14,all,-0.039995,2.578030
2,gnn,profile,15,GR,0.379266,11.705119
2,gnn,profile,15,NPHI,0.682700,0.042959
2,gnn,profile,15,RHOB,0.545958,0.052752
2,gnn,profile,15,all,0.795977,3.500953
2,gnn,profile,16,GR,,
2,gnn,profile,16,NPHI,-7.557506,0.077391
2,gnn,profile,16,RHOB,,
2,gnn,profile,16,all,-7.557506,0.077391
2,gnn,profile,17,GR,0.412092,21.472719
2,gnn,profile,17,NPHI,0.106513,0.065423
2,gnn,profile,17,RHOB,0.245715,0.069693
2,gnn,profile,17,all,0.755713,8.015493
2,gnn,profile,18,GR,-0.169521,30.353179
2,gnn,profile,18,NPHI,0.278247,0.064176
2,gnn,profile,18,RHOB,-0.931425,0.136546
2,gnn,profile,18,all,0.793760,8.160542
2,gnn,single,0,GR,-0.009407,24.473673
2,gnn,single,0,NPHI,0.279569,0.055815
2,gnn,single,0,RHOB,0.115321,0.105421
2,gnn,single,0,all,0.675808,5.886717
2,gnn,single,1,GR,,
2,gnn,single,1,NPHI,-3.960348,0.101216
2,gnn,single,1,RHOB,,
2,gnn,single,1,all,-3.960348,0.101216
2,gnn,single,2,GR,-0.948199,24.827605
2,gnn,single,2,NPHI,-0.309518,0.063816
2,gnn,single,2,RHOB,0.318205,0.097976
2,gnn,single,2,all,0.865041,5.346880
2,gnn,single,3,GR,-2.442682,30.992296
2,gnn,single,3,NPHI,0.715833,0.038294
2,gnn,single,3,RHOB,0.719887,0.057286
2,gnn,single,3,all,-0.023817,8.720507
2,gnn,single,4,GR,0.031962,23.812468
2,gnn,single,4,NPHI,0.461871,0.054002
2,gnn,single,4,RHOB,0.118749,0.073298
2,gnn,single,4,all,0.783041,6.449263
2,gnn,single,5,GR,-0.040320,19.836788
2,gnn,single,5,NPHI,0.651501,0.045619
2,gnn,single,5,RHOB,0.616253,0.069161
2,gnn,single,5,all,0.679690,5.931887
2,gnn,single,6,GR,-27.272389,16.460396
2,gnn,single,6,NPHI,-7.688693,0.077833
2,gnn,single,6,RHOB,-0.184476,0.067042
2,gnn,single,6,all,0.799286,1.590940
2,gnn,single,7,GR,-41.322271,55.502618
2,gnn,single,7,NPHI,0.745512,0.022227
2,gnn,single,7,RHOB,-0.020142,0.062115
2,gnn,single,7,all,-16.653190,5.694888
2,gnn,single,8,GR,-0.642160,20.971702
2,gnn,single,8,NPHI,-0.833771,0.056775
2,gnn,single,8,RHOB,0.013074,0.091994
2,gnn,single,8,all,0.806498,1.703961
2,gnn,single,9,GR,0.556657,29.520961
2,gnn,single,9,NPHI,0.765324,0.040663
2,gnn,single,9,RHOB,0.422181,0.070338
2,gnn,single,9,all,0.863429,6.676786
2,gnn,single,10,GR,0.430137,13.712954
2,gnn,single,10,NPHI,0.753854,0.037858
2,gnn,single,10,RHOB,0.367571,0.093029
2,gnn,single,10,all,0.874394,2.363547
2,gnn,single,11,GR,-8.722690,6.604047
2,gnn,single,11,NPHI,0.123610,0.047606
2,gnn,single,11,RHOB,0.690100,0.052629
2,gnn,single,11,all,0.512544,0.605280
2,gnn,single,12,GR,-1.055978,23.283951
2,gnn,single,12,NPHI,0.350172,0.057230
2,gnn,single,12,RHOB,0.704284,0.060284
2,gnn,single,12,all,0.441182,6.086341
2,gnn,single,13,GR,-0.313362,28.833943
2,gnn,single,13,NPHI,0.506725,0.061002
2,gnn,single,13,RHOB,0.068048,0.077436
2,gnn,single,13,all,0.748435,7.579205
2,gnn,single,14,GR,-63.946441,18.002009
2,gnn,single,14,NPHI,0.684241,0.026501
2,gnn,single,14,RHOB,0.435854,0.047776
2,gnn,single,14,all,-0.713742,1.438816
2,gnn,single,15,GR,0.282587,15.379681
2,gnn,single,15,NPHI,0.681292,0.039915
2,gnn,single,15,RHOB,0.447837,0.064644
2,gnn,single,15,all,0.760410,2.913623
2,gnn,single,16,GR,,
2,gnn,single,16,NPHI,-159.698376,0.075726
2,gnn,single,16,RHOB,,
2,gnn,single,16,all,-159.698376,0.075726
2,gnn,single,17,GR,0.499593,20.888152
2,gnn,single,17,NPHI,0.359663,0.054558
2,gnn,single,17,RHOB,0.322003,0.068100
2,gnn,single,17,all,0.784734,7.080451
2,gnn,single,18,GR,-0.087018,30.111789
2,gnn,single,18,NPHI,0.332390,0.056316
2,gnn,single,18,RHOB,-2.090518,0.138286
2,gnn,single,18,all,0.845290,6.175226
2,locf,blackout,0,GR,0.242607,24.217107
2,locf,blackout,0,NPHI,-0.714218,0.081140
2,locf,blackout,0,RHOB,-0.798086,0.128026
2,locf,blackout,0,all,0.654108,8.871239
2,locf,blackout,1,GR,-1.633160,34.508048
2,locf,blackout,1,NPHI,-2.121791,0.096518
2,locf,blackout,1,RHOB,-0.422879,0.087730
2,locf,blackout,1,all,0.731283,14.257788
2,locf,blackout,2,GR,-0.457124,14.017458
2,locf,blackout,2,NPHI,-0.636776,0.073107
2,locf,blackout,2,RHOB,-0.074479,0.116416
2,locf,blackout,2,all,0.932198,4.675129
2,locf,blackout,3,GR,-0.169159,17.396050
2,locf,blackout,3,NPHI,0.316317,0.061454
2,locf,blackout,3,RHOB,0.214511,0.098611
2,locf,blackout,3,all,0.599091,6.348840
2,locf,blackout,4,GR,0.278422,20.088722
2,locf,blackout,4,NPHI,0.094212,0.072633
2,locf,blackout,4,RHOB,-0.177766,0.112411
2,locf,blackout,4,all,0.817977,7.393451
2,locf,blackout,5,GR,0.421086,12.407064
2,locf,blackout,5,NPHI,0.114093,0.063705
2,locf,blackout,5,RHOB,0.378906,0.088237
2,locf,blackout,5,all,0.808726,4.413542
2,locf,blackout,6,GR,-0.622446,6.653100
2,locf,blackout,6,NPHI,-1.359938,0.044282
2,locf,blackout,6,RHOB,-1.697011,0.079505
2,locf,blackout,6,all,0.946806,2.200393
2,locf,blackout,7,GR,-0.998953,9.778823
2,locf,blackout,7,NPHI,-0.460754,0.049429
2,locf,blackout,7,RHOB,0.325604,0.059069
2,locf,blackout,7,all,0.264167,3.424954
2,locf,blackout,8,GR,-0.112675,33.153719
2,locf,blackout,8,NPHI,-0.558601,0.049912
2,locf,blackout,8,RHOB,0.328358,0.064470
2,locf,blackout,8,all,0.757154,10.841251
2,locf,blackout,9,GR,0.432200,27.839872
2,locf,blackout,9,NPHI,0.362072,0.062204
2,locf,blackout,9,RHOB,0.155117,0.081518
2,locf,blackout,9,all,0.784778,9.800543
2,locf,blackout,10,GR,-0.049924,26.489715
2,locf,blackout,10,NPHI,-0.503616,0.078594
2,locf,blackout,10,RHOB,-0.005920,0.095128
2,locf,blackout,10,all,0.634938,8.510544
2,locf,blackout,11,GR,-1.007162,8.385866
2,locf,blackout,11,NPHI,-0.946502,0.075407
2,locf,blackout,11,RHOB,-1.076117,0.112421
2,locf,blackout,11,all,0.244472,2.788555
2,locf,blackout,12,GR,-0.112295,16.303479
2,locf,blackout,12,NPHI,0.356106,0.063770
2,locf,blackout,12,RHOB,0.234120,0.110634
2,locf,blackout,12,all,0.688024,5.956955
2,locf,blackout,13,GR,0.219521,22.280296
2,locf,blackout,13,NPHI,-0.003687,0.070239
2,locf,blackout,13,RHOB,-0.169554,0.065244
2,locf,blackout,13,all,0.825069,8.173115
2,locf,blackout,14,GR,-1.487627,10.193316
2,locf,blackout,14,NPHI,-0.007329,0.038267
2,locf,blackout,14,RHOB,-0.506230,0.074838
2,locf,blackout,14,all,0.473071,3.357993
2,locf,blackout,15,GR,0.546582,10.123416
2,locf,blackout,15,NPHI,0.468709,0.050788
2,locf,blackout,15,RHOB,0.135665,0.065326
2,locf,blackout,15,all,0.836782,3.247127
2,locf,blackout,16,GR,-6.153364,8.217015
2,locf,blackout,16,NPHI,-4.087195,0.057235
2,locf,blackout,16,RHOB,-4.024313,0.102148
2,locf,blackout,16,all,0.187668,2.792132
2,locf,blackout,17,GR,0.583561,15.495102
2,locf,blackout,17,NPHI,0.435649,0.043073
2,locf,blackout,17,RHOB,0.694641,0.037701
2,locf,blackout,17,all,0.811866,5.331827
2,locf,blackout,18,GR,-0.242608,26.115299
2,locf,blackout,18,NPHI,0.255749,0.055639
2,locf,blackout,18,RHOB,-0.464271,0.096111
2,locf,blackout,18,all,0.820839,9.107248
2,locf,block,0,GR,0.876586,8.398604
2,locf,block,0,NPHI,0.069837,0.058521
2,locf,block,0,RHOB,0.475627,0.061194
2,locf,block,0,all,0.933666,2.953056
2,locf,block,1,GR,-0.069293,18.650120
2,locf,block,1,NPHI,,
2,locf,block,1,RHOB,-8.818089,0.038076
2,locf,block,1,all,0.754831,15.548112
2,locf,block,2,GR,-0.160730,11.284528
2,locf,block,2,NPHI,0.384787,0.050625
2,locf,block,2,RHOB,0.086083,0.119460
2,locf,block,2,all,0.953782,3.554211
2,locf,block,3,GR,0.593790,10.212948
2,locf,block,3,NPHI,0.004615,0.075595
2,locf,block,3,RHOB,0.063823,0.100965
2,locf,block,3,all,0.856143,3.320772
2,locf,block,4,GR,0.691815,15.099314
2,locf,block,4,NPHI,0.544034,0.053111
2,locf,block,4,RHOB,0.339709,0.089325
2,locf,block,4,all,0.910312,4.325089
2,locf,block,5,GR,0.430603,10.903532
2,locf,block,5,NPHI,0.268333,0.058963
2,locf,block,5,RHOB,0.670033,0.064632
2,locf,block,5,all,0.810803,3.184787
2,locf,block,6,GR,-0.368444,3.326165
2,locf,block,6,NPHI,-248.248668,0.124994
2,locf,block,6,RHOB,0.634936,0.026980
2,locf,block,6,all,0.976339,1.649044
2,locf,block,7,GR,-4.620668,17.544666
2,locf,block,7,NPHI,-0.191685,0.011096
2,locf,block,7,RHOB,-0.728993,0.067603
2,locf,block,7,all,-3.400201,9.967505
2,locf,block,8,GR,0.513561,23.315758
2,locf,block,8,NPHI,0.038439,0.028425
2,locf,block,8,RHOB,-0.058007,0.066937
2,locf,block,8,all,0.839794,9.695420
2,locf,block,9,GR,0.608653,19.532888
2,locf,block,9,NPHI,0.315638,0.059576
2,locf,block,9,RHOB,-0.048391,0.076637
2,locf,block,9,all,0.820574,6.197646
2,locf,block,10,GR,-0.959809,37.673652
2,locf,block,10,NPHI,0.367247,0.045269
2,locf,block,10,RHOB,0.342641,0.040866
2,locf,block,10,all,0.212140,10.004040
2,locf,block,11,GR,0.353365,3.674510
2,locf,block,11,NPHI,-0.133822,0.033481
2,locf,block,11,RHOB,-0.907219,0.107484
2,locf,block,11,all,0.787076,1.601269
2,locf,block,12,GR,0.388436,13.309616
2,locf,block,12,NPHI,-0.700058,0.073853
2,locf,block,12,RHOB,0.426345,0.091213
2,locf,block,12,all,0.800300,4.185757
2,locf,block,13,GR,0.918783,8.561304
2,locf,block,13,NPHI,0.743811,0.041509
2,locf,block,13,RHOB,0.292800,0.073593
2,locf,block,13,all,0.979265,2.215466
2,locf,block,14,GR,0.477220,3.471544
2,locf,block,14,NPHI,-0.885750,0.060736
2,locf,block,14,RHOB,0.868142,0.024052
2,locf,block,14,all,0.883631,1.464237
2,locf,block,15,GR,0.226717,7.268686
2,locf,block,15,NPHI,0.708666,0.048034
2,locf,block,15,RHOB,0.254951,0.047666
2,locf,block,15,all,0.953975,1.613799
2,locf,block,16,GR,-5.490649,6.575945
2,locf,block,16,NPHI,,
2,locf,block,16,RHOB,,
2,locf,block,16,all,-5.490649,6.575945
2,locf,block,17,GR,0.601665,15.390028
2,locf,block,17,NPHI,0.506225,0.040114
2,locf,block,17,RHOB,0.562670,0.035204
2,locf,block,17,all,0.858833,4.290534
2,locf,block,18,GR,0.223384,23.403378
2,locf,block,18,NPHI,-0.424725,0.064676
2,locf,block,18,RHOB,-0.205030,0.076390
2,locf,block,18,all,0.799874,8.510820
2,locf,profile,0,GR,-0.000000,31.969158
2,locf,profile,0,NPHI,-0.231533,0.074996
2,locf,profile,0,RHOB,-0.009160,0.115620
2,locf,profile,0,all,0.571807,9.465190
2,locf,profile,1,GR,,
2,locf,profile,1,NPHI,-0.393951,0.067140
2,locf,profile,1,RHOB,-0.050711,0.081782
2,locf,profile,1,all,0.994926,0.074461
2,locf,profile,2,GR,-4.465044,39.115572
2,locf,profile,2,NPHI,-0.119850,0.073947
2,locf,profile,2,RHOB,-0.192174,0.129689
2,locf,profile,2,all,0.701333,10.359794
2,locf,profile,3,GR,-0.695824,24.184083
2,locf,profile,3,NPHI,-0.192846,0.089461
2,locf,profile,3,RHOB,-0.834873,0.144414
2,locf,profile,3,all,0.406563,7.546610
2,locf,profile,4,GR,-0.283009,35.037896
2,locf,profile,4,NPHI,-0.101186,0.072922
2,locf,profile,4,RHOB,-0.032103,0.146409
2,locf,profile,4,all,0.645398,9.462161
2,locf,profile,5,GR,-0.357819,22.346371
2,locf,profile,5,NPHI,-0.318313,0.095410
2,locf,profile,5,RHOB,-0.487893,0.147684
2,locf,profile,5,all,0.569885,7.481279
2,locf,profile,6,GR,-4.016506,9.673370
2,locf,profile,6,NPHI,-9.588840,0.129258
2,locf,profile,6,RHOB,-4.641105,0.136625
2,locf,profile,6,all,0.928521,1.866560
2,locf,profile,7,GR,-65.239499,42.820826
2,locf,profile,7,NPHI,-2.861957,0.114984
2,locf,profile,7,RHOB,-1.479835,0.120150
2,locf,profile,7,all,-18.690712,8.657702
2,locf,profile,8,GR,-0.747639,32.338859
2,locf,profile,8,NPHI,-0.115819,0.043333
2,locf,profile,8,RHOB,-1.119155,0.177016
2,locf,profile,8,all,0.700777,5.053009
2,locf,profile,9,GR,-0.239827,50.409676
2,locf,profile,9,NPHI,-0.001136,0.083933
2,locf,profile,9,RHOB,-3.553591,0.140765
2,locf,profile,9,all,0.470983,14.075935
2,locf,profile,10,GR,-0.011915,25.490411
2,locf,profile,10,NPHI,-0.033741,0.073653
2,locf,profile,10,RHOB,-0.024663,0.096402
2,locf,profile,10,all,0.678423,5.375446
2,locf,profile,11,GR,-21.735420,37.112848
2,locf,profile,11,NPHI,-1.130651,0.074331
2,locf,profile,11,RHOB,-0.000011,0.079421
2,locf,profile,11,all,-4.768426,6.248690
2,locf,profile,12,GR,-0.527515,22.162717
2,locf,profile,12,NPHI,-0.677764,0.111849
2,locf,profile,12,RHOB,-0.826332,0.161202
2,locf,profile,12,all,0.571592,5.830827
2,locf,profile,13,GR,-0.453541,30.799914
2,locf,profile,13,NPHI,-0.310939,0.092625
2,locf,profile,13,RHOB,-0.723532,0.121010
2,locf,profile,13,all,0.707534,7.472025
2,locf,profile,14,GR,-23.620552,33.501408
2,locf,profile,14,NPHI,-2.441536,0.087111
2,locf,profile,14,RHOB,-2.109323,0.141921
2,locf,profile,14,all,-2.553907,5.244637
2,locf,profile,15,GR,-0.948693,23.925720
2,locf,profile,15,NPHI,-0.003014,0.085627
2,locf,profile,15,RHOB,-0.284826,0.091011
2,locf,profile,15,all,0.359503,7.150754
2,locf,profile,16,GR,,
2,locf,profile,16,NPHI,-13.264271,0.098407
2,locf,profile,16,RHOB,,
2,locf,profile,16,all,-13.264271,0.098407
2,locf,profile,17,GR,-0.008022,31.017551
2,locf,profile,17,NPHI,-0.180414,0.080581
2,locf,profile,17,RHOB,-0.602883,0.097515
2,locf,profile,17,all,0.581147,11.573156
2,locf,profile,18,GR,-1.128494,40.583091
2,locf,profile,18,NPHI,-0.064039,0.075520
2,locf,profile,18,RHOB,-0.138354,0.106089
2,locf,profile,18,all,0.624655,10.885690
2,locf,single,0,GR,0.934701,5.885962
2,locf,single,0,NPHI,0.944332,0.015789
2,locf,single,0,RHOB,0.854698,0.034476
2,locf,single,0,all,0.979027,1.419901
2,locf,single,1,GR,,
2,locf,single,1,NPHI,0.848724,0.012470
2,locf,single,1,RHOB,,
2,locf,single,1,all,0.848724,0.012470
2,locf,single,2,GR,0.937939,3.348520
2,locf,single,2,NPHI,0.947930,0.009764
2,locf,single,2,RHOB,0.941331,0.022720
2,locf,single,2,all,0.995701,0.725513
2,locf,single,3,GR,0.935620,2.683932
2,locf,single,3,NPHI,0.977826,0.009794
2,locf,single,3,RHOB,0.972209,0.016034
2,locf,single,3,all,0.980853,0.761742
2,locf,single,4,GR,0.959260,3.029866
2,locf,single,4,NPHI,0.961049,0.013354
2,locf,single,4,RHOB,0.936092,0.013454
2,locf,single,4,all,0.990869,0.824289
2,locf,single,5,GR,0.980804,1.367251
2,locf,single,5,NPHI,0.962151,0.009673
2,locf,single,5,RHOB,0.982291,0.011377
2,locf,single,5,all,0.994089,0.413478
2,locf,single,6,GR,0.966147,0.402609
2,locf,single,6,NPHI,0.801371,0.006336
2,locf,single,6,RHOB,0.988941,0.005581
2,locf,single,6,all,0.999759,0.042762
2,locf,single,7,GR,0.988631,0.650810
2,locf,single,7,NPHI,0.985227,0.004854
2,locf,single,7,RHOB,0.952810,0.010776
2,locf,single,7,all,0.995254,0.072460
2,locf,single,8,GR,0.992622,1.247721
2,locf,single,8,NPHI,0.955591,0.007825
2,locf,single,8,RHOB,0.959583,0.015063
2,locf,single,8,all,0.999130,0.107406
2,locf,single,9,GR,0.944666,6.685390
2,locf,single,9,NPHI,0.988994,0.007634
2,locf,single,9,RHOB,0.970742,0.014718
2,locf,single,9,all,0.982955,1.510960
2,locf,single,10,GR,0.954659,3.702415
2,locf,single,10,NPHI,0.917521,0.011785
2,locf,single,10,RHOB,0.822873,0.039485
2,locf,single,10,all,0.990001,0.645792
2,locf,single,11,GR,0.928845,0.387595
2,locf,single,11,NPHI,0.988458,0.004273
2,locf,single,11,RHOB,0.991582,0.007152
2,locf,single,11,all,0.996428,0.037929
2,locf,single,12,GR,0.967331,2.108724
2,locf,single,12,NPHI,0.968786,0.011081
2,locf,single,12,RHOB,0.984121,0.013682
2,locf,single,12,all,0.991120,0.556658
2,locf,single,13,GR,0.996129,1.564452
2,locf,single,13,NPHI,0.989769,0.007484
2,locf,single,13,RHOB,0.980617,0.010169
2,locf,single,13,all,0.999258,0.415097
2,locf,single,14,GR,0.643892,0.907823
2,locf,single,14,NPHI,0.988116,0.004242
2,locf,single,14,RHOB,0.959784,0.009726
2,locf,single,14,all,0.990598,0.076891
2,locf,single,15,GR,0.987448,1.558702
2,locf,single,15,NPHI,0.971108,0.010262
2,locf,single,15,RHOB,0.952908,0.012836
2,locf,single,15,all,0.995807,0.300379
2,locf,single,16,GR,,
2,locf,single,16,NPHI,-0.053421,0.005740
2,locf,single,16,RHOB,,
2,locf,single,16,all,-0.053421,0.005740
2,locf,single,17,GR,0.976181,3.587167
2,locf,single,17,NPHI,0.972212,0.008611
2,locf,single,17,RHOB,0.984508,0.006857
2,locf,single,17,all,0.989754,1.213956
2,locf,single,18,GR,0.954126,4.130462
2,locf,single,18,NPHI,0.969889,0.010711
2,locf,single,18,RHOB,0.846418,0.024963
2,locf,single,18,all,0.993471,0.850418
2,mean,blackout,0,GR,-0.010431,34.630376
2,mean,blackout,0,NPHI,-0.126752,0.071376
2,mean,blackout,0,RHOB,-0.070005,0.108881
2,mean,blackout,0,all,0.538556,12.648532
2,mean,blackout,1,GR,-3.243831,44.580095
2,mean,blackout,1,NPHI,-0.363669,0.075302
2,mean,blackout,1,RHOB,-0.023499,0.082484
2,mean,blackout,1,all,0.566915,18.393501
2,mean,blackout,2,GR,-5.737339,38.299094
2,mean,blackout,2,NPHI,-0.229175,0.067457
2,mean,blackout,2,RHOB,-0.000021,0.134383
2,mean,blackout,2,all,0.686533,12.668382
2,mean,blackout,3,GR,-0.372264,22.756650
2,mean,blackout,3,NPHI,-0.334985,0.091929
2,mean,blackout,3,RHOB,-0.752490,0.148982
2,mean,blackout,3,all,0.529433,8.315039
2,mean,blackout,4,GR,-0.415913,32.523327
2,mean,blackout,4,NPHI,-0.007416,0.086840
2,mean,blackout,4,RHOB,-0.047225,0.136508
2,mean,blackout,4,all,0.642838,11.946152
2,mean,blackout,5,GR,-0.211251,22.465015
2,mean,blackout,5,NPHI,-0.239329,0.093296
2,mean,blackout,5,RHOB,-0.380400,0.145208
2,mean,blackout,5,all,0.599804,7.979521
2,mean,blackout,6,GR,-0.801152,8.065386
2,mean,blackout,6,NPHI,-10.389578,0.135250
2,mean,blackout,6,RHOB,-3.652964,0.125582
2,mean,blackout,6,all,0.940930,2.707672
2,mean,blackout,7,GR,-16.795633,36.963810
2,mean,blackout,7,NPHI,-4.393243,0.119035
2,mean,blackout,7,RHOB,-1.005759,0.112527
2,mean,blackout,7,all,-5.550506,12.890390
2,mean,blackout,8,GR,-1.473331,56.771727
2,mean,blackout,8,NPHI,-0.075811,0.045961
2,mean,blackout,8,RHOB,-0.720526,0.174536
2,mean,blackout,8,all,0.460185,18.567828
2,mean,blackout,9,GR,-0.344652,46.130280
2,mean,blackout,9,NPHI,-0.000879,0.089951
2,mean,blackout,9,RHOB,-0.562682,0.132970
2,mean,blackout,9,all,0.490318,16.234236
2,mean,blackout,10,GR,-0.091749,33.801054
2,mean,blackout,10,NPHI,-0.015667,0.070545
2,mean,blackout,10,RHOB,-0.000833,0.106063
2,mean,blackout,10,all,0.620397,10.844269
2,mean,blackout,11,GR,-22.592939,38.873623
2,mean,blackout,11,NPHI,-0.936236,0.071791
2,mean,blackout,11,RHOB,-0.045150,0.085604
2,mean,blackout,11,all,-7.879044,12.693946
2,mean,blackout,12,GR,-0.217304,19.664692
2,mean,blackout,12,NPHI,-0.842045,0.117477
2,mean,blackout,12,RHOB,-1.000120,0.185054
2,mean,blackout,12,all,0.658548,7.214075
2,mean,blackout,13,GR,-0.748981,36.244801
2,mean,blackout,13,NPHI,-0.047105,0.079841
2,mean,blackout,13,RHOB,-0.926697,0.118602
2,mean,blackout,13,all,0.607998,13.287328
2,mean,blackout,14,GR,-11.959817,30.706260
2,mean,blackout,14,NPHI,-3.336612,0.098436
2,mean,blackout,14,RHOB,-1.385647,0.119028
2,mean,blackout,14,all,-1.745034,10.078195
2,mean,blackout,15,GR,-0.398052,23.110726
2,mean,blackout,15,NPHI,-0.006090,0.077938
2,mean,blackout,15,RHOB,-0.412625,0.094337
2,mean,blackout,15,all,0.496753,7.381208
2,mean,blackout,16,GR,-147.171341,39.791561
2,mean,blackout,16,NPHI,-12.818736,0.099806
2,mean,blackout,16,RHOB,-1.206797,0.064950
2,mean,blackout,16,all,-15.822805,13.318772
2,mean,blackout,17,GR,-0.002489,31.495161
2,mean,blackout,17,NPHI,-0.236906,0.082679
2,mean,blackout,17,RHOB,-0.541252,0.103188
2,mean,blackout,17,all,0.547104,10.844621
2,mean,blackout,18,GR,-1.917946,45.256240
2,mean,blackout,18,NPHI,-0.178837,0.077785
2,mean,blackout,18,RHOB,-0.226690,0.103941
2,mean,blackout,18,all,0.579290,15.757977
2,mean,block,0,GR,-0.113185,33.456119
2,mean,block,0,NPHI,-0.056266,0.065227
2,mean,block,0,RHOB,-0.107235,0.101400
2,mean,block,0,all,0.401717,11.663849
2,mean,block,1,GR,-4.851821,47.463629
2,mean,block,1,NPHI,,
2,mean,block,1,RHOB,-176.494616,0.170345
2,mean,block,1,all,-0.341713,39.581415
2,mean,block,2,GR,-5.404085,32.277288
2,mean,block,2,NPHI,-0.016077,0.068388
2,mean,block,2,RHOB,-0.019817,0.167894
2,mean,block,2,all,0.745066,10.069096
2,mean,block,3,GR,-0.368962,23.566298
2,mean,block,3,NPHI,-0.510626,0.100718
2,mean,block,3,RHOB,-0.902076,0.147839
2,mean,block,3,all,0.515220,7.608030
2,mean,block,4,GR,-0.261486,35.206843
2,mean,block,4,NPHI,-0.022421,0.092620
2,mean,block,4,RHOB,-0.076461,0.132155
2,mean,block,4,all,0.632902,10.043155
2,mean,block,5,GR,-0.383056,23.726857
2,mean,block,5,NPHI,-0.187131,0.087937
2,mean,block,5,RHOB,-0.590557,0.163801
2,mean,block,5,all,0.540434,6.923747
2,mean,block,6,GR,-5.835037,9.529599
2,mean,block,6,NPHI,-334.632765,0.157665
2,mean,block,6,RHOB,-5.099073,0.151048
2,mean,block,6,all,0.881838,4.707668
2,mean,block,7,GR,-10.045132,41.868307
2,mean,block,7,NPHI,-134.200314,0.152603
2,mean,block,7,RHOB,-1.413054,0.089857
2,mean,block,7,all,-7.646800,23.768495
2,mean,block,8,GR,-0.646860,39.368384
2,mean,block,8,NPHI,-0.000790,0.028316
2,mean,block,8,RHOB,-2.179786,0.138931
2,mean,block,8,all,0.457617,16.372427
2,mean,block,9,GR,-0.006890,33.680638
2,mean,block,9,NPHI,-0.450227,0.097387
2,mean,block,9,RHOB,-0.891931,0.122384
2,mean,block,9,all,0.538361,10.681002
2,mean,block,10,GR,-0.005554,34.874237
2,mean,block,10,NPHI,-0.020832,0.061703
2,mean,block,10,RHOB,-0.567653,0.073240
2,mean,block,10,all,0.595754,9.281197
2,mean,block,11,GR,-25.931071,37.599061
2,mean,block,11,NPHI,-0.776978,0.044583
2,mean,block,11,RHOB,-0.081288,0.087037
2,mean,block,11,all,-7.864539,16.016911
2,mean,block,12,GR,-0.468424,22.856638
2,mean,block,12,NPHI,-2.004918,0.110720
2,mean,block,12,RHOB,-1.351830,0.191748
2,mean,block,12,all,0.520482,7.198168
2,mean,block,13,GR,-0.543849,40.340596
2,mean,block,13,NPHI,-0.002603,0.098028
2,mean,block,13,RHOB,-0.245429,0.113157
2,mean,block,13,all,0.605922,10.306975
2,mean,block,14,GR,-35.254762,36.309721
2,mean,block,14,NPHI,-1.464361,0.073020
2,mean,block,14,RHOB,-3.498536,0.166128
2,mean,block,14,all,-7.068340,15.125245
2,mean,block,15,GR,-0.000326,7.337922
2,mean,block,15,NPHI,-0.010840,0.109726
2,mean,block,15,RHOB,-1.771172,0.116539
2,mean,block,15,all,0.940445,1.680242
2,mean,block,16,GR,-203.474160,39.832462
2,mean,block,16,NPHI,,
2,mean,block,16,RHOB,,
2,mean,block,16,all,-203.474160,39.832462
2,mean,block,17,GR,-0.011508,29.297625
2,mean,block,17,NPHI,-0.141188,0.078575
2,mean,block,17,RHOB,-0.737092,0.091008
2,mean,block,17,all,0.641528,8.177207
2,mean,block,18,GR,-0.368570,27.919664
2,mean,block,18,NPHI,-0.969173,0.085966
2,mean,block,18,RHOB,-1.030983,0.114790
2,mean,block,18,all,0.647333,10.164513
2,mean,profile,0,GR,-0.000000,31.969158
2,mean,profile,0,NPHI,-0.231533,0.074996
2,mean,profile,0,RHOB,-0.009160,0.115620
2,mean,profile,0,all,0.571807,9.465190
2,mean,profile,1,GR,,
2,mean,profile,1,NPHI,-0.393951,0.067140
2,mean,profile,1,RHOB,-0.050711,0.081782
2,mean,profile,1,all,0.994926,0.074461
2,mean,profile,2,GR,-4.465044,39.115572
2,mean,profile,2,NPHI,-0.119850,0.073947
2,mean,profile,2,RHOB,-0.192174,0.129689
2,mean,profile,2,all,0.701333,10.359794
2,mean,profile,3,GR,-0.695824,24.184083
2,mean,profile,3,NPHI,-0.192846,0.089461
2,mean,profile,3,RHOB,-0.834873,0.144414
2,mean,profile,3,all,0.406563,7.546610
2,mean,profile,4,GR,-0.283009,35.037896
2,mean,profile,4,NPHI,-0.101186,0.072922
2,mean,profile,4,RHOB,-0.032103,0.146409
2,mean,profile,4,all,0.645398,9.462161
2,mean,profile,5,GR,-0.357819,22.346371
2,mean,profile,5,NPHI,-0.318313,0.095410
2,mean,profile,5,RHOB,-0.487893,0.147684
2,mean,profile,5,all,0.569885,7.481279
2,mean,profile,6,GR,-4.016506,9.673370
2,mean,profile,6,NPHI,-9.588840,0.129258
2,mean,profile,6,RHOB,-4.641105,0.136625
2,mean,profile,6,all,0.928521,1.866560
2,mean,profile,7,GR,-65.239499,42.820826
2,mean,profile,7,NPHI,-2.861957,0.114984
2,mean,profile,7,RHOB,-1.479835,0.120150
2,mean,profile,7,all,-18.690712,8.657702
2,mean,profile,8,GR,-0.747639,32.338859
2,mean,profile,8,NPHI,-0.115819,0.043333
2,mean,profile,8,RHOB,-1.119155,0.177016
2,mean,profile,8,all,0.700777,5.053009
2,mean,profile,9,GR,-0.239827,50.409676
2,mean,profile,9,NPHI,-0.001136,0.083933
2,mean,profile,9,RHOB,-3.553591,0.140765
2,mean,profile,9,all,0.470983,14.075935
2,mean,profile,10,GR,-0.011915,25.490411
2,mean,profile,10,NPHI,-0.033741,0.073653
2,mean,profile,10,RHOB,-0.024663,0.096402
2,mean,profile,10,all,0.678423,5.375446
2,mean,profile,11,GR,-21.735420,37.112848
2,mean,profile,11,NPHI,-1.130651,0.074331
2,mean,profile,11,RHOB,-0.000011,0.079421
2,mean,profile,11,all,-4.768426,6.248690
2,mean,profile,12,GR,-0.527515,22.162717
2,mean,profile,12,NPHI,-0.677764,0.111849
2,mean,profile,12,RHOB,-0.826332,0.161202
2,mean,profile,12,all,0.571592,5.830827
2,mean,profile,13,GR,-0.453541,30.799914
2,mean,profile,13,NPHI,-0.310939,0.092625
2,mean,profile,13,RHOB,-0.723532,0.121010
2,mean,profile,13,all,0.707534,7.472025
2,mean,profile,14,GR,-23.620552,33.501408
2,mean,profile,14,NPHI,-2.441536,0.087111
2,mean,profile,14,RHOB,-2.109323,0.141921
2,mean,profile,14,all,-2.553907,5.244637
2,mean,profile,15,GR,-0.948693,23.925720
2,mean,profile,15,NPHI,-0.003014,0.085627
2,mean,profile,15,RHOB,-0.284826,0.091011
2,mean,profile,15,all,0.359503,7.150754
2,mean,profile,16,GR,,
2,mean,profile,16,NPHI,-13.264271,0.098407
2,mean,profile,16,RHOB,,
2,mean,profile,16,all,-13.264271,0.098407
2,mean,profile,17,GR,-0.008022,31.017551
2,mean,profile,17,NPHI,-0.180414,0.080581
2,mean,profile,17,RHOB,-0.602883,0.097515
2,mean,profile,17,all,0.581147,11.573156
2,mean,profile,18,GR,-1.128494,40.583091
2,mean,profile,18,NPHI,-0.064039,0.075520
2,mean,profile,18,RHOB,-0.138354,0.106089
2,mean,profile,18,all,0.624655,10.885690
2,mean,single,0,GR,-0.000021,25.807726
2,mean,single,0,NPHI,-0.003170,0.077909
2,mean,single,0,RHOB,-0.000067,0.120478
2,mean,single,0,all,0.678820,6.218752
2,mean,single,1,GR,,
2,mean,single,1,NPHI,-0.522144,0.054171
2,mean,single,1,RHOB,,
2,mean,single,1,all,-0.522144,0.054171
2,mean,single,2,GR,-3.077658,36.880094
2,mean,single,2,NPHI,-0.212481,0.051876
2,mean,single,2,RHOB,-0.000424,0.127214
2,mean,single,2,all,0.717531,7.918925
2,mean,single,3,GR,-0.584721,21.515295
2,mean,single,3,NPHI,-0.426171,0.095928
2,mean,single,3,RHOB,-0.487353,0.134666
2,mean,single,3,all,0.528681,6.114289
2,mean,single,4,GR,-0.562334,36.424989
2,mean,single,4,NPHI,-0.016520,0.076321
2,mean,single,4,RHOB,-0.604463,0.110922
2,mean,single,4,all,0.649845,9.862847
2,mean,single,5,GR,-0.176852,22.034476
2,mean,single,5,NPHI,-0.318655,0.096198
2,mean,single,5,RHOB,-0.457875,0.140199
2,mean,single,5,all,0.637632,6.628305
2,mean,single,6,GR,-8.054643,9.547813
2,mean,single,6,NPHI,-26.593071,0.142059
2,mean,single,6,RHOB,-1.364118,0.106351
2,mean,single,6,all,0.935620,1.000399
2,mean,single,7,GR,-21.455843,41.197168
2,mean,single,7,NPHI,-5.730189,0.126055
2,mean,single,7,RHOB,-0.418367,0.068698
2,mean,single,7,all,-8.367256,4.300597
2,mean,single,8,GR,-0.379655,24.118597
2,mean,single,8,NPHI,-0.017082,0.044102
2,mean,single,8,RHOB,-1.941883,0.164670
2,mean,single,8,all,0.837401,1.970135
2,mean,single,9,GR,-0.636062,58.000364
2,mean,single,9,NPHI,-0.013986,0.102078
2,mean,single,9,RHOB,-0.739703,0.133984
2,mean,single,9,all,0.496014,13.125118
2,mean,single,10,GR,-0.013495,21.673191
2,mean,single,10,NPHI,-0.015794,0.078154
2,mean,single,10,RHOB,-0.040355,0.131403
2,mean,single,10,all,0.776611,3.733973
2,mean,single,11,GR,-364.512475,42.273975
2,mean,single,11,NPHI,-1.151868,0.068745
2,mean,single,11,RHOB,-0.330045,0.108595
2,mean,single,11,all,-17.312825,3.661670
2,mean,single,12,GR,-0.460968,20.827330
2,mean,single,12,NPHI,-2.091565,0.123095
2,mean,single,12,RHOB,-0.543199,0.151673
2,mean,single,12,all,0.602852,5.509417
2,mean,single,13,GR,-0.836954,36.379793
2,mean,single,13,NPHI,-0.000137,0.092905
2,mean,single,13,RHOB,-0.450299,0.123751
2,mean,single,13,all,0.648143,9.578889
2,mean,single,14,GR,-209.508962,36.193872
2,mean,single,14,NPHI,-3.084019,0.100656
2,mean,single,14,RHOB,-0.805846,0.080987
2,mean,single,14,all,-4.554977,2.913063
2,mean,single,15,GR,-0.853316,25.200144
2,mean,single,15,NPHI,-0.019633,0.072005
2,mean,single,15,RHOB,-0.266895,0.097565
2,mean,single,15,all,0.381061,4.772298
2,mean,single,16,GR,,
2,mean,single,16,NPHI,-374.448209,0.115949
2,mean,single,16,RHOB,,
2,mean,single,16,all,-374.448209,0.115949
2,mean,single,17,GR,-0.004616,33.094197
2,mean,single,17,NPHI,-0.065532,0.078647
2,mean,single,17,RHOB,-0.407216,0.098096
2,mean,single,17,all,0.567834,11.212036
2,mean,single,18,GR,-1.717048,47.707269
2,mean,single,18,NPHI,-0.174814,0.074346
2,mean,single,18,RHOB,-0.206840,0.094146
2,mean,single,18,all,0.613307,9.736090
2,mice,blackout,0,GR,-0.397956,39.411403
2,mice,blackout,0,NPHI,0.098828,0.063342
2,mice,blackout,0,RHOB,-0.325044,0.115268
2,mice,blackout,0,all,0.361582,14.386170
2,mice,blackout,1,GR,-2.904304,43.861787
2,mice,blackout,1,NPHI,-0.498296,0.078422
2,mice,blackout,1,RHOB,-0.023691,0.082485
2,mice,blackout,1,all,0.601564,18.099150
2,mice,blackout,2,GR,-6.410714,33.716013
2,mice,blackout,2,NPHI,-0.131452,0.066701
2,mice,blackout,2,RHOB,0.158365,0.117933
2,mice,blackout,2,all,0.655205,11.154864
2,mice,blackout,3,GR,-1.370340,28.231334
2,mice,blackout,3,NPHI,-0.020220,0.078168
2,mice,blackout,3,RHOB,-0.440275,0.129625
2,mice,blackout,3,all,0.187205,10.286960
2,mice,blackout,4,GR,-1.049596,34.700962
2,mice,blackout,4,NPHI,0.115453,0.081106
2,mice,blackout,4,RHOB,0.019653,0.126354
2,mice,blackout,4,all,0.482997,12.736476
2,mice,blackout,5,GR,-0.857771,25.933261
2,mice,blackout,5,NPHI,0.062782,0.078978
2,mice,blackout,5,RHOB,-0.071178,0.127044
2,mice,blackout,5,all,0.386213,9.189052
2,mice,blackout,6,GR,-10.659517,18.992470
2,mice,blackout,6,NPHI,-8.598957,0.124378
2,mice,blackout,6,RHOB,-3.346357,0.115553
2,mice,blackout,6,all,0.617774,6.248946
2,mice,blackout,7,GR,-21.494162,39.958724
2,mice,blackout,7,NPHI,-3.151879,0.104294
2,mice,blackout,7,RHOB,-1.741488,0.126704
2,mice,blackout,7,all,-7.279982,13.926818
2,mice,blackout,8,GR,-1.347224,55.977888
2,mice,blackout,8,NPHI,-0.296464,0.051108
2,mice,blackout,8,RHOB,-0.203905,0.123701
2,mice,blackout,8,all,0.487709,18.296344
2,mice,blackout,9,GR,-0.229523,42.715973
2,mice,blackout,9,NPHI,0.191756,0.080137
2,mice,blackout,9,RHOB,-0.685922,0.134229
2,mice,blackout,9,all,0.533957,15.035011
2,mice,blackout,10,GR,-0.073861,31.667497
2,mice,blackout,10,NPHI,0.168756,0.063062
2,mice,blackout,10,RHOB,0.052494,0.102554
2,mice,blackout,10,all,0.626617,10.159864
2,mice,blackout,11,GR,-22.640433,36.820083
2,mice,blackout,11,NPHI,-0.541979,0.064752
2,mice,blackout,11,RHOB,-0.089368,0.079754
2,mice,blackout,11,all,-7.896908,12.021735
2,mice,blackout,12,GR,-2.476035,32.066189
2,mice,blackout,12,NPHI,-0.362205,0.100275
2,mice,blackout,12,RHOB,-0.596890,0.162393
2,mice,blackout,12,all,0.025060,11.691775
2,mice,blackout,13,GR,-0.980451,36.526501
2,mice,blackout,13,NPHI,0.110006,0.074594
2,mice,blackout,13,RHOB,-0.900380,0.115027
2,mice,blackout,13,all,0.556119,13.387265
2,mice,blackout,14,GR,-19.441033,36.725608
2,mice,blackout,14,NPHI,-2.148021,0.084434
2,mice,blackout,14,RHOB,-1.759123,0.123376
2,mice,blackout,14,all,-3.329588,12.035538
2,mice,blackout,15,GR,-0.264354,20.572933
2,mice,blackout,15,NPHI,0.139207,0.071338
2,mice,blackout,15,RHOB,-0.825689,0.104968
2,mice,blackout,15,all,0.544876,6.578461
2,mice,blackout,16,GR,-147.170548,39.791454
2,mice,blackout,16,NPHI,-12.818447,0.099805
2,mice,blackout,16,RHOB,-1.204262,0.064908
2,mice,blackout,16,all,-15.822715,13.318722
2,mice,blackout,17,GR,0.160769,27.806307
2,mice,blackout,17,NPHI,-0.053580,0.075785
2,mice,blackout,17,RHOB,-0.420157,0.099210
2,mice,blackout,17,all,0.620859,9.578048
2,mice,blackout,18,GR,-2.033299,44.508112
2,mice,blackout,18,NPHI,-0.100389,0.077169
2,mice,blackout,18,RHOB,-0.181995,0.101916
2,mice,blackout,18,all,0.562658,15.497650
2,mice,block,0,GR,0.324436,19.720867
2,mice,block,0,NPHI,-0.914863,0.083006
2,mice,block,0,RHOB,0.204582,0.078194
2,mice,block,0,all,0.636913,6.894275
2,mice,block,1,GR,-7.291427,61.169713
2,mice,block,1,NPHI,,
2,mice,block,1,RHOB,-213.533195,0.183874
2,mice,block,1,all,-0.901068,51.005406
2,mice,block,2,GR,0.061876,10.369226
2,mice,block,2,NPHI,0.677214,0.031456
2,mice,block,2,RHOB,0.317459,0.129481
2,mice,block,2,all,0.962647,3.271323
2,mice,block,3,GR,0.392066,14.918590
2,mice,block,3,NPHI,0.750514,0.039121
2,mice,block,3,RHOB,0.632789,0.062968
2,mice,block,3,all,0.784727,4.797147
2,mice,block,4,GR,-0.016877,23.411039
2,mice,block,4,NPHI,0.739678,0.044536
2,mice,block,4,RHOB,0.232673,0.093961
2,mice,block,4,all,0.704087,6.675932
2,mice,block,5,GR,-0.127128,19.183883
2,mice,block,5,NPHI,0.801482,0.034848
2,mice,block,5,RHOB,0.695799,0.067701
2,mice,block,5,all,0.625498,5.562311
2,mice,block,6,GR,-17.487716,16.219027
2,mice,block,6,NPHI,-92.804311,0.082737
2,mice,block,6,RHOB,0.338656,0.049256
2,mice,block,6,all,0.680466,7.909841
2,mice,block,7,GR,-1.643264,18.998989
2,mice,block,7,NPHI,-7.884249,0.037496
2,mice,block,7,RHOB,0.876972,0.015372
2,mice,block,7,all,-1.069299,10.774230
2,mice,block,8,GR,-1.225467,56.383602
2,mice,block,8,NPHI,-4.475908,0.066770
2,mice,block,8,RHOB,-0.025966,0.068299
2,mice,block,8,all,0.267059,23.418099
2,mice,block,9,GR,0.788434,15.486240
2,mice,block,9,NPHI,0.893025,0.022337
2,mice,block,9,RHOB,-0.246047,0.098500
2,mice,block,9,all,0.902998,4.924453
2,mice,block,10,GR,0.718793,17.433074
2,mice,block,10,NPHI,0.537062,0.039323
2,mice,block,10,RHOB,-0.017623,0.059469
2,mice,block,10,all,0.886950,4.651254
2,mice,block,11,GR,-4.760555,15.862884
2,mice,block,11,NPHI,0.739730,0.023310
2,mice,block,11,RHOB,0.920542,0.021664
2,mice,block,11,all,-0.896118,6.754676
2,mice,block,12,GR,0.069441,17.734759
2,mice,block,12,NPHI,0.132728,0.057115
2,mice,block,12,RHOB,0.676554,0.069475
2,mice,block,12,all,0.696154,5.544507
2,mice,block,13,GR,-0.583625,27.119648
2,mice,block,13,NPHI,0.669918,0.050234
2,mice,block,13,RHOB,0.047267,0.091384
2,mice,block,13,all,0.595772,6.930869
2,mice,block,14,GR,-7.925368,17.724443
2,mice,block,14,NPHI,0.668146,0.028368
2,mice,block,14,RHOB,0.630301,0.045808
2,mice,block,14,all,-0.986277,7.370869
2,mice,block,15,GR,-5.245066,27.020110
2,mice,block,15,NPHI,0.789223,0.036093
2,mice,block,15,RHOB,-0.038543,0.069034
2,mice,block,15,all,0.628354,5.902336
2,mice,block,16,GR,-35.224014,16.621282
2,mice,block,16,NPHI,,
2,mice,block,16,RHOB,,
2,mice,block,16,all,-35.224014,16.621282
2,mice,block,17,GR,0.677337,15.582879
2,mice,block,17,NPHI,0.678274,0.041751
2,mice,block,17,RHOB,-0.012855,0.068754
2,mice,block,17,all,0.885649,4.356603
2,mice,block,18,GR,-0.747893,39.101810
2,mice,block,18,NPHI,-2.804993,0.118863
2,mice,block,18,RHOB,-1.981157,0.129356
2,mice,block,18,all,0.549584,14.223097
2,mice,profile,0,GR,0.142523,29.307780
2,mice,profile,0,NPHI,-0.252989,0.060308
2,mice,profile,0,RHOB,-0.027476,0.104283
2,mice,profile,0,all,0.632833,8.672853
2,mice,profile,1,GR,,
2,mice,profile,1,NPHI,-2.432319,0.103254
2,mice,profile,1,RHOB,-2.406314,0.152498
2,mice,profile,1,all,0.985025,0.127876
2,mice,profile,2,GR,-5.351601,33.966081
2,mice,profile,2,NPHI,0.493586,0.048671
2,mice,profile,2,RHOB,0.217315,0.098706
2,mice,profile,2,all,0.652886,8.984839
2,mice,profile,3,GR,-0.105386,18.856867
2,mice,profile,3,NPHI,0.827356,0.031777
2,mice,profile,3,RHOB,0.681873,0.057998
2,mice,profile,3,all,0.613199,5.853120
2,mice,profile,4,GR,0.205065,20.634670
2,mice,profile,4,NPHI,0.075802,0.056172
2,mice,profile,4,RHOB,0.280935,0.115748
2,mice,profile,4,all,0.780292,5.587419
2,mice,profile,5,GR,0.128990,16.181600
2,mice,profile,5,NPHI,0.712520,0.043098
2,mice,profile,5,RHOB,0.696642,0.064441
2,mice,profile,5,all,0.724104,5.394323
2,mice,profile,6,GR,-14.566327,17.148070
2,mice,profile,6,NPHI,-2.292899,0.073086
2,mice,profile,6,RHOB,0.140447,0.052932
2,mice,profile,6,all,0.778367,3.172132
2,mice,profile,7,GR,-14.278463,19.394030
2,mice,profile,7,NPHI,0.665727,0.031458
2,mice,profile,7,RHOB,0.906188,0.020137
2,mice,profile,7,all,-3.541642,3.900576
2,mice,profile,8,GR,-1.170860,42.473287
2,mice,profile,8,NPHI,-1.917959,0.071579
2,mice,profile,8,RHOB,0.324423,0.071543
2,mice,profile,8,all,0.628326,6.594908
2,mice,profile,9,GR,0.336605,36.297743
2,mice,profile,9,NPHI,0.725154,0.039676
2,mice,profile,9,RHOB,-1.205588,0.100996
2,mice,profile,9,all,0.716939,10.124988
2,mice,profile,10,GR,0.603532,15.672129
2,mice,profile,10,NPHI,0.651971,0.036465
2,mice,profile,10,RHOB,0.211227,0.085448
2,mice,profile,10,all,0.874002,3.308182
2,mice,profile,11,GR,-4.284462,15.353140
2,mice,profile,11,NPHI,0.675173,0.030203
2,mice,profile,11,RHOB,0.929273,0.019282
2,mice,profile,11,all,-0.340754,2.581296
2,mice,profile,12,GR,-0.508510,21.215556
2,mice,profile,12,NPHI,0.771286,0.039895
2,mice,profile,12,RHOB,0.700133,0.063835
2,mice,profile,12,all,0.576971,5.524202
2,mice,profile,13,GR,0.575093,11.893009
2,mice,profile,13,NPHI,-0.133387,0.068089
2,mice,profile,13,RHOB,-0.333958,0.100107
2,mice,profile,13,all,0.914499,2.916956
2,mice,profile,14,GR,-4.892991,15.558292
2,mice,profile,14,NPHI,0.705241,0.022552
2,mice,profile,14,RHOB,0.482237,0.051498
2,mice,profile,14,all,0.149391,2.421572
2,mice,profile,15,GR,-0.378196,20.874609
2,mice,profile,15,NPHI,0.608217,0.047860
2,mice,profile,15,RHOB,0.143951,0.073707
2,mice,profile,15,all,0.547019,6.225450
2,mice,profile,16,GR,,
2,mice,profile,16,NPHI,0.305216,0.020730
2,mice,profile,16,RHOB,,
2,mice,profile,16,all,0.305216,0.020730
2,mice,profile,17,GR,0.759810,13.842070
2,mice,profile,17,NPHI,0.657893,0.044156
2,mice,profile,17,RHOB,0.124534,0.075208
2,mice,profile,17,all,0.900195,5.177390
2,mice,profile,18,GR,-2.311241,52.382547
2,mice,profile,18,NPHI,-0.485523,0.090189
2,mice,profile,18,RHOB,-0.652332,0.131088
2,mice,profile,18,all,0.416086,14.045724
2,mice,single,0,GR,-0.404242,29.541626
2,mice,single,0,NPHI,0.092373,0.062981
2,mice,single,0,RHOB,-0.145836,0.124732
2,mice,single,0,all,0.549001,7.103025
2,mice,single,1,GR,,
2,mice,single,1,NPHI,-5.011382,0.113688
2,mice,single,1,RHOB,,
2,mice,single,1,all,-5.011382,0.113688
2,mice,single,2,GR,-6.896667,42.639315
2,mice,single,2,NPHI,0.249879,0.046345
2,mice,single,2,RHOB,0.485472,0.080923
2,mice,single,2,all,0.452990,9.123025
2,mice,single,3,GR,-0.153893,17.697298
2,mice,single,3,NPHI,0.774429,0.034423
2,mice,single,3,RHOB,0.729228,0.056772
2,mice,single,3,all,0.656840,4.993360
2,mice,single,4,GR,-0.425189,27.363310
2,mice,single,4,NPHI,0.473578,0.048994
2,mice,single,4,RHOB,-0.107248,0.081889
2,mice,single,4,all,0.680584,7.406172
2,mice,single,5,GR,0.147572,17.797463
2,mice,single,5,NPHI,0.753338,0.039831
2,mice,single,5,RHOB,0.741101,0.056100
2,mice,single,5,all,0.737542,5.319322
2,mice,single,6,GR,-15.344173,12.565513
2,mice,single,6,NPHI,-7.578660,0.078864
2,mice,single,6,RHOB,0.310433,0.057868
2,mice,single,6,all,0.883958,1.227648
2,mice,single,7,GR,-5.181863,18.734688
2,mice,single,7,NPHI,0.544191,0.032158
2,mice,single,7,RHOB,0.893783,0.015782
2,mice,single,7,all,-1.578572,1.935901
2,mice,single,8,GR,-2.664040,35.537416
2,mice,single,8,NPHI,-0.773409,0.055128
2,mice,single,8,RHOB,0.199420,0.077079
2,mice,single,8,all,0.568283,2.835414
2,mice,single,9,GR,0.227845,38.422114
2,mice,single,9,NPHI,0.799838,0.038420
2,mice,single,9,RHOB,0.019582,0.100815
2,mice,single,9,all,0.762139,8.687805
2,mice,single,10,GR,0.546137,14.958611
2,mice,single,10,NPHI,0.833525,0.029484
2,mice,single,10,RHOB,0.208923,0.111470
2,mice,single,10,all,0.899952,2.579229
2,mice,single,11,GR,-70.093060,17.747157
2,mice,single,11,NPHI,0.704657,0.029689
2,mice,single,11,RHOB,0.937415,0.022310
2,mice,single,11,all,-2.561756,1.528167
2,mice,single,12,GR,-0.174229,18.682563
2,mice,single,12,NPHI,0.570934,0.044508
2,mice,single,12,RHOB,0.767727,0.058536
2,mice,single,12,all,0.680840,4.887878
2,mice,single,13,GR,-0.794483,26.014273
2,mice,single,13,NPHI,0.689574,0.046810
2,mice,single,13,RHOB,-0.185515,0.099552
2,mice,single,13,all,0.656281,6.848553
2,mice,single,14,GR,-48.714827,17.454372
2,mice,single,14,NPHI,0.837350,0.019118
2,mice,single,14,RHOB,0.636605,0.035212
2,mice,single,14,all,-0.311809,1.387282
2,mice,single,15,GR,-0.388306,22.622956
2,mice,single,15,NPHI,0.576155,0.047836
2,mice,single,15,RHOB,0.226254,0.069020
2,mice,single,15,all,0.536365,4.269730
2,mice,single,16,GR,,
2,mice,single,16,NPHI,-9.971900,0.019565
2,mice,single,16,RHOB,,
2,mice,single,16,all,-9.971900,0.019565
2,mice,single,17,GR,0.717491,15.969548
2,mice,single,17,NPHI,0.701698,0.041524
2,mice,single,17,RHOB,0.205161,0.076114
2,mice,single,17,all,0.878469,5.421874
2,mice,single,18,GR,-3.379073,64.624106
2,mice,single,18,NPHI,-0.483762,0.086980
2,mice,single,18,RHOB,-1.855436,0.138605
2,mice,single,18,all,0.376765,13.185573
2,rf,blackout,0,GR,-0.393143,39.731566
2,rf,blackout,0,NPHI,-0.443323,0.079990
2,rf,blackout,0,RHOB,-0.257701,0.113212
2,rf,blackout,0,all,0.363780,14.507549
2,rf,blackout,1,GR,-2.183101,39.274706
2,rf,blackout,1,NPHI,-0.806542,0.085642
2,rf,blackout,1,RHOB,-0.012459,0.082448
2,rf,blackout,1,all,0.675162,16.214200
2,rf,blackout,2,GR,-6.317955,35.834515
2,rf,blackout,2,NPHI,-0.270032,0.068910
2,rf,blackout,2,RHOB,0.043318,0.124464
2,rf,blackout,2,all,0.659520,11.854788
2,rf,blackout,3,GR,-2.462560,33.227205
2,rf,blackout,3,NPHI,-0.413172,0.091422
2,rf,blackout,3,RHOB,-1.695168,0.185050
2,rf,blackout,3,all,-0.187325,12.116548
2,rf,blackout,4,GR,-0.612569,33.371147
2,rf,blackout,4,NPHI,-0.003146,0.085016
2,rf,blackout,4,RHOB,0.032608,0.119683
2,rf,blackout,4,all,0.593233,12.250315
2,rf,blackout,5,GR,-1.453384,30.022960
2,rf,blackout,5,NPHI,-0.105423,0.084346
2,rf,blackout,5,RHOB,-0.317874,0.141196
2,rf,blackout,5,all,0.189431,10.633962
2,rf,blackout,6,GR,-21.577716,26.706338
2,rf,blackout,6,NPHI,-9.443199,0.125765
2,rf,blackout,6,RHOB,-2.062294,0.088146
2,rf,blackout,6,all,0.259875,8.746638
2,rf,blackout,7,GR,-33.903489,48.910396
2,rf,blackout,7,NPHI,-4.176741,0.114336
2,rf,blackout,7,RHOB,-1.176630,0.111075
2,rf,blackout,7,all,-11.847710,17.029762
2,rf,blackout,8,GR,-1.378679,57.054680
2,rf,blackout,8,NPHI,-0.529304,0.053806
2,rf,blackout,8,RHOB,-0.225957,0.134699
2,rf,blackout,8,all,0.480844,18.651456
2,rf,blackout,9,GR,-0.359010,46.820776
2,rf,blackout,9,NPHI,0.180725,0.079456
2,rf,blackout,9,RHOB,-0.835232,0.140833
2,rf,blackout,9,all,0.484875,16.475003
2,rf,blackout,10,GR,-0.185700,33.779992
2,rf,blackout,10,NPHI,0.048265,0.065419
2,rf,blackout,10,RHOB,-0.064872,0.110640
2,rf,blackout,10,all,0.587730,10.837430
2,rf,blackout,11,GR,-32.317477,42.331098
2,rf,blackout,11,NPHI,-1.697594,0.089840
2,rf,blackout,11,RHOB,-0.402806,0.089357
2,rf,blackout,11,all,-11.538804,13.826379
2,rf,blackout,12,GR,-1.902519,28.920475
2,rf,blackout,12,NPHI,-0.415212,0.097941
2,rf,blackout,12,RHOB,-1.476978,0.208560
2,rf,blackout,12,all,0.185899,10.565041
2,rf,blackout,13,GR,-0.629264,34.272241
2,rf,blackout,13,NPHI,0.015777,0.075799
2,rf,blackout,13,RHOB,-0.655763,0.099161
2,rf,blackout,13,all,0.634831,12.560568
2,rf,blackout,14,GR,-33.985178,47.501237
2,rf,blackout,14,NPHI,-2.322762,0.082675
2,rf,blackout,14,RHOB,-0.877779,0.104351
2,rf,blackout,14,all,-6.410092,15.540645
2,rf,blackout,15,GR,-1.208309,25.711942
2,rf,blackout,15,NPHI,0.042672,0.073744
2,rf,blackout,15,RHOB,-1.020905,0.109288
2,rf,blackout,15,all,0.205096,8.208999
2,rf,blackout,16,GR,-174.358488,43.311268
2,rf,blackout,16,NPHI,-32.209878,0.158208
2,rf,blackout,16,RHOB,-6.422001,0.126956
2,rf,blackout,16,all,-18.909795,14.532144
2,rf,blackout,17,GR,-0.324079,35.222062
2,rf,blackout,17,NPHI,-0.128611,0.075145
2,rf,blackout,17,RHOB,-0.442730,0.093174
2,rf,blackout,17,all,0.401822,12.114878
2,rf,blackout,18,GR,-1.236400,38.528453
2,rf,blackout,18,NPHI,-0.707463,0.094029
2,rf,blackout,18,RHOB,-0.429034,0.110627
2,rf,blackout,18,all,0.677554,13.431991
2,rf,block,0,GR,0.179991,20.931133
2,rf,block,0,NPHI,-0.636923,0.081767
2,rf,block,0,RHOB,0.206926,0.077717
2,rf,block,0,all,0.559283,7.313650
2,rf,block,1,GR,-5.664959,50.697518
2,rf,block,1,NPHI,,
2,rf,block,1,RHOB,-160.593694,0.147879
2,rf,block,1,all,-0.528150,42.272578
2,rf,block,2,GR,-1.090346,15.474350
2,rf,block,2,NPHI,0.523163,0.038984
2,rf,block,2,RHOB,0.357129,0.110849
2,rf,block,2,all,0.916783,4.842581
2,rf,block,3,GR,-0.317424,19.672173
2,rf,block,3,NPHI,0.654371,0.044877
2,rf,block,3,RHOB,0.403512,0.080453
2,rf,block,3,all,0.533496,6.322722
2,rf,block,4,GR,0.019910,25.335883
2,rf,block,4,NPHI,0.694831,0.047462
2,rf,block,4,RHOB,0.231322,0.091502
2,rf,block,4,all,0.714791,7.220256
2,rf,block,5,GR,-0.705116,23.447936
2,rf,block,5,NPHI,0.736968,0.036857
2,rf,block,5,RHOB,0.520096,0.081364
2,rf,block,5,all,0.433454,6.796094
2,rf,block,6,GR,-31.909039,19.503531
2,rf,block,6,NPHI,-99.131012,0.082036
2,rf,block,6,RHOB,0.006349,0.047930
2,rf,block,6,all,0.431217,9.504615
2,rf,block,7,GR,-3.656637,21.546678
2,rf,block,7,NPHI,-4.519157,0.024083
2,rf,block,7,RHOB,0.628301,0.030303
2,rf,block,7,all,-2.645484,12.222501
2,rf,block,8,GR,-0.437290,42.266090
2,rf,block,8,NPHI,-5.231055,0.064181
2,rf,block,8,RHOB,-0.550815,0.094276
2,rf,block,8,all,0.526638,17.571342
2,rf,block,9,GR,0.667751,18.471754
2,rf,block,9,NPHI,0.643521,0.041963
2,rf,block,9,RHOB,-0.293129,0.095359
2,rf,block,9,all,0.847668,5.867666
2,rf,block,10,GR,0.621709,18.725678
2,rf,block,10,NPHI,0.334556,0.049739
2,rf,block,10,RHOB,-0.213551,0.060278
2,rf,block,10,all,0.847920,4.997400
2,rf,block,11,GR,-24.526089,24.401678
2,rf,block,11,NPHI,0.809923,0.017648
2,rf,block,11,RHOB,0.610107,0.044487
2,rf,block,11,all,-7.402041,10.388242
2,rf,block,12,GR,-1.363736,24.620861
2,rf,block,12,NPHI,0.062850,0.057506
2,rf,block,12,RHOB,0.554137,0.078968
2,rf,block,12,all,0.228205,7.684084
2,rf,block,13,GR,-0.389527,27.439171
2,rf,block,13,NPHI,0.694447,0.045534
2,rf,block,13,RHOB,0.283753,0.070194
2,rf,block,13,all,0.645317,7.001167
2,rf,block,14,GR,-9.332148,15.605541
2,rf,block,14,NPHI,0.582469,0.028629
2,rf,block,14,RHOB,0.746650,0.035413
2,rf,block,14,all,-1.299341,6.489334
2,rf,block,15,GR,-10.201447,34.337988
2,rf,block,15,NPHI,0.703247,0.045510
2,rf,block,15,RHOB,-0.008372,0.062564
2,rf,block,15,all,0.333405,7.489830
2,rf,block,16,GR,-27.471082,9.327704
2,rf,block,16,NPHI,,
2,rf,block,16,RHOB,,
2,rf,block,16,all,-27.471082,9.327704
2,rf,block,17,GR,0.201783,24.286304
2,rf,block,17,NPHI,0.427256,0.050111
2,rf,block,17,RHOB,-0.843399,0.083038
2,rf,block,17,all,0.717117,6.775770
2,rf,block,18,GR,-0.704507,36.951681
2,rf,block,18,NPHI,-2.631612,0.110510
2,rf,block,18,RHOB,-0.195369,0.075022
2,rf,block,18,all,0.560767,13.422449
2,rf,profile,0,GR,0.185218,26.108786
2,rf,profile,0,NPHI,-0.262682,0.064339
2,rf,profile,0,RHOB,-0.107715,0.110657
2,rf,profile,0,all,0.651114,7.735369
2,rf,profile,1,GR,,
2,rf,profile,1,NPHI,-3.376587,0.114294
2,rf,profile,1,RHOB,-1.090902,0.099467
2,rf,profile,1,all,0.987731,0.106881
2,rf,profile,2,GR,-4.238031,32.168440
2,rf,profile,2,NPHI,0.367457,0.052215
2,rf,profile,2,RHOB,0.282315,0.076929
2,rf,profile,2,all,0.713742,8.509056
2,rf,profile,3,GR,-0.796061,22.091773
2,rf,profile,3,NPHI,0.724996,0.039561
2,rf,profile,3,RHOB,0.479212,0.073481
2,rf,profile,3,all,0.371516,6.859779
2,rf,profile,4,GR,0.176127,22.418897
2,rf,profile,4,NPHI,0.443635,0.048128
2,rf,profile,4,RHOB,0.294722,0.108726
2,rf,profile,4,all,0.772295,6.059776
2,rf,profile,5,GR,-0.528678,20.731714
2,rf,profile,5,NPHI,0.659729,0.044813
2,rf,profile,5,RHOB,0.577616,0.073755
2,rf,profile,5,all,0.515788,6.904747
2,rf,profile,6,GR,-33.482588,21.843193
2,rf,profile,6,NPHI,-2.946527,0.077888
2,rf,profile,6,RHOB,-0.163964,0.052188
2,rf,profile,6,all,0.509053,4.028207
2,rf,profile,7,GR,-22.884961,21.618261
2,rf,profile,7,NPHI,0.591050,0.030592
2,rf,profile,7,RHOB,0.813649,0.027455
2,rf,profile,7,all,-6.099983,4.347185
2,rf,profile,8,GR,-1.026760,39.625884
2,rf,profile,8,NPHI,-2.735455,0.078836
2,rf,profile,8,RHOB,-0.167444,0.124045
2,rf,profile,8,all,0.652992,6.176907
2,rf,profile,9,GR,0.224053,38.601104
2,rf,profile,9,NPHI,0.552009,0.053100
2,rf,profile,9,RHOB,-1.216440,0.089238
2,rf,profile,9,all,0.668915,10.768909
2,rf,profile,10,GR,0.412234,17.737672
2,rf,profile,10,NPHI,0.560455,0.045502
2,rf,profile,10,RHOB,0.072912,0.093835
2,rf,profile,10,all,0.813211,3.745468
2,rf,profile,11,GR,-23.453351,27.281695
2,rf,profile,11,NPHI,0.617528,0.028877
2,rf,profile,11,RHOB,0.628686,0.041294
2,rf,profile,11,all,-5.204150,4.574118
2,rf,profile,12,GR,-1.560029,25.193979
2,rf,profile,12,NPHI,0.728235,0.041907
2,rf,profile,12,RHOB,0.558661,0.077553
2,rf,profile,12,all,0.282098,6.558430
2,rf,profile,13,GR,0.471973,14.802224
2,rf,profile,13,NPHI,0.346104,0.054923
2,rf,profile,13,RHOB,-0.005277,0.074317
2,rf,profile,13,all,0.893754,3.600869
2,rf,profile,14,GR,-7.123672,15.108689
2,rf,profile,14,NPHI,0.603232,0.024492
2,rf,profile,14,RHOB,0.507024,0.045512
2,rf,profile,14,all,-0.172580,2.351606
2,rf,profile,15,GR,-0.817542,20.894054
2,rf,profile,15,NPHI,0.534301,0.051779
2,rf,profile,15,RHOB,0.070386,0.071208
2,rf,profile,15,all,0.402618,6.232305
2,rf,profile,16,GR,,
2,rf,profile,16,NPHI,-0.236210,0.020488
2,rf,profile,16,RHOB,,
2,rf,profile,16,all,-0.236210,0.020488
2,rf,profile,17,GR,0.224752,24.361388
2,rf,profile,17,NPHI,0.459218,0.050002
2,rf,profile,17,RHOB,-0.256535,0.081662
2,rf,profile,17,all,0.677870,9.087167
2,rf,profile,18,GR,-1.790854,47.362996
2,rf,profile,18,NPHI,-0.639421,0.092615
2,rf,profile,18,RHOB,0.035513,0.093416
2,rf,profile,18,all,0.507853,12.698263
2,rf,single,0,GR,-0.326088,25.613433
2,rf,single,0,NPHI,0.039061,0.063873
2,rf,single,0,RHOB,-0.008801,0.108847
2,rf,single,0,all,0.574102,6.162628
2,rf,single,1,GR,,
2,rf,single,1,NPHI,-5.996530,0.111397
2,rf,single,1,RHOB,,
2,rf,single,1,all,-5.996530,0.111397
2,rf,single,2,GR,-3.043120,31.528496
2,rf,single,2,NPHI,0.132297,0.045919
2,rf,single,2,RHOB,0.302401,0.082814
2,rf,single,2,all,0.719926,6.759647
2,rf,single,3,GR,-0.577300,19.774229
2,rf,single,3,NPHI,0.730129,0.040223
2,rf,single,3,RHOB,0.609862,0.066711
2,rf,single,3,all,0.530921,5.581262
2,rf,single,4,GR,-0.433456,30.024648
2,rf,single,4,NPHI,0.687202,0.039677
2,rf,single,4,RHOB,-0.228046,0.070999
2,rf,single,4,all,0.678732,8.114074
2,rf,single,5,GR,-0.434425,21.719340
2,rf,single,5,NPHI,0.711929,0.040176
2,rf,single,5,RHOB,0.612500,0.068669
2,rf,single,5,all,0.558350,6.489065
2,rf,single,6,GR,-20.513183,13.528482
2,rf,single,6,NPHI,-8.315795,0.078850
2,rf,single,6,RHOB,-0.575965,0.078746
2,rf,single,6,all,0.847255,1.324150
2,rf,single,7,GR,-0.242047,9.310337
2,rf,single,7,NPHI,0.467346,0.031491
2,rf,single,7,RHOB,0.650483,0.031564
2,rf,single,7,all,0.481860,0.978333
2,rf,single,8,GR,-4.060055,40.449050
2,rf,single,8,NPHI,-4.142962,0.094463
2,rf,single,8,RHOB,-0.216958,0.103999
2,rf,single,8,all,0.403783,3.250741
2,rf,single,9,GR,0.013635,41.646425
2,rf,single,9,NPHI,0.638819,0.051951
2,rf,single,9,RHOB,-0.234008,0.095769
2,rf,single,9,all,0.696152,9.415763
2,rf,single,10,GR,0.357113,15.365995
2,rf,single,10,NPHI,0.648689,0.040598
2,rf,single,10,RHOB,0.276889,0.100910
2,rf,single,10,all,0.858298,2.646198
2,rf,single,11,GR,-1002.139170,49.536541
2,rf,single,11,NPHI,0.704959,0.025929
2,rf,single,11,RHOB,0.789756,0.036917
2,rf,single,11,all,-49.255947,4.226213
2,rf,single,12,GR,-0.997729,21.712135
2,rf,single,12,NPHI,0.288276,0.054579
2,rf,single,12,RHOB,0.638482,0.074735
2,rf,single,12,all,0.457011,5.684398
2,rf,single,13,GR,-0.676012,27.189143
2,rf,single,13,NPHI,0.543626,0.053585
2,rf,single,13,RHOB,0.196498,0.072215
2,rf,single,13,all,0.678974,7.145320
2,rf,single,14,GR,-162.210760,25.322671
2,rf,single,14,NPHI,0.804832,0.019357
2,rf,single,14,RHOB,0.534148,0.042260
2,rf,single,14,all,-3.306470,2.004767
2,rf,single,15,GR,-1.098926,24.380324
2,rf,single,15,NPHI,0.505841,0.050564
2,rf,single,15,RHOB,0.103605,0.074198
2,rf,single,15,all,0.299055,4.600986
2,rf,single,16,GR,,
2,rf,single,16,NPHI,-24.009715,0.016461
2,rf,single,16,RHOB,,
2,rf,single,16,all,-24.009715,0.016461
2,rf,single,17,GR,0.185210,26.525656
2,rf,single,17,NPHI,0.547092,0.046431
2,rf,single,17,RHOB,-0.121931,0.079973
2,rf,single,17,all,0.649494,8.982181
2,rf,single,18,GR,-3.133972,57.621273
2,rf,single,18,NPHI,-0.928977,0.099048
2,rf,single,18,RHOB,-0.269611,0.082226
2,rf,single,18,all,0.411650,11.753502
2,saits,blackout,0,GR,0.310668,27.179447
2,saits,blackout,0,NPHI,0.091804,0.062323
2,saits,blackout,0,RHOB,-0.096687,0.109837
2,saits,blackout,0,all,0.685193,9.936579
2,saits,blackout,1,GR,-2.298995,37.166790
2,saits,blackout,1,NPHI,-0.400184,0.073508
2,saits,blackout,1,RHOB,0.150830,0.073691
2,saits,blackout,1,all,0.663336,15.340097
2,saits,blackout,2,GR,-5.002167,35.164600
2,saits,blackout,2,NPHI,0.163219,0.055124
2,saits,blackout,2,RHOB,0.165809,0.122499
2,saits,blackout,2,all,0.720739,11.628895
2,saits,blackout,3,GR,0.085800,17.984934
2,saits,blackout,3,NPHI,0.303486,0.062194
2,saits,blackout,3,RHOB,0.089824,0.103975
2,saits,blackout,3,all,0.686513,6.563876
2,saits,blackout,4,GR,0.016413,26.011333
2,saits,blackout,4,NPHI,0.312008,0.070282
2,saits,blackout,4,RHOB,0.094676,0.123595
2,saits,blackout,4,all,0.751890,9.558637
2,saits,blackout,5,GR,0.038739,19.286770
2,saits,blackout,5,NPHI,0.196382,0.071007
2,saits,blackout,5,RHOB,0.194317,0.110547
2,saits,blackout,5,all,0.682405,6.843128
2,saits,blackout,6,GR,-0.516744,6.865393
2,saits,blackout,6,NPHI,-5.475655,0.096129
2,saits,blackout,6,RHOB,-2.883649,0.111212
2,saits,blackout,6,all,0.950262,2.298615
2,saits,blackout,7,GR,-11.921991,29.898689
2,saits,blackout,7,NPHI,-2.690901,0.092461
2,saits,blackout,7,RHOB,-1.020647,0.110120
2,saits,blackout,7,all,-3.756550,10.430256
2,saits,blackout,8,GR,-0.617838,44.368614
2,saits,blackout,8,NPHI,-0.009426,0.043462
2,saits,blackout,8,RHOB,-0.046328,0.129201
2,saits,blackout,8,all,0.646900,14.512050
2,saits,blackout,9,GR,-0.028379,38.928307
2,saits,blackout,9,NPHI,0.350669,0.067499
2,saits,blackout,9,RHOB,-0.076105,0.106877
2,saits,blackout,9,all,0.610200,13.695190
2,saits,blackout,10,GR,0.236755,27.188633
2,saits,blackout,10,NPHI,0.235100,0.059216
2,saits,blackout,10,RHOB,0.031275,0.106118
2,saits,blackout,10,all,0.734616,8.730882
2,saits,blackout,11,GR,-14.855350,29.830317
2,saits,blackout,11,NPHI,-0.321596,0.061476
2,saits,blackout,11,RHOB,0.153741,0.072435
2,saits,blackout,11,all,-4.967061,9.745322
2,saits,blackout,12,GR,0.114992,16.372023
2,saits,blackout,12,NPHI,-0.015762,0.083675
2,saits,blackout,12,RHOB,-0.052302,0.128290
2,saits,blackout,12,all,0.751764,5.993834
2,saits,blackout,13,GR,0.015022,26.115303
2,saits,blackout,13,NPHI,0.336992,0.061346
2,saits,blackout,13,RHOB,-0.665779,0.108388
2,saits,blackout,13,all,0.779234,9.581767
2,saits,blackout,14,GR,-5.806792,20.385704
2,saits,blackout,14,NPHI,-0.884373,0.058675
2,saits,blackout,14,RHOB,-0.345815,0.084326
2,saits,blackout,14,all,-0.441753,6.689837
2,saits,blackout,15,GR,0.059167,18.054920
2,saits,blackout,15,NPHI,0.448529,0.055012
2,saits,blackout,15,RHOB,-0.119852,0.080061
2,saits,blackout,15,all,0.661335,5.766593
2,saits,blackout,16,GR,-152.157776,39.558491
2,saits,blackout,16,NPHI,-8.707108,0.077667
2,saits,blackout,16,RHOB,-1.288346,0.065909
2,saits,blackout,16,all,-16.388908,13.234023
2,saits,blackout,17,GR,0.231904,26.442614
2,saits,blackout,17,NPHI,0.240690,0.060482
2,saits,blackout,17,RHOB,-0.161872,0.087352
2,saits,blackout,17,all,0.652997,9.102218
2,saits,blackout,18,GR,-1.137330,37.059227
2,saits,blackout,18,NPHI,0.173869,0.061488
2,saits,blackout,18,RHOB,-0.105679,0.096132
2,saits,blackout,18,all,0.691839,12.906038
2,saits,block,0,GR,0.559563,19.524414
2,saits,block,0,NPHI,0.428153,0.044867
2,saits,block,0,RHOB,0.195009,0.082182
2,saits,block,0,all,0.763283,6.817546
2,saits,block,1,GR,-2.627680,35.766499
2,saits,block,1,NPHI,,
2,saits,block,1,RHOB,-111.535080,0.126483
2,saits,block,1,all,0.168241,29.826498
2,saits,block,2,GR,-1.877253,20.698135
2,saits,block,2,NPHI,0.296368,0.053904
2,saits,block,2,RHOB,0.161691,0.145910
2,saits,block,2,all,0.885456,6.476669
2,saits,block,3,GR,0.455606,13.947296
2,saits,block,3,NPHI,0.481439,0.054476
2,saits,block,3,RHOB,0.058377,0.095009
2,saits,block,3,all,0.807216,4.504094
2,saits,block,4,GR,0.493321,19.841911
2,saits,block,4,NPHI,0.420512,0.065637
2,saits,block,4,RHOB,0.383386,0.091340
2,saits,block,4,all,0.852552,5.671231
2,saits,block,5,GR,0.363627,14.600209
2,saits,block,5,NPHI,0.444115,0.055574
2,saits,block,5,RHOB,0.341430,0.099800
2,saits,block,5,all,0.788545,4.260679
2,saits,block,6,GR,-0.471634,3.831534
2,saits,block,6,NPHI,-162.073547,0.101733
2,saits,block,6,RHOB,-2.051527,0.100891
2,saits,block,6,all,0.974551,1.913086
2,saits,block,7,GR,-4.604376,25.937029
2,saits,block,7,NPHI,-1.621435,0.015064
2,saits,block,7,RHOB,-0.144674,0.058815
2,saits,block,7,all,-3.387438,14.720220
2,saits,block,8,GR,0.289766,26.139807
2,saits,block,8,NPHI,0.068527,0.026653
2,saits,block,8,RHOB,-0.702656,0.098762
2,saits,block,8,all,0.766089,10.875163
2,saits,block,9,GR,0.540456,21.916826
2,saits,block,9,NPHI,0.388826,0.059786
2,saits,block,9,RHOB,-0.084561,0.086363
2,saits,block,9,all,0.789308,6.952519
2,saits,block,10,GR,0.622713,18.117517
2,saits,block,10,NPHI,0.421343,0.043691
2,saits,block,10,RHOB,0.275419,0.048066
2,saits,block,10,all,0.848325,4.829612
2,saits,block,11,GR,-9.204803,20.739958
2,saits,block,11,NPHI,0.597805,0.020520
2,saits,block,11,RHOB,0.500816,0.051567
2,saits,block,11,all,-2.358978,8.834820
2,saits,block,12,GR,0.331724,14.004245
2,saits,block,12,NPHI,-0.330510,0.067395
2,saits,block,12,RHOB,0.015761,0.115907
2,saits,block,12,all,0.781775,4.409540
2,saits,block,13,GR,0.431556,21.957758
2,saits,block,13,NPHI,0.497709,0.064439
2,saits,block,13,RHOB,0.220546,0.077469
2,saits,block,13,all,0.854899,5.620547
2,saits,block,14,GR,-10.092848,17.558149
2,saits,block,14,NPHI,-0.439368,0.050374
2,saits,block,14,RHOB,-0.904019,0.099817
2,saits,block,14,all,-1.468690,7.324166
2,saits,block,15,GR,0.721928,4.448787
2,saits,block,15,NPHI,0.544867,0.066127
2,saits,block,15,RHOB,-0.214092,0.071557
2,saits,block,15,all,0.983440,1.018938
2,saits,block,16,GR,-153.979126,33.190796
2,saits,block,16,NPHI,,
2,saits,block,16,RHOB,,
2,saits,block,16,all,-153.979126,33.190796
2,saits,block,17,GR,0.531968,18.289221
2,saits,block,17,NPHI,0.490828,0.049653
2,saits,block,17,RHOB,0.224189,0.055863
2,saits,block,17,all,0.834133,5.104549
2,saits,block,18,GR,0.012623,24.132666
2,saits,block,18,NPHI,-0.166258,0.062248
2,saits,block,18,RHOB,-0.234686,0.084294
2,saits,block,18,all,0.745564,8.777014
2,saits,profile,0,GR,0.045507,31.549250
2,saits,profile,0,NPHI,-0.318086,0.078611
2,saits,profile,0,RHOB,-0.027019,0.115579
2,saits,profile,0,all,0.591292,9.343378
2,saits,profile,1,GR,,
2,saits,profile,1,NPHI,-0.446111,0.067468
2,saits,profile,1,RHOB,-0.248934,0.089993
2,saits,profile,1,all,0.994255,0.078730
2,saits,profile,2,GR,-3.972655,36.816071
2,saits,profile,2,NPHI,0.004875,0.070513
2,saits,profile,2,RHOB,-0.327375,0.143193
2,saits,profile,2,all,0.728242,9.755697
2,saits,profile,3,GR,-0.441782,22.267086
2,saits,profile,3,NPHI,0.124375,0.076979
2,saits,profile,3,RHOB,-0.595564,0.134642
2,saits,profile,3,all,0.495463,6.946766
2,saits,profile,4,GR,-0.086718,32.567558
2,saits,profile,4,NPHI,0.073895,0.068388
2,saits,profile,4,RHOB,-0.019692,0.148548
2,saits,profile,4,all,0.699648,8.799289
2,saits,profile,5,GR,-0.377512,22.031305
2,saits,profile,5,NPHI,-0.126655,0.088609
2,saits,profile,5,RHOB,-0.170753,0.134576
2,saits,profile,5,all,0.563653,7.370233
2,saits,profile,6,GR,-2.350043,7.809409
2,saits,profile,6,NPHI,-9.119842,0.127485
2,saits,profile,6,RHOB,-6.092713,0.154155
2,saits,profile,6,all,0.952243,1.531472
2,saits,profile,7,GR,-76.622261,46.342590
2,saits,profile,7,NPHI,-3.453846,0.125179
2,saits,profile,7,RHOB,-1.961958,0.133670
2,saits,profile,7,all,-22.074409,9.371208
2,saits,profile,8,GR,-0.674109,32.703484
2,saits,profile,8,NPHI,0.083025,0.039920
2,saits,profile,8,RHOB,-1.153986,0.180553
2,saits,profile,8,all,0.713366,5.108356
2,saits,profile,9,GR,-0.112678,48.728718
2,saits,profile,9,NPHI,0.125797,0.078908
2,saits,profile,9,RHOB,-4.450593,0.156016
2,saits,profile,9,all,0.525235,13.609879
2,saits,profile,10,GR,0.112862,23.778044
2,saits,profile,10,NPHI,0.154307,0.067476
2,saits,profile,10,RHOB,0.045217,0.095627
2,saits,profile,10,all,0.718076,5.015389
2,saits,profile,11,GR,-21.355642,36.707302
2,saits,profile,11,NPHI,-1.140080,0.075910
2,saits,profile,11,RHOB,0.212071,0.066812
2,saits,profile,11,all,-4.672062,6.178867
2,saits,profile,12,GR,-0.506805,21.930681
2,saits,profile,12,NPHI,-0.430284,0.103824
2,saits,profile,12,RHOB,-0.809546,0.159523
2,saits,profile,12,all,0.577403,5.766946
2,saits,profile,13,GR,-0.126070,27.285547
2,saits,profile,13,NPHI,-0.363294,0.094945
2,saits,profile,13,RHOB,-0.754188,0.123427
2,saits,profile,13,all,0.773422,6.630373
2,saits,profile,14,GR,-21.876432,32.239906
2,saits,profile,14,NPHI,-2.127729,0.082442
2,saits,profile,14,RHOB,-2.554932,0.151545
2,saits,profile,14,all,-2.302177,5.051007
2,saits,profile,15,GR,-1.014463,24.120718
2,saits,profile,15,NPHI,0.058021,0.084067
2,saits,profile,15,RHOB,-0.431801,0.099022
2,saits,profile,15,all,0.337886,7.209915
2,saits,profile,16,GR,,
2,saits,profile,16,NPHI,-17.165201,0.113417
2,saits,profile,16,RHOB,,
2,saits,profile,16,all,-17.165201,0.113417
2,saits,profile,17,GR,-0.029388,31.494446
2,saits,profile,17,NPHI,0.033391,0.072684
2,saits,profile,17,RHOB,-0.519894,0.094246
2,saits,profile,17,all,0.572270,11.746750
2,saits,profile,18,GR,-1.023643,39.868156
2,saits,profile,18,NPHI,-0.043686,0.076875
2,saits,profile,18,RHOB,-0.076332,0.102115
2,saits,profile,18,all,0.643144,10.694614
2,saits,single,0,GR,0.988863,2.287191
2,saits,single,0,NPHI,0.988810,0.007357
2,saits,single,0,RHOB,0.982616,0.011994
2,saits,single,0,all,0.996423,0.551776
2,saits,single,1,GR,,
2,saits,single,1,NPHI,0.990049,0.003074
2,saits,single,1,RHOB,,
2,saits,single,1,all,0.990049,0.003074
2,saits,single,2,GR,0.955650,3.318317
2,saits,single,2,NPHI,0.985827,0.006363
2,saits,single,2,RHOB,0.985338,0.012899
2,saits,single,2,all,0.996928,0.713746
2,saits,single,3,GR,0.992715,1.290981
2,saits,single,3,NPHI,0.996553,0.004037
2,saits,single,3,RHOB,0.993303,0.008669
2,saits,single,3,all,0.997833,0.366584
2,saits,single,4,GR,0.982299,1.936409
2,saits,single,4,NPHI,0.991989,0.006436
2,saits,single,4,RHOB,0.984017,0.006206
2,saits,single,4,all,0.996033,0.525144
2,saits,single,5,GR,0.996138,1.174172
2,saits,single,5,NPHI,0.996537,0.004005
2,saits,single,5,RHOB,0.988775,0.012142
2,saits,single,5,all,0.998811,0.354765
2,saits,single,6,GR,0.864290,0.989033
2,saits,single,6,NPHI,0.964648,0.003099
2,saits,single,6,RHOB,0.996233,0.003541
2,saits,single,6,all,0.999037,0.094545
2,saits,single,7,GR,0.974311,1.309341
2,saits,single,7,NPHI,0.993725,0.003029
2,saits,single,7,RHOB,0.992539,0.004249
2,saits,single,7,all,0.989284,0.136675
2,saits,single,8,GR,0.993438,1.685890
2,saits,single,8,NPHI,0.942544,0.008300
2,saits,single,8,RHOB,0.910406,0.024112
2,saits,single,8,all,0.999225,0.145291
2,saits,single,9,GR,0.995902,2.777407
2,saits,single,9,NPHI,0.998362,0.003413
2,saits,single,9,RHOB,0.991448,0.008704
2,saits,single,9,all,0.998738,0.628803
2,saits,single,10,GR,0.981581,2.636436
2,saits,single,10,NPHI,0.995815,0.004634
2,saits,single,10,RHOB,0.902250,0.022227
2,saits,single,10,all,0.995937,0.455676
2,saits,single,11,GR,0.446757,1.533390
2,saits,single,11,NPHI,0.991137,0.004575
2,saits,single,11,RHOB,0.996646,0.004837
2,saits,single,11,all,0.972280,0.134243
2,saits,single,12,GR,0.993611,1.087336
2,saits,single,12,NPHI,0.989463,0.005713
2,saits,single,12,RHOB,0.994992,0.007509
2,saits,single,12,all,0.998263,0.287243
2,saits,single,13,GR,0.991332,1.825943
2,saits,single,13,NPHI,0.996809,0.004539
2,saits,single,13,RHOB,0.993785,0.005423
2,saits,single,13,all,0.998340,0.480393
2,saits,single,14,GR,0.317023,2.040749
2,saits,single,14,NPHI,0.995341,0.003187
2,saits,single,14,RHOB,0.992656,0.005435
2,saits,single,14,all,0.981978,0.163214
2,saits,single,15,GR,0.993860,1.360094
2,saits,single,15,NPHI,0.989783,0.006263
2,saits,single,15,RHOB,0.987235,0.007976
2,saits,single,15,all,0.997949,0.259662
2,saits,single,16,GR,,
2,saits,single,16,NPHI,0.619374,0.003092
2,saits,single,16,RHOB,,
2,saits,single,16,all,0.619374,0.003092
2,saits,single,17,GR,0.992779,2.437875
2,saits,single,17,NPHI,0.995667,0.004438
2,saits,single,17,RHOB,0.994000,0.004495
2,saits,single,17,all,0.996893,0.824533
2,saits,single,18,GR,0.981632,3.693734
2,saits,single,18,NPHI,0.992740,0.005087
2,saits,single,18,RHOB,0.981007,0.011220
2,saits,single,18,all,0.997386,0.754775
2,stgnn,blackout,0,GR,-0.227832,35.948408
2,stgnn,blackout,0,NPHI,0.108067,0.062037
2,stgnn,blackout,0,RHOB,-0.051002,0.105068
2,stgnn,blackout,0,all,0.439274,13.123496
2,stgnn,blackout,1,GR,-1.480947,33.037126
2,stgnn,blackout,1,NPHI,-0.523688,0.077311
2,stgnn,blackout,1,RHOB,-0.211912,0.090057
2,stgnn,blackout,1,all,0.746817,13.644904
2,stgnn,blackout,2,GR,-1.505246,20.563929
2,stgnn,blackout,2,NPHI,-0.877646,0.083019
2,stgnn,blackout,2,RHOB,0.079711,0.127263
2,stgnn,blackout,2,all,0.883434,6.836091
2,stgnn,blackout,3,GR,-0.751523,24.378749
2,stgnn,blackout,3,NPHI,-0.937542,0.104907
2,stgnn,blackout,3,RHOB,-0.609412,0.141771
2,stgnn,blackout,3,all,0.399386,8.904824
2,stgnn,blackout,4,GR,-1.174932,37.735214
2,stgnn,blackout,4,NPHI,-0.481890,0.101471
2,stgnn,blackout,4,RHOB,0.175781,0.109676
2,stgnn,blackout,4,all,0.451381,13.846869
2,stgnn,blackout,5,GR,-0.089488,19.423075
2,stgnn,blackout,5,NPHI,-0.062550,0.080574
2,stgnn,blackout,5,RHOB,0.060757,0.117206
2,stgnn,blackout,5,all,0.640039,6.896355
2,stgnn,blackout,6,GR,-10.278715,20.312514
2,stgnn,blackout,6,NPHI,-2.409316,0.069390
2,stgnn,blackout,6,RHOB,-0.095991,0.053215
2,stgnn,blackout,6,all,0.630274,6.638386
2,stgnn,blackout,7,GR,-64.996808,71.418441
2,stgnn,blackout,7,NPHI,-3.193535,0.103360
2,stgnn,blackout,7,RHOB,0.072476,0.072616
2,stgnn,blackout,7,all,-23.292746,24.818122
2,stgnn,blackout,8,GR,-0.214897,38.794501
2,stgnn,blackout,8,NPHI,-0.895838,0.061391
2,stgnn,blackout,8,RHOB,-0.223743,0.128368
2,stgnn,blackout,8,all,0.734842,12.702317
2,stgnn,blackout,9,GR,0.543355,28.505563
2,stgnn,blackout,9,NPHI,0.057274,0.076204
2,stgnn,blackout,9,RHOB,-0.883190,0.124659
2,stgnn,blackout,9,all,0.826908,10.051856
2,stgnn,blackout,10,GR,0.135428,26.740622
2,stgnn,blackout,10,NPHI,0.327152,0.054663
2,stgnn,blackout,10,RHOB,0.318607,0.082532
2,stgnn,blackout,10,all,0.699388,8.578236
2,stgnn,blackout,11,GR,-6.945562,19.132299
2,stgnn,blackout,11,NPHI,0.327566,0.043875
2,stgnn,blackout,11,RHOB,0.181080,0.068361
2,stgnn,blackout,11,all,-1.990281,6.258376
2,stgnn,blackout,12,GR,-0.979151,23.841260
2,stgnn,blackout,12,NPHI,-1.529748,0.131979
2,stgnn,blackout,12,RHOB,-0.761604,0.172761
2,stgnn,blackout,12,all,0.444875,8.727956
2,stgnn,blackout,13,GR,-1.015409,37.644581
2,stgnn,blackout,13,NPHI,0.107966,0.072243
2,stgnn,blackout,13,RHOB,-0.200654,0.083818
2,stgnn,blackout,13,all,0.548285,13.785473
2,stgnn,blackout,14,GR,-5.844253,19.830732
2,stgnn,blackout,14,NPHI,-2.098892,0.081414
2,stgnn,blackout,14,RHOB,0.097573,0.071719
2,stgnn,blackout,14,all,-0.449690,6.514048
2,stgnn,blackout,15,GR,0.048934,19.376693
2,stgnn,blackout,15,NPHI,0.337949,0.061903
2,stgnn,blackout,15,RHOB,0.281556,0.060511
2,stgnn,blackout,15,all,0.657653,6.181135
2,stgnn,blackout,16,GR,-955.572249,101.155137
2,stgnn,blackout,16,NPHI,-11.631375,0.094809
2,stgnn,blackout,16,RHOB,-2.243358,0.076997
2,stgnn,blackout,16,all,-107.604618,33.775648
2,stgnn,blackout,17,GR,0.233797,22.865394
2,stgnn,blackout,17,NPHI,-0.361530,0.081233
2,stgnn,blackout,17,RHOB,-0.780909,0.110195
2,stgnn,blackout,17,all,0.653848,7.891773
2,stgnn,blackout,18,GR,-0.263924,28.604342
2,stgnn,blackout,18,NPHI,0.265191,0.054462
2,stgnn,blackout,18,RHOB,-0.357064,0.097881
2,stgnn,blackout,18,all,0.817766,9.970773
2,stgnn,block,0,GR,0.632104,15.386407
2,stgnn,block,0,NPHI,-0.299997,0.064781
2,stgnn,block,0,RHOB,0.091389,0.090494
2,stgnn,block,0,all,0.802268,5.390417
2,stgnn,block,1,GR,0.215872,14.985875
2,stgnn,block,1,NPHI,,
2,stgnn,block,1,RHOB,-259.561859,0.205034
2,stgnn,block,1,all,0.820210,12.522402
2,stgnn,block,2,GR,-1.000017,14.957412
2,stgnn,block,2,NPHI,-0.049386,0.063358
2,stgnn,block,2,RHOB,0.400031,0.114245
2,stgnn,block,2,all,0.920378,4.690105
2,stgnn,block,3,GR,0.277485,15.617713
2,stgnn,block,3,NPHI,0.329734,0.067397
2,stgnn,block,3,RHOB,0.084055,0.101120
2,stgnn,block,3,all,0.744143,5.043358
2,stgnn,block,4,GR,0.285987,24.208411
2,stgnn,block,4,NPHI,0.670966,0.049581
2,stgnn,block,4,RHOB,0.317746,0.100792
2,stgnn,block,4,all,0.792219,6.905886
2,stgnn,block,5,GR,-0.736767,25.391767
2,stgnn,block,5,NPHI,0.719355,0.041128
2,stgnn,block,5,RHOB,0.634229,0.071735
2,stgnn,block,5,all,0.422940,7.354217
2,stgnn,block,6,GR,-32.560562,21.179542
2,stgnn,block,6,NPHI,-48.175839,0.056740
2,stgnn,block,6,RHOB,0.264255,0.046366
2,stgnn,block,6,all,0.419959,10.313126
2,stgnn,block,7,GR,-28.298775,66.688204
2,stgnn,block,7,NPHI,-12.729702,0.047995
2,stgnn,block,7,RHOB,0.782845,0.023783
2,stgnn,block,7,all,-21.936742,37.801903
2,stgnn,block,8,GR,0.115298,26.175005
2,stgnn,block,8,NPHI,-1.858440,0.050517
2,stgnn,block,8,RHOB,-0.182386,0.078595
2,stgnn,block,8,all,0.708629,10.890840
2,stgnn,block,9,GR,0.756235,17.078604
2,stgnn,block,9,NPHI,0.292677,0.050902
2,stgnn,block,9,RHOB,-0.022758,0.084405
2,stgnn,block,9,all,0.888236,5.426365
2,stgnn,block,10,GR,0.454236,22.393082
2,stgnn,block,10,NPHI,0.448365,0.040396
2,stgnn,block,10,RHOB,0.784505,0.026503
2,stgnn,block,10,all,0.780597,5.951971
2,stgnn,block,11,GR,-1.457608,9.100403
2,stgnn,block,11,NPHI,0.766977,0.018287
2,stgnn,block,11,RHOB,0.735117,0.039502
2,stgnn,block,11,all,0.191055,3.884020
2,stgnn,block,12,GR,0.103425,17.477510
2,stgnn,block,12,NPHI,-1.044541,0.094051
2,stgnn,block,12,RHOB,0.237494,0.104412
2,stgnn,block,12,all,0.707235,5.489386
2,stgnn,block,13,GR,-0.943504,39.133340
2,stgnn,block,13,NPHI,0.726649,0.049139
2,stgnn,block,13,RHOB,0.278233,0.074983
2,stgnn,block,13,all,0.503913,9.969094
2,stgnn,block,14,GR,-14.165946,22.673829
2,stgnn,block,14,NPHI,0.565867,0.030072
2,stgnn,block,14,RHOB,0.653452,0.046366
2,stgnn,block,14,all,-2.375063,9.423716
2,stgnn,block,15,GR,-0.306665,11.263294
2,stgnn,block,15,NPHI,0.826830,0.036952
2,stgnn,block,15,RHOB,0.478234,0.047457
2,stgnn,block,15,all,0.922237,2.476137
2,stgnn,block,16,GR,-376.507136,54.009975
2,stgnn,block,16,NPHI,,
2,stgnn,block,16,RHOB,,
2,stgnn,block,16,all,-376.507136,54.009975
2,stgnn,block,17,GR,0.277167,23.570489
2,stgnn,block,17,NPHI,0.377284,0.049393
2,stgnn,block,17,RHOB,-0.004687,0.065171
2,stgnn,block,17,all,0.743834,6.570798
2,stgnn,block,18,GR,-0.227893,31.096738
2,stgnn,block,18,NPHI,0.467761,0.041600
2,stgnn,block,18,RHOB,-0.040699,0.079049
2,stgnn,block,18,all,0.683587,11.288652
2,stgnn,profile,0,GR,-0.213990,31.702464
2,stgnn,profile,0,NPHI,-0.022379,0.058551
2,stgnn,profile,0,RHOB,-0.330285,0.129102
2,stgnn,profile,0,all,0.480179,9.382185
2,stgnn,profile,1,GR,,
2,stgnn,profile,1,NPHI,-0.765147,0.073915
2,stgnn,profile,1,RHOB,-0.936441,0.104950
2,stgnn,profile,1,all,0.991739,0.089433
2,stgnn,profile,2,GR,-1.479910,22.255450
2,stgnn,profile,2,NPHI,-0.194711,0.075897
2,stgnn,profile,2,RHOB,-0.145719,0.117307
2,stgnn,profile,2,all,0.864469,5.921339
2,stgnn,profile,3,GR,-0.110719,18.255145
2,stgnn,profile,3,NPHI,0.464516,0.056850
2,stgnn,profile,3,RHOB,0.195805,0.095375
2,stgnn,profile,3,all,0.611323,5.688243
2,stgnn,profile,4,GR,0.361214,22.624238
2,stgnn,profile,4,NPHI,0.414467,0.048231
2,stgnn,profile,4,RHOB,0.284493,0.124361
2,stgnn,profile,4,all,0.823448,6.119846
2,stgnn,profile,5,GR,-0.446993,20.801581
2,stgnn,profile,5,NPHI,0.671418,0.045379
2,stgnn,profile,5,RHOB,0.583171,0.076177
2,stgnn,profile,5,all,0.541661,6.928899
2,stgnn,profile,6,GR,-30.572376,23.307936
2,stgnn,profile,6,NPHI,-1.467977,0.060305
2,stgnn,profile,6,RHOB,0.134458,0.048541
2,stgnn,profile,6,all,0.550492,4.283938
2,stgnn,profile,7,GR,-182.750442,71.123037
2,stgnn,profile,7,NPHI,0.212503,0.052406
2,stgnn,profile,7,RHOB,0.763113,0.030025
2,stgnn,profile,7,all,-53.620801,14.259818
2,stgnn,profile,8,GR,0.247326,21.991477
2,stgnn,profile,8,NPHI,-0.213434,0.047314
2,stgnn,profile,8,RHOB,-0.183526,0.119267
2,stgnn,profile,8,all,0.871128,3.445478
2,stgnn,profile,9,GR,0.820996,18.777089
2,stgnn,profile,9,NPHI,0.094587,0.070978
2,stgnn,profile,9,RHOB,-1.822700,0.086474
2,stgnn,profile,9,all,0.923619,5.270564
2,stgnn,profile,10,GR,0.297968,19.038349
2,stgnn,profile,10,NPHI,0.821608,0.027928
2,stgnn,profile,10,RHOB,0.478430,0.066361
2,stgnn,profile,10,all,0.776907,3.999642
2,stgnn,profile,11,GR,-1.082994,8.955747
2,stgnn,profile,11,NPHI,0.652890,0.031255
2,stgnn,profile,11,RHOB,0.828799,0.030217
2,stgnn,profile,11,all,0.471490,1.518411
2,stgnn,profile,12,GR,0.083506,15.882197
2,stgnn,profile,12,NPHI,0.263354,0.074864
2,stgnn,profile,12,RHOB,0.383927,0.090953
2,stgnn,profile,12,all,0.742973,4.168238
2,stgnn,profile,13,GR,-0.048099,27.487459
2,stgnn,profile,13,NPHI,0.346080,0.059293
2,stgnn,profile,13,RHOB,-0.037545,0.080994
2,stgnn,profile,13,all,0.789115,6.649431
2,stgnn,profile,14,GR,-6.448740,17.397327
2,stgnn,profile,14,NPHI,0.262823,0.039419
2,stgnn,profile,14,RHOB,0.570426,0.046066
2,stgnn,profile,14,all,-0.075171,2.711912
2,stgnn,profile,15,GR,0.258817,14.928933
2,stgnn,profile,15,NPHI,0.712249,0.044237
2,stgnn,profile,15,RHOB,0.316782,0.056057
2,stgnn,profile,15,all,0.756388,4.457582
2,stgnn,profile,16,GR,,
2,stgnn,profile,16,NPHI,0.188160,0.022994
2,stgnn,profile,16,RHOB,,
2,stgnn,profile,16,all,0.188160,0.022994
2,stgnn,profile,17,GR,0.421831,21.100518
2,stgnn,profile,17,NPHI,0.255196,0.060367
2,stgnn,profile,17,RHOB,0.101372,0.074089
2,stgnn,profile,17,all,0.759760,7.877144
2,stgnn,profile,18,GR,-0.090183,29.198682
2,stgnn,profile,18,NPHI,0.313821,0.055874
2,stgnn,profile,18,RHOB,0.159610,0.090737
2,stgnn,profile,18,all,0.807753,7.836586
2,stgnn,single,0,GR,0.502932,17.805815
2,stgnn,single,0,NPHI,0.334980,0.055002
2,stgnn,single,0,RHOB,0.568168,0.077415
2,stgnn,single,0,all,0.840355,4.289124
2,stgnn,single,1,GR,,
2,stgnn,single,1,NPHI,-0.032280,0.043321
2,stgnn,single,1,RHOB,,
2,stgnn,single,1,all,-0.032280,0.043321
2,stgnn,single,2,GR,0.371465,13.124576
2,stgnn,single,2,NPHI,-0.571074,0.058991
2,stgnn,single,2,RHOB,0.278671,0.099879
2,stgnn,single,2,all,0.956454,2.855867
2,stgnn,single,3,GR,0.167774,14.711967
2,stgnn,single,3,NPHI,0.271351,0.065525
2,stgnn,single,3,RHOB,0.404152,0.081551
2,stgnn,single,3,all,0.752488,4.176556
2,stgnn,single,4,GR,0.526389,19.748570
2,stgnn,single,4,NPHI,0.669121,0.040731
2,stgnn,single,4,RHOB,-0.034446,0.074384
2,stgnn,single,4,all,0.893851,5.353494
2,stgnn,single,5,GR,-0.394560,22.767050
2,stgnn,single,5,NPHI,0.703122,0.040632
2,stgnn,single,5,RHOB,0.790888,0.052747
2,stgnn,single,5,all,0.570626,6.793860
2,stgnn,single,6,GR,-27.176144,16.256839
2,stgnn,single,6,NPHI,-1.902111,0.042466
2,stgnn,single,6,RHOB,0.190492,0.062108
2,stgnn,single,6,all,0.799991,1.550708
2,stgnn,single,7,GR,-63.003804,69.919705
2,stgnn,single,7,NPHI,0.717252,0.025504
2,stgnn,single,7,RHOB,0.670662,0.032696
2,stgnn,single,7,all,-25.696767,7.159620
2,stgnn,single,8,GR,-0.291684,16.227434
2,stgnn,single,8,NPHI,0.090023,0.037208
2,stgnn,single,8,RHOB,-0.742550,0.109065
2,stgnn,single,8,all,0.847784,1.329016
2,stgnn,single,9,GR,0.788617,21.164537
2,stgnn,single,9,NPHI,0.757479,0.050570
2,stgnn,single,9,RHOB,-0.094320,0.089522
2,stgnn,single,9,all,0.934882,4.810162
2,stgnn,single,10,GR,0.410999,17.226532
2,stgnn,single,10,NPHI,0.873244,0.024817
2,stgnn,single,10,RHOB,0.810545,0.060087
2,stgnn,single,10,all,0.870193,2.933348
2,stgnn,single,11,GR,-91.766850,19.176967
2,stgnn,single,11,NPHI,0.647734,0.030468
2,stgnn,single,11,RHOB,0.889833,0.024969
2,stgnn,single,11,all,-3.647619,1.650816
2,stgnn,single,12,GR,0.216730,14.825807
2,stgnn,single,12,NPHI,-0.223398,0.079639
2,stgnn,single,12,RHOB,0.593877,0.072783
2,stgnn,single,12,all,0.787092,3.903320
2,stgnn,single,13,GR,0.170376,23.958263
2,stgnn,single,13,NPHI,0.734104,0.042413
2,stgnn,single,13,RHOB,0.246615,0.082189
2,stgnn,single,13,all,0.841091,6.302918
2,stgnn,single,14,GR,-75.014734,20.157638
2,stgnn,single,14,NPHI,0.727518,0.025582
2,stgnn,single,14,RHOB,0.765081,0.032651
2,stgnn,single,14,all,-1.005739,1.601050
2,stgnn,single,15,GR,0.282668,14.131015
2,stgnn,single,15,NPHI,0.780199,0.032427
2,stgnn,single,15,RHOB,0.667831,0.041822
2,stgnn,single,15,all,0.760443,2.667248
2,stgnn,single,16,GR,,
2,stgnn,single,16,NPHI,-8.100712,0.017663
2,stgnn,single,16,RHOB,,
2,stgnn,single,16,all,-8.100712,0.017663
2,stgnn,single,17,GR,0.727289,15.983936
2,stgnn,single,17,NPHI,0.503360,0.051514
2,stgnn,single,17,RHOB,0.366302,0.064838
2,stgnn,single,17,all,0.882684,5.425621
2,stgnn,single,18,GR,0.061466,28.991888
2,stgnn,single,18,NPHI,-0.092805,0.071677
2,stgnn,single,18,RHOB,-0.000385,0.079976
2,stgnn,single,18,all,0.866425,5.936574
2,unet,blackout,0,GR,-0.032890,34.088882
2,unet,blackout,0,NPHI,0.080134,0.061193
2,unet,blackout,0,RHOB,0.134338,0.097930
2,unet,blackout,0,all,0.528300,12.444929
2,unet,blackout,1,GR,-0.999122,27.929716
2,unet,blackout,1,NPHI,-1.713173,0.099109
2,unet,blackout,1,RHOB,-0.331192,0.084051
2,unet,blackout,1,all,0.795987,11.550746
2,unet,blackout,2,GR,-4.503159,32.935051
2,unet,blackout,2,NPHI,-0.000342,0.065670
2,unet,blackout,2,RHOB,0.261418,0.113913
2,unet,blackout,2,all,0.743956,10.896253
2,unet,blackout,3,GR,-0.907597,25.818436
2,unet,blackout,3,NPHI,0.089970,0.072900
2,unet,blackout,3,RHOB,-0.527860,0.137340
2,unet,blackout,3,all,0.345876,9.413671
2,unet,blackout,4,GR,-0.070741,25.430635
2,unet,blackout,4,NPHI,0.173501,0.074928
2,unet,blackout,4,RHOB,0.206475,0.108790
2,unet,blackout,4,all,0.729907,9.343973
2,unet,blackout,5,GR,-0.211998,20.651775
2,unet,blackout,5,NPHI,0.283763,0.062430
2,unet,blackout,5,RHOB,0.127478,0.106843
2,unet,blackout,5,all,0.599567,7.319286
2,unet,blackout,6,GR,-2.287081,9.345764
2,unet,blackout,6,NPHI,-8.273072,0.116440
2,unet,blackout,6,RHOB,-3.172547,0.108767
2,unet,blackout,6,all,0.892225,3.111318
2,unet,blackout,7,GR,-13.878937,31.424297
2,unet,blackout,7,NPHI,-1.634298,0.077671
2,unet,blackout,7,RHOB,-0.750644,0.092893
2,unet,blackout,7,all,-4.476854,10.948825
2,unet,blackout,8,GR,-1.333654,54.403530
2,unet,blackout,8,NPHI,-3.836412,0.086439
2,unet,blackout,8,RHOB,-0.021849,0.110131
2,unet,blackout,8,all,0.490670,17.792929
2,unet,blackout,9,GR,0.040590,38.893909
2,unet,blackout,9,NPHI,0.398915,0.066152
2,unet,blackout,9,RHOB,-0.157528,0.112111
2,unet,blackout,9,all,0.636342,13.684294
2,unet,blackout,10,GR,0.197800,24.506065
2,unet,blackout,10,NPHI,0.179428,0.058536
2,unet,blackout,10,RHOB,0.118497,0.087953
2,unet,blackout,10,all,0.721072,7.868497
2,unet,blackout,11,GR,-9.832857,22.511583
2,unet,blackout,11,NPHI,0.096645,0.050985
2,unet,blackout,11,RHOB,0.197316,0.070965
2,unet,blackout,11,all,-3.076888,7.360810
2,unet,blackout,12,GR,-0.539559,21.166468
2,unet,blackout,12,NPHI,-0.105733,0.086476
2,unet,blackout,12,RHOB,-0.467848,0.153186
2,unet,blackout,12,all,0.568179,7.737802
2,unet,blackout,13,GR,-0.875707,36.350307
2,unet,blackout,13,NPHI,0.153773,0.069173
2,unet,blackout,13,RHOB,-0.703391,0.102292
2,unet,blackout,13,all,0.579596,13.317432
2,unet,blackout,14,GR,-9.294267,22.470957
2,unet,blackout,14,NPHI,-0.356089,0.049700
2,unet,blackout,14,RHOB,-0.120406,0.074562
2,unet,blackout,14,all,-1.180408,7.363051
2,unet,blackout,15,GR,-0.144393,18.516890
2,unet,blackout,15,NPHI,0.374014,0.057349
2,unet,blackout,15,RHOB,-0.333693,0.082330
2,unet,blackout,15,all,0.588061,5.914537
2,unet,blackout,16,GR,-198.611099,45.916294
2,unet,blackout,16,NPHI,-14.823785,0.106924
2,unet,blackout,16,RHOB,-1.416842,0.068478
2,unet,blackout,16,all,-21.663036,15.363899
2,unet,blackout,17,GR,0.088608,29.380585
2,unet,blackout,17,NPHI,-0.135001,0.077708
2,unet,blackout,17,RHOB,-0.628205,0.105902
2,unet,blackout,17,all,0.588258,10.119901
2,unet,blackout,18,GR,-2.119202,47.177780
2,unet,blackout,18,NPHI,-0.553376,0.088542
2,unet,blackout,18,RHOB,-0.103903,0.093091
2,unet,blackout,18,all,0.550273,16.425632
2,unet,block,0,GR,0.514112,18.596230
2,unet,block,0,NPHI,0.087185,0.054586
2,unet,block,0,RHOB,0.287958,0.075919
2,unet,block,0,all,0.738856,6.495673
2,unet,block,1,GR,-3.186316,39.286644
2,unet,block,1,NPHI,,
2,unet,block,1,RHOB,-5.634048,0.028746
2,unet,block,1,all,0.040158,32.743660
2,unet,block,2,GR,0.175393,9.522892
2,unet,block,2,NPHI,0.753845,0.025070
2,unet,block,2,RHOB,0.278787,0.117701
2,unet,block,2,all,0.967165,3.002865
2,unet,block,3,GR,0.422188,14.070582
2,unet,block,3,NPHI,0.768098,0.037745
2,unet,block,3,RHOB,0.617688,0.068324
2,unet,block,3,all,0.795393,4.528184
2,unet,block,4,GR,0.199068,22.886557
2,unet,block,4,NPHI,0.752659,0.039918
2,unet,block,4,RHOB,0.369983,0.081288
2,unet,block,4,all,0.766927,6.520803
2,unet,block,5,GR,-0.041457,18.202677
2,unet,block,5,NPHI,0.842849,0.029604
2,unet,block,5,RHOB,0.733730,0.060857
2,unet,block,5,all,0.653964,5.275376
2,unet,block,6,GR,-7.280015,10.546522
2,unet,block,6,NPHI,-99.211426,0.083632
2,unet,block,6,RHOB,0.313207,0.044557
2,unet,block,6,all,0.856889,5.153326
2,unet,block,7,GR,0.404711,8.196831
2,unet,block,7,NPHI,-1.395735,0.018354
2,unet,block,7,RHOB,0.790087,0.019210
2,unet,block,7,all,0.533971,4.653139
2,unet,block,8,GR,-0.182133,38.490734
2,unet,block,8,NPHI,-45.200424,0.209084
2,unet,block,8,RHOB,-0.807959,0.101367
2,unet,block,8,all,0.610667,16.050436
2,unet,block,9,GR,0.852481,12.721205
2,unet,block,9,NPHI,0.566784,0.049000
2,unet,block,9,RHOB,-0.064349,0.086755
2,unet,block,9,all,0.932362,4.055178
2,unet,block,10,GR,0.703295,14.267055
2,unet,block,10,NPHI,0.239991,0.052083
2,unet,block,10,RHOB,0.263122,0.047739
2,unet,block,10,all,0.880719,3.813208
2,unet,block,11,GR,-5.198924,15.410283
2,unet,block,11,NPHI,0.761414,0.020637
2,unet,block,11,RHOB,0.692960,0.043982
2,unet,block,11,all,-1.040417,6.567656
2,unet,block,12,GR,0.310870,14.974075
2,unet,block,12,NPHI,0.326635,0.047791
2,unet,block,12,RHOB,0.706933,0.063915
2,unet,block,12,all,0.774984,4.683462
2,unet,block,13,GR,-0.519091,27.785501
2,unet,block,13,NPHI,0.732323,0.043966
2,unet,block,13,RHOB,0.337285,0.066132
2,unet,block,13,all,0.612246,7.086710
2,unet,block,14,GR,-0.732461,6.271051
2,unet,block,14,NPHI,0.366843,0.037993
2,unet,block,14,RHOB,0.633492,0.043611
2,unet,block,14,all,0.614437,2.624077
2,unet,block,15,GR,-6.521975,28.218485
2,unet,block,15,NPHI,0.807407,0.038064
2,unet,block,15,RHOB,-0.012111,0.061483
2,unet,block,15,all,0.552367,6.159638
2,unet,block,16,GR,-37.303970,16.803871
2,unet,block,16,NPHI,,
2,unet,block,16,RHOB,,
2,unet,block,16,all,-37.303970,16.803871
2,unet,block,17,GR,0.572955,19.174526
2,unet,block,17,NPHI,0.623811,0.041473
2,unet,block,17,RHOB,-0.482824,0.086815
2,unet,block,17,all,0.848656,5.357936
2,unet,block,18,GR,-0.403286,35.117413
2,unet,block,18,NPHI,-1.634648,0.094806
2,unet,block,18,RHOB,-0.145338,0.074865
2,unet,block,18,all,0.638389,12.754920
2,unet,profile,0,GR,0.416660,24.803659
2,unet,profile,0,NPHI,0.201890,0.049594
2,unet,profile,0,RHOB,0.080557,0.102934
2,unet,profile,0,all,0.750216,7.342752
2,unet,profile,1,GR,,
2,unet,profile,1,NPHI,-1.558616,0.086030
2,unet,profile,1,RHOB,-0.739679,0.091784
2,unet,profile,1,all,0.991260,0.088907
2,unet,profile,2,GR,-3.051968,27.080185
2,unet,profile,2,NPHI,0.607276,0.039618
2,unet,profile,2,RHOB,0.326282,0.075380
2,unet,profile,2,all,0.778560,7.163086
2,unet,profile,3,GR,-0.085695,18.296154
2,unet,profile,3,NPHI,0.821786,0.032623
2,unet,profile,3,RHOB,0.662390,0.063335
2,unet,profile,3,all,0.620089,5.681865
2,unet,profile,4,GR,0.093887,23.152868
2,unet,profile,4,NPHI,0.259435,0.050007
2,unet,profile,4,RHOB,0.428801,0.092276
2,unet,profile,4,all,0.749568,6.251859
2,unet,profile,5,GR,-0.086092,18.121529
2,unet,profile,5,NPHI,0.719566,0.040973
2,unet,profile,5,RHOB,0.545539,0.077918
2,unet,profile,5,all,0.655975,6.040635
2,unet,profile,6,GR,-6.046112,10.988787
2,unet,profile,6,NPHI,-3.199790,0.082121
2,unet,profile,6,RHOB,0.283033,0.044694
2,unet,profile,6,all,0.899667,2.054944
2,unet,profile,7,GR,-6.691396,11.077838
2,unet,profile,7,NPHI,0.775248,0.023325
2,unet,profile,7,RHOB,0.742264,0.028226
2,unet,profile,7,all,-1.286358,2.235698
2,unet,profile,8,GR,-0.681328,36.570148
2,unet,profile,8,NPHI,-9.473313,0.139037
2,unet,profile,8,RHOB,-0.466498,0.140298
2,unet,profile,8,all,0.712120,5.744212
2,unet,profile,9,GR,0.410617,35.372108
2,unet,profile,9,NPHI,0.613592,0.051949
2,unet,profile,9,RHOB,-1.030006,0.094476
2,unet,profile,9,all,0.748519,9.872555
2,unet,profile,10,GR,0.534206,15.078351
2,unet,profile,10,NPHI,0.695992,0.037903
2,unet,profile,10,RHOB,0.122319,0.102028
2,unet,profile,10,all,0.851972,3.190033
2,unet,profile,11,GR,-3.964027,13.754139
2,unet,profile,11,NPHI,0.702351,0.029306
2,unet,profile,11,RHOB,0.724572,0.041032
2,unet,profile,11,all,-0.259465,2.319710
2,unet,profile,12,GR,-0.392619,19.792894
2,unet,profile,12,NPHI,0.844791,0.031840
2,unet,profile,12,RHOB,0.722922,0.058912
2,unet,profile,12,all,0.609471,5.151326
2,unet,profile,13,GR,0.521288,13.611012
2,unet,profile,13,NPHI,0.450660,0.050041
2,unet,profile,13,RHOB,0.140295,0.072876
2,unet,profile,13,all,0.903677,3.312439
2,unet,profile,14,GR,-5.388265,12.220648
2,unet,profile,14,NPHI,0.585715,0.026340
2,unet,profile,14,RHOB,0.778094,0.028107
2,unet,profile,14,all,0.077915,1.902931
2,unet,profile,15,GR,-0.298417,16.028589
2,unet,profile,15,NPHI,0.542614,0.052313
2,unet,profile,15,RHOB,-0.124582,0.078239
2,unet,profile,15,all,0.573237,4.792746
2,unet,profile,16,GR,,
2,unet,profile,16,NPHI,0.464015,0.015108
2,unet,profile,16,RHOB,,
2,unet,profile,16,all,0.464015,0.015108
2,unet,profile,17,GR,0.629791,18.551823
2,unet,profile,17,NPHI,0.586007,0.045766
2,unet,profile,17,RHOB,-0.155439,0.087539
2,unet,profile,17,all,0.846169,6.930609
2,unet,profile,18,GR,-1.451993,45.711884
2,unet,profile,18,NPHI,-0.214363,0.079904
2,unet,profile,18,RHOB,-0.411292,0.115653
2,unet,profile,18,all,0.567608,12.257966
2,unet,single,0,GR,0.647522,13.752118
2,unet,single,0,NPHI,0.720014,0.034913
2,unet,single,0,RHOB,0.827698,0.047203
2,unet,single,0,all,0.886796,3.305157
2,unet,single,1,GR,,
2,unet,single,1,NPHI,0.017325,0.043094
2,unet,single,1,RHOB,,
2,unet,single,1,all,0.017325,0.043094
2,unet,single,2,GR,-0.114342,18.697256
2,unet,single,2,NPHI,0.790473,0.025274
2,unet,single,2,RHOB,0.811650,0.049286
2,unet,single,2,all,0.922807,4.007999
2,unet,single,3,GR,0.368198,12.934977
2,unet,single,3,NPHI,0.731349,0.038085
2,unet,single,3,RHOB,0.779292,0.048967
2,unet,single,3,all,0.812104,3.656719
2,unet,single,4,GR,0.606471,17.428280
2,unet,single,4,NPHI,0.808184,0.028224
2,unet,single,4,RHOB,0.536308,0.049463
2,unet,single,4,all,0.911801,4.715098
2,unet,single,5,GR,0.639518,11.283728
2,unet,single,5,NPHI,0.846309,0.027133
2,unet,single,5,RHOB,0.889183,0.036889
2,unet,single,5,all,0.889009,3.373586
2,unet,single,6,GR,-24.525944,16.666599
2,unet,single,6,NPHI,-1.046026,0.038037
2,unet,single,6,RHOB,-0.360754,0.085508
2,unet,single,6,all,0.818796,1.594421
2,unet,single,7,GR,0.693084,4.463569
2,unet,single,7,NPHI,0.891655,0.013340
2,unet,single,7,RHOB,0.759323,0.024402
2,unet,single,7,all,0.871958,0.470606
2,unet,single,8,GR,0.805214,8.754988
2,unet,single,8,NPHI,-8.853728,0.131475
2,unet,single,8,RHOB,0.495433,0.066922
2,unet,single,8,all,0.977000,0.780980
2,unet,single,9,GR,0.909813,13.649938
2,unet,single,9,NPHI,0.695118,0.052352
2,unet,single,9,RHOB,0.663398,0.050156
2,unet,single,9,all,0.972217,3.107150
2,unet,single,10,GR,0.866665,6.372963
2,unet,single,10,NPHI,0.827401,0.025991
2,unet,single,10,RHOB,0.537622,0.072459
2,unet,single,10,all,0.970599,1.115748
2,unet,single,11,GR,-28.360851,9.874191
2,unet,single,11,NPHI,0.914023,0.015562
2,unet,single,11,RHOB,0.960989,0.017232
2,unet,single,11,all,-0.470975,0.851718
2,unet,single,12,GR,0.104882,14.022425
2,unet,single,12,NPHI,0.550440,0.045794
2,unet,single,12,RHOB,0.775872,0.058528
2,unet,single,12,all,0.756701,3.678852
2,unet,single,13,GR,0.327499,20.255474
2,unet,single,13,NPHI,0.835157,0.039165
2,unet,single,13,RHOB,0.755279,0.045690
2,unet,single,13,all,0.871188,5.319371
2,unet,single,14,GR,-3.989511,5.176721
2,unet,single,14,NPHI,0.886837,0.014595
2,unet,single,14,RHOB,0.786684,0.028724
2,unet,single,14,all,0.868313,0.423184
2,unet,single,15,GR,0.708085,8.646023
2,unet,single,15,NPHI,0.901730,0.023439
2,unet,single,15,RHOB,0.617149,0.050725
2,unet,single,15,all,0.902508,1.645162
2,unet,single,16,GR,,
2,unet,single,16,NPHI,-2.813523,0.009833
2,unet,single,16,RHOB,,
2,unet,single,16,all,-2.813523,0.009833
2,unet,single,17,GR,0.876639,10.670377
2,unet,single,17,NPHI,0.802013,0.031036
2,unet,single,17,RHOB,0.194934,0.079138
2,unet,single,17,all,0.946930,3.633994
2,unet,single,18,GR,-0.901847,42.024788
2,unet,single,18,NPHI,0.359091,0.056750
2,unet,single,18,RHOB,0.229050,0.068408
2,unet,single,18,all,0.729328,8.567566
2,xgb,blackout,0,GR,-1.617544,53.963026
2,xgb,blackout,0,NPHI,-4.426101,0.163485
2,xgb,blackout,0,RHOB,-10.265958,0.350638
2,xgb,blackout,0,all,-0.195421,19.781659
2,xgb,blackout,1,GR,-0.173257,20.830685
2,xgb,blackout,1,NPHI,-8.316928,0.192706
2,xgb,blackout,1,RHOB,-17.309164,0.378284
2,xgb,blackout,1,all,0.880251,8.719542
2,xgb,blackout,2,GR,-3.039319,25.209655
2,xgb,blackout,2,NPHI,-3.130162,0.132537
2,xgb,blackout,2,RHOB,-3.989740,0.353255
2,xgb,blackout,2,all,0.812034,8.454371
2,xgb,blackout,3,GR,-12.586584,73.073074
2,xgb,blackout,3,NPHI,-0.995632,0.112757
2,xgb,blackout,3,RHOB,-12.576379,0.435835
2,xgb,blackout,3,all,-3.658905,26.624186
2,xgb,blackout,4,GR,-1.494913,41.405981
2,xgb,blackout,4,NPHI,-1.830190,0.146839
2,xgb,blackout,4,RHOB,-3.134170,0.336984
2,xgb,blackout,4,all,0.370643,15.268123
2,xgb,blackout,5,GR,-11.836430,77.286082
2,xgb,blackout,5,NPHI,-1.403823,0.120770
2,xgb,blackout,5,RHOB,-2.331584,0.231620
2,xgb,blackout,5,all,-3.240940,27.300569
2,xgb,blackout,6,GR,-72.034723,53.098825
2,xgb,blackout,6,NPHI,-41.835403,0.259811
2,xgb,blackout,6,RHOB,-44.206590,0.380210
2,xgb,blackout,6,all,-1.394267,17.452574
2,xgb,blackout,7,GR,-87.283404,78.283723
2,xgb,blackout,7,NPHI,-19.183871,0.234037
2,xgb,blackout,7,RHOB,-22.511395,0.389289
2,xgb,blackout,7,all,-31.497083,27.333682
2,xgb,blackout,8,GR,-0.351798,43.254512
2,xgb,blackout,8,NPHI,-10.673853,0.172156
2,xgb,blackout,8,RHOB,-5.959412,0.389021
2,xgb,blackout,8,all,0.704945,14.273891
2,xgb,blackout,9,GR,-0.721170,56.493118
2,xgb,blackout,9,NPHI,-2.318599,0.168043
2,xgb,blackout,9,RHOB,-35.502527,0.603606
2,xgb,blackout,9,all,0.347532,20.036751
2,xgb,blackout,10,GR,-2.036364,52.796907
2,xgb,blackout,10,NPHI,-3.194439,0.159573
2,xgb,blackout,10,RHOB,-4.758398,0.318755
2,xgb,blackout,10,all,-0.055771,17.008296
2,xgb,blackout,11,GR,-119.210290,84.131935
2,xgb,blackout,11,NPHI,-10.500855,0.214459
2,xgb,blackout,11,RHOB,-15.806751,0.362039
2,xgb,blackout,11,all,-44.240913,27.546417
2,xgb,blackout,12,GR,-11.585575,64.144525
2,xgb,blackout,12,NPHI,-0.268296,0.090141
2,xgb,blackout,12,RHOB,-3.071102,0.285803
2,xgb,blackout,12,all,-2.529889,23.337728
2,xgb,blackout,13,GR,-1.399867,41.932373
2,xgb,blackout,13,NPHI,-3.047580,0.158854
2,xgb,blackout,13,RHOB,-24.999341,0.418003
2,xgb,blackout,13,all,0.462074,15.476103
2,xgb,blackout,14,GR,-71.398879,69.983878
2,xgb,blackout,14,NPHI,-19.268501,0.222014
2,xgb,blackout,14,RHOB,-26.139887,0.418945
2,xgb,blackout,14,all,-14.335118,23.011657
2,xgb,blackout,15,GR,-9.182721,64.799814
2,xgb,blackout,15,NPHI,-3.094868,0.160314
2,xgb,blackout,15,RHOB,-14.024886,0.304540
2,xgb,blackout,15,all,-2.665412,20.689569
2,xgb,blackout,16,GR,-378.031163,63.773926
2,xgb,blackout,16,NPHI,-117.262004,0.301865
2,xgb,blackout,16,RHOB,-81.808179,0.453123
2,xgb,blackout,16,all,-42.036465,21.509638
2,xgb,blackout,17,GR,-2.716381,55.505108
2,xgb,blackout,17,NPHI,-4.865118,0.180813
2,xgb,blackout,17,RHOB,-20.872775,0.398623
2,xgb,blackout,17,all,-0.679012,19.195171
2,xgb,blackout,18,GR,-1.007412,33.597840
2,xgb,blackout,18,NPHI,-5.499578,0.187590
2,xgb,blackout,18,RHOB,-11.354925,0.339543
2,xgb,blackout,18,all,0.710547,11.820044
2,xgb,block,0,GR,0.217152,20.513164
2,xgb,block,0,NPHI,-0.494832,0.077777
2,xgb,block,0,RHOB,0.313758,0.074368
2,xgb,block,0,all,0.579256,7.166283
2,xgb,block,1,GR,-5.824664,52.690630
2,xgb,block,1,NPHI,,
2,xgb,block,1,RHOB,-144.788540,0.147483
2,xgb,block,1,all,-0.564767,43.933439
2,xgb,block,2,GR,-0.491271,13.552768
2,xgb,block,2,NPHI,0.653003,0.032040
2,xgb,block,2,RHOB,0.419316,0.103271
2,xgb,block,2,all,0.940630,4.243552
2,xgb,block,3,GR,0.327856,15.853226
2,xgb,block,3,NPHI,0.737418,0.039977
2,xgb,block,3,RHOB,0.499850,0.072451
2,xgb,block,3,all,0.761988,5.099368
2,xgb,block,4,GR,0.068705,23.960859
2,xgb,block,4,NPHI,0.760901,0.041509
2,xgb,block,4,RHOB,0.299060,0.086080
2,xgb,block,4,all,0.728991,6.827227
2,xgb,block,5,GR,-0.291376,20.957395
2,xgb,block,5,NPHI,0.804241,0.032050
2,xgb,block,5,RHOB,0.636737,0.070838
2,xgb,block,5,all,0.570925,6.073261
2,xgb,block,6,GR,-28.804193,19.637234
2,xgb,block,6,NPHI,-92.095222,0.081513
2,xgb,block,6,RHOB,0.216893,0.046098
2,xgb,block,6,all,0.484880,9.568875
2,xgb,block,7,GR,-2.028598,19.471096
2,xgb,block,7,NPHI,-2.392314,0.021484
2,xgb,block,7,RHOB,0.739034,0.026627
2,xgb,block,7,all,-1.370962,11.044817
2,xgb,block,8,GR,-0.418297,43.086905
2,xgb,block,8,NPHI,-6.931616,0.079414
2,xgb,block,8,RHOB,-0.459406,0.090181
2,xgb,block,8,all,0.532893,17.914940
2,xgb,block,9,GR,0.768756,16.114065
2,xgb,block,9,NPHI,0.637817,0.040882
2,xgb,block,9,RHOB,-0.190272,0.092170
2,xgb,block,9,all,0.893976,5.123753
2,xgb,block,10,GR,0.735523,16.734129
2,xgb,block,10,NPHI,0.426532,0.046649
2,xgb,block,10,RHOB,0.139557,0.052041
2,xgb,block,10,all,0.893675,4.465985
2,xgb,block,11,GR,-13.392522,19.975044
2,xgb,block,11,NPHI,0.902932,0.012803
2,xgb,block,11,RHOB,0.761725,0.035455
2,xgb,block,11,all,-3.737372,8.502985
2,xgb,block,12,GR,-0.741979,21.776099
2,xgb,block,12,NPHI,0.191956,0.054389
2,xgb,block,12,RHOB,0.646830,0.069408
2,xgb,block,12,all,0.431217,6.797047
2,xgb,block,13,GR,-0.391467,26.058673
2,xgb,block,13,NPHI,0.737198,0.041214
2,xgb,block,13,RHOB,0.367354,0.064254
2,xgb,block,13,all,0.644822,6.647249
2,xgb,block,14,GR,-6.177879,14.579700
2,xgb,block,14,NPHI,0.726600,0.024410
2,xgb,block,14,RHOB,0.782194,0.035368
2,xgb,block,14,all,-0.597383,6.062737
2,xgb,block,15,GR,-8.662081,33.060062
2,xgb,block,15,NPHI,0.774712,0.039091
2,xgb,block,15,RHOB,0.202552,0.056622
2,xgb,block,15,all,0.425013,7.207870
2,xgb,block,16,GR,-21.941213,12.751540
2,xgb,block,16,NPHI,,
2,xgb,block,16,RHOB,,
2,xgb,block,16,all,-21.941213,12.751540
2,xgb,block,17,GR,0.397074,21.256879
2,xgb,block,17,NPHI,0.531184,0.045009
2,xgb,block,17,RHOB,-0.528783,0.076897
2,xgb,block,17,all,0.786326,5.932506
2,xgb,block,18,GR,-0.589036,35.919582
2,xgb,block,18,NPHI,-2.652449,0.113355
2,xgb,block,18,RHOB,0.061801,0.067294
2,xgb,block,18,all,0.590523,13.046903
2,xgb,profile,0,GR,0.232424,25.966348
2,xgb,profile,0,NPHI,-0.190003,0.061786
2,xgb,profile,0,RHOB,0.017060,0.105209
2,xgb,profile,0,all,0.671328,7.690992
2,xgb,profile,1,GR,,
2,xgb,profile,1,NPHI,-3.409980,0.117409
2,xgb,profile,1,RHOB,-0.909189,0.093350
2,xgb,profile,1,all,0.988236,0.105379
2,xgb,profile,2,GR,-3.980407,30.847400
2,xgb,profile,2,NPHI,0.482027,0.047845
2,xgb,profile,2,RHOB,0.382187,0.070985
2,xgb,profile,2,all,0.727821,8.157863
2,xgb,profile,3,GR,-0.173774,19.069091
2,xgb,profile,3,NPHI,0.798193,0.034386
2,xgb,profile,3,RHOB,0.615895,0.062525
2,xgb,profile,3,all,0.589268,5.921027
2,xgb,profile,4,GR,0.221095,20.860543
2,xgb,profile,4,NPHI,0.526613,0.043378
2,xgb,profile,4,RHOB,0.324331,0.104955
2,xgb,profile,4,all,0.784724,5.639197
2,xgb,profile,5,GR,-0.005850,17.254543
2,xgb,profile,5,NPHI,0.722043,0.041017
2,xgb,profile,5,RHOB,0.668968,0.064001
2,xgb,profile,5,all,0.681394,5.748775
2,xgb,profile,6,GR,-23.534954,20.168695
2,xgb,profile,6,NPHI,-2.617579,0.076810
2,xgb,profile,6,RHOB,0.108816,0.046858
2,xgb,profile,6,all,0.650680,3.721711
2,xgb,profile,7,GR,-14.116166,19.171689
2,xgb,profile,7,NPHI,0.652682,0.030226
2,xgb,profile,7,RHOB,0.871786,0.023920
2,xgb,profile,7,all,-3.493404,3.856627
2,xgb,profile,8,GR,-0.987074,39.972976
2,xgb,profile,8,NPHI,-2.865710,0.084943
2,xgb,profile,8,RHOB,-0.153178,0.122041
2,xgb,profile,8,all,0.659786,6.232978
2,xgb,profile,9,GR,0.288583,37.291896
2,xgb,profile,9,NPHI,0.627627,0.048395
2,xgb,profile,9,RHOB,-0.958180,0.086769
2,xgb,profile,9,all,0.696449,10.402339
2,xgb,profile,10,GR,0.619911,15.164975
2,xgb,profile,10,NPHI,0.642965,0.041073
2,xgb,profile,10,RHOB,0.181846,0.085183
2,xgb,profile,10,all,0.879207,3.204751
2,xgb,profile,11,GR,-13.682326,22.279385
2,xgb,profile,11,NPHI,0.698499,0.025193
2,xgb,profile,11,RHOB,0.795904,0.030280
2,xgb,profile,11,all,-2.725110,3.735497
2,xgb,profile,12,GR,-0.919601,22.252574
2,xgb,profile,12,NPHI,0.786117,0.038165
2,xgb,profile,12,RHOB,0.643559,0.068698
2,xgb,profile,12,all,0.461691,5.793273
2,xgb,profile,13,GR,0.586258,12.134019
2,xgb,profile,13,NPHI,0.385849,0.052496
2,xgb,profile,13,RHOB,0.122024,0.069933
2,xgb,profile,13,all,0.916749,2.957990
2,xgb,profile,14,GR,-5.775872,14.951963
2,xgb,profile,14,NPHI,0.719310,0.020727
2,xgb,profile,14,RHOB,0.614040,0.041938
2,xgb,profile,14,all,0.021965,2.324367
2,xgb,profile,15,GR,-0.414289,19.338559
2,xgb,profile,15,NPHI,0.608476,0.047614
2,xgb,profile,15,RHOB,0.195769,0.064930
2,xgb,profile,15,all,0.535156,5.767939
2,xgb,profile,16,GR,,
2,xgb,profile,16,NPHI,0.350750,0.016626
2,xgb,profile,16,RHOB,,
2,xgb,profile,16,all,0.350750,0.016626
2,xgb,profile,17,GR,0.387413,21.437561
2,xgb,profile,17,NPHI,0.558739,0.045072
2,xgb,profile,17,RHOB,-0.056187,0.076232
2,xgb,profile,17,all,0.745458,7.998267
2,xgb,profile,18,GR,-1.751002,47.359593
2,xgb,profile,18,NPHI,-0.568622,0.091505
2,xgb,profile,18,RHOB,0.184572,0.085885
2,xgb,profile,18,all,0.514881,12.694830
2,xgb,single,0,GR,-0.304854,26.854600
2,xgb,single,0,NPHI,0.053071,0.064855
2,xgb,single,0,RHOB,0.056780,0.102448
2,xgb,single,0,all,0.580922,6.456344
2,xgb,single,1,GR,,
2,xgb,single,1,NPHI,-7.123216,0.123991
2,xgb,single,1,RHOB,,
2,xgb,single,1,all,-7.123216,0.123991
2,xgb,single,2,GR,-3.682174,32.843677
2,xgb,single,2,NPHI,0.391117,0.037248
2,xgb,single,2,RHOB,0.498177,0.074606
2,xgb,single,2,all,0.675660,7.032839
2,xgb,single,3,GR,-0.214275,17.712627
2,xgb,single,3,NPHI,0.788802,0.034668
2,xgb,single,3,RHOB,0.714997,0.055946
2,xgb,single,3,all,0.638883,4.997393
2,xgb,single,4,GR,-0.300478,29.164294
2,xgb,single,4,NPHI,0.748689,0.036241
2,xgb,single,4,RHOB,-0.162048,0.064266
2,xgb,single,4,all,0.708535,7.878819
2,xgb,single,5,GR,-0.028758,19.573697
2,xgb,single,5,NPHI,0.780928,0.035738
2,xgb,single,5,RHOB,0.585641,0.064326
2,xgb,single,5,all,0.683250,5.848861
2,xgb,single,6,GR,-22.882011,15.744069
2,xgb,single,6,NPHI,-8.211677,0.081060
2,xgb,single,6,RHOB,-0.066273,0.068669
2,xgb,single,6,all,0.830448,1.526979
2,xgb,single,7,GR,-2.701215,15.382295
2,xgb,single,7,NPHI,0.537537,0.030552
2,xgb,single,7,RHOB,0.736124,0.028101
2,xgb,single,7,all,-0.543875,1.596356
2,xgb,single,8,GR,-3.113609,37.524544
2,xgb,single,8,NPHI,-3.881699,0.092831
2,xgb,single,8,RHOB,-0.109039,0.092443
2,xgb,single,8,all,0.515296,3.017038
2,xgb,single,9,GR,0.159682,38.871780
2,xgb,single,9,NPHI,0.734805,0.047155
2,xgb,single,9,RHOB,-0.128755,0.091742
2,xgb,single,9,all,0.741141,8.788823
2,xgb,single,10,GR,0.576581,14.005701
2,xgb,single,10,NPHI,0.668449,0.042400
2,xgb,single,10,RHOB,0.280812,0.102386
2,xgb,single,10,all,0.906663,2.418914
2,xgb,single,11,GR,-568.719491,39.218320
2,xgb,single,11,NPHI,0.842484,0.019165
2,xgb,single,11,RHOB,0.908848,0.025419
2,xgb,single,11,all,-27.542176,3.343671
2,xgb,single,12,GR,-0.604468,20.385095
2,xgb,single,12,NPHI,0.540251,0.045868
2,xgb,single,12,RHOB,0.687908,0.069849
2,xgb,single,12,all,0.563900,5.335333
2,xgb,single,13,GR,-0.546067,25.115018
2,xgb,single,13,NPHI,0.741342,0.040602
2,xgb,single,13,RHOB,0.254080,0.065655
2,xgb,single,13,all,0.703864,6.597099
2,xgb,single,14,GR,-41.080828,15.448965
2,xgb,single,14,NPHI,0.884868,0.015591
2,xgb,single,14,RHOB,0.740099,0.028799
2,xgb,single,14,all,-0.110366,1.226276
2,xgb,single,15,GR,-0.303113,20.875289
2,xgb,single,15,NPHI,0.566042,0.048130
2,xgb,single,15,RHOB,0.312759,0.065641
2,xgb,single,15,all,0.564816,3.942157
2,xgb,single,16,GR,,
2,xgb,single,16,NPHI,-46.422347,0.030884
2,xgb,single,16,RHOB,,
2,xgb,single,16,all,-46.422347,0.030884
2,xgb,single,17,GR,0.371300,22.856290
2,xgb,single,17,NPHI,0.624300,0.043427
2,xgb,single,17,RHOB,0.112147,0.074630
2,xgb,single,17,all,0.729546,7.742754
2,xgb,single,18,GR,-2.201565,51.736074
2,xgb,single,18,NPHI,-0.896955,0.101800
2,xgb,single,18,RHOB,-0.321498,0.088757
2,xgb,single,18,all,0.544349,10.563977
3,ae,blackout,0,GR,0.391929,25.400383
3,ae,blackout,0,NPHI,-0.421560,0.067894
3,ae,blackout,0,RHOB,-0.200896,0.108404
3,ae,blackout,0,all,0.722137,7.483459
3,ae,blackout,1,GR,-3.441800,25.468046
3,ae,blackout,1,NPHI,-1.801778,0.111756
3,ae,blackout,1,RHOB,-0.488614,0.101048
3,ae,blackout,1,all,0.838358,3.149801
3,ae,blackout,2,GR,-0.379231,18.976410
3,ae,blackout,2,NPHI,0.164592,0.063210
3,ae,blackout,2,RHOB,0.068990,0.117414
3,ae,blackout,2,all,0.869535,5.866858
3,ae,blackout,3,GR,-0.105511,18.979393
3,ae,blackout,3,NPHI,0.318472,0.063135
3,ae,blackout,3,RHOB,0.187560,0.107097
3,ae,blackout,3,all,0.578924,6.214682
3,ae,blackout,4,GR,0.516700,17.903606
3,ae,blackout,4,NPHI,0.032297,0.071367
3,ae,blackout,4,RHOB,0.001080,0.118015
3,ae,blackout,4,all,0.860349,5.697256
3,ae,blackout,5,GR,-0.026679,19.045118
3,ae,blackout,5,NPHI,0.413669,0.060111
3,ae,blackout,5,RHOB,0.354377,0.098268
3,ae,blackout,5,all,0.639658,6.386218
3,ae,blackout,6,GR,-2.243044,11.597589
3,ae,blackout,6,NPHI,-1.379677,0.054144
3,ae,blackout,6,RHOB,-0.103138,0.052133
3,ae,blackout,6,all,0.864065,3.377390
3,ae,blackout,7,GR,-2.623824,12.737620
3,ae,blackout,7,NPHI,-0.205021,0.047594
3,ae,blackout,7,RHOB,0.078842,0.069982
3,ae,blackout,7,all,-0.344295,3.448057
3,ae,blackout,8,GR,0.021630,39.411377
3,ae,blackout,8,NPHI,-1.859390,0.072003
3,ae,blackout,8,RHOB,-0.157727,0.098443
3,ae,blackout,8,all,0.806557,11.901566
3,ae,blackout,9,GR,0.489287,24.258524
3,ae,blackout,9,NPHI,0.422306,0.063505
3,ae,blackout,9,RHOB,0.379674,0.083615
3,ae,blackout,9,all,0.763528,7.420887
3,ae,blackout,10,GR,0.517145,19.212288
3,ae,blackout,10,NPHI,0.122490,0.064367
3,ae,blackout,10,RHOB,-0.104151,0.102206
3,ae,blackout,10,all,0.795923,6.052166
3,ae,blackout,11,GR,-2.030368,13.625268
3,ae,blackout,11,NPHI,0.197252,0.052957
3,ae,blackout,11,RHOB,-0.062902,0.088015
3,ae,blackout,11,all,-0.247505,4.055931
3,ae,blackout,12,GR,-0.059616,17.700012
3,ae,blackout,12,NPHI,0.222802,0.072092
3,ae,blackout,12,RHOB,-0.032295,0.127840
3,ae,blackout,12,all,0.694287,5.758246
3,ae,blackout,13,GR,0.451005,19.899374
3,ae,blackout,13,NPHI,0.134490,0.070570
3,ae,blackout,13,RHOB,0.022905,0.073337
3,ae,blackout,13,all,0.865361,6.574832
3,ae,blackout,14,GR,-0.617369,14.822909
3,ae,blackout,14,NPHI,-0.310924,0.048627
3,ae,blackout,14,RHOB,-0.352129,0.079322
3,ae,blackout,14,all,0.560509,4.497850
3,ae,blackout,15,GR,0.124795,18.078030
3,ae,blackout,15,NPHI,0.152373,0.068735
3,ae,blackout,15,RHOB,0.019227,0.075360
3,ae,blackout,15,all,0.663287,5.726538
3,ae,blackout,16,GR,-146.582306,36.689846
3,ae,blackout,16,NPHI,-4.129300,0.046437
3,ae,blackout,16,RHOB,-0.761440,0.048517
3,ae,blackout,16,all,-16.133484,12.261600
3,ae,blackout,17,GR,0.532111,18.618656
3,ae,blackout,17,NPHI,0.266452,0.058019
3,ae,blackout,17,RHOB,-0.035751,0.076824
3,ae,blackout,17,all,0.788863,6.182890
3,ae,blackout,18,GR,-0.483572,31.436291
3,ae,blackout,18,NPHI,-0.107785,0.063796
3,ae,blackout,18,RHOB,-0.514888,0.110474
3,ae,blackout,18,all,0.747550,10.307950
3,ae,block,0,GR,0.608120,20.225300
3,ae,block,0,NPHI,0.008381,0.062917
3,ae,block,0,RHOB,0.067639,0.115936
3,ae,block,0,all,0.837779,7.306947
3,ae,block,1,GR,0.432920,6.332440
3,ae,block,1,NPHI,,
3,ae,block,1,RHOB,-0.187242,0.061320
3,ae,block,1,all,0.988552,1.106506
3,ae,block,2,GR,-0.680943,18.859394
3,ae,block,2,NPHI,-0.361594,0.054738
3,ae,block,2,RHOB,0.080872,0.102427
3,ae,block,2,all,0.886970,6.565632
3,ae,block,3,GR,0.073148,16.753902
3,ae,block,3,NPHI,0.282736,0.055481
3,ae,block,3,RHOB,0.513618,0.077573
3,ae,block,3,all,0.686704,4.401268
3,ae,block,4,GR,0.507985,17.078566
3,ae,block,4,NPHI,0.544724,0.061812
3,ae,block,4,RHOB,-0.012361,0.074866
3,ae,block,4,all,0.842489,3.837465
3,ae,block,5,GR,0.411696,14.188211
3,ae,block,5,NPHI,0.537729,0.051087
3,ae,block,5,RHOB,0.646689,0.068033
3,ae,block,5,all,0.795298,4.250870
3,ae,block,6,GR,-16.994698,23.238365
3,ae,block,6,NPHI,-18.009897,0.065909
3,ae,block,6,RHOB,-0.866314,0.045279
3,ae,block,6,all,0.428765,8.666338
3,ae,block,7,GR,-0.307394,9.204964
3,ae,block,7,NPHI,-1.543261,0.037044
3,ae,block,7,RHOB,-0.354214,0.076243
3,ae,block,7,all,0.478777,4.024182
3,ae,block,8,GR,-0.278530,53.093296
3,ae,block,8,NPHI,-13.115905,0.099998
3,ae,block,8,RHOB,-0.434701,0.180304
3,ae,block,8,all,0.655726,20.175390
3,ae,block,9,GR,0.708968,22.666319
3,ae,block,9,NPHI,0.157067,0.042901
3,ae,block,9,RHOB,-1.033166,0.122683
3,ae,block,9,all,0.848209,8.026633
3,ae,block,10,GR,0.789676,10.084545
3,ae,block,10,NPHI,0.034846,0.073182
3,ae,block,10,RHOB,0.156370,0.106191
3,ae,block,10,all,0.883354,2.462022
3,ae,block,11,GR,-0.242589,8.185678
3,ae,block,11,NPHI,-0.236808,0.051361
3,ae,block,11,RHOB,-1.769220,0.063108
3,ae,block,11,all,0.419262,2.992342
3,ae,block,12,GR,-0.038633,16.011337
3,ae,block,12,NPHI,0.288386,0.058482
3,ae,block,12,RHOB,0.510713,0.089656
3,ae,block,12,all,0.800807,3.744575
3,ae,block,13,GR,0.444742,16.290712
3,ae,block,13,NPHI,0.545162,0.043273
3,ae,block,13,RHOB,0.226609,0.084929
3,ae,block,13,all,0.870072,3.869572
3,ae,block,14,GR,-0.413436,10.123189
3,ae,block,14,NPHI,0.490212,0.028532
3,ae,block,14,RHOB,0.268070,0.062709
3,ae,block,14,all,0.752323,3.858292
3,ae,block,15,GR,0.591350,11.566798
3,ae,block,15,NPHI,0.309316,0.053474
3,ae,block,15,RHOB,-0.630929,0.064620
3,ae,block,15,all,0.895173,2.461397
3,ae,block,16,GR,,
3,ae,block,16,NPHI,,
3,ae,block,16,RHOB,-1.107911,0.094781
3,ae,block,16,all,-1.107911,0.094781
3,ae,block,17,GR,0.697657,14.590555
3,ae,block,17,NPHI,0.427822,0.049317
3,ae,block,17,RHOB,0.256828,0.065168
3,ae,block,17,all,0.858015,4.498329
3,ae,block,18,GR,-0.363598,32.348309
3,ae,block,18,NPHI,-2.113250,0.068387
3,ae,block,18,RHOB,-0.275921,0.108674
3,ae,block,18,all,0.745548,13.127147
3,ae,profile,0,GR,-0.422699,30.870602
3,ae,profile,0,NPHI,-0.257131,0.061326
3,ae,profile,0,RHOB,-0.607404,0.145727
3,ae,profile,0,all,0.448601,9.147702
3,ae,profile,1,GR,-3.224208,44.288044
3,ae,profile,1,NPHI,,
3,ae,profile,1,RHOB,,
3,ae,profile,1,all,-3.224208,44.288044
3,ae,profile,2,GR,-2.611963,32.776119
3,ae,profile,2,NPHI,0.118655,0.060380
3,ae,profile,2,RHOB,-0.134590,0.116607
3,ae,profile,2,all,0.666101,12.128344
3,ae,profile,3,GR,-0.770672,21.966970
3,ae,profile,3,NPHI,0.581223,0.054713
3,ae,profile,3,RHOB,0.441775,0.087024
3,ae,profile,3,all,0.402030,7.797479
3,ae,profile,4,GR,-1.223601,32.434242
3,ae,profile,4,NPHI,0.229967,0.070075
3,ae,profile,4,RHOB,-0.003447,0.082622
3,ae,profile,4,all,0.540408,11.632293
3,ae,profile,5,GR,-0.265641,22.087206
3,ae,profile,5,NPHI,0.498906,0.057187
3,ae,profile,5,RHOB,0.461891,0.081448
3,ae,profile,5,all,0.598875,6.923049
3,ae,profile,6,GR,-13.643347,27.931105
3,ae,profile,6,NPHI,-2.936667,0.067172
3,ae,profile,6,RHOB,-2.167777,0.040298
3,ae,profile,6,all,0.474371,7.661540
3,ae,profile,7,GR,-0.345513,10.859900
3,ae,profile,7,NPHI,-0.075057,0.039101
3,ae,profile,7,RHOB,-0.781214,0.055704
3,ae,profile,7,all,0.378847,3.288661
3,ae,profile,8,GR,-6.249420,63.148617
3,ae,profile,8,NPHI,-2.923312,0.094986
3,ae,profile,8,RHOB,-2.682688,0.138308
3,ae,profile,8,all,0.260794,14.659153
3,ae,profile,9,GR,0.268341,28.583834
3,ae,profile,9,NPHI,0.624512,0.047591
3,ae,profile,9,RHOB,-0.100461,0.081509
3,ae,profile,9,all,0.817266,9.569094
3,ae,profile,10,GR,-0.649575,29.006721
3,ae,profile,10,NPHI,0.143569,0.063297
3,ae,profile,10,RHOB,-0.163053,0.106873
3,ae,profile,10,all,0.690393,9.723815
3,ae,profile,11,GR,-1.610258,15.226741
3,ae,profile,11,NPHI,0.265050,0.048732
3,ae,profile,11,RHOB,0.226972,0.066627
3,ae,profile,11,all,-0.140847,3.847708
3,ae,profile,12,GR,-0.675707,22.469446
3,ae,profile,12,NPHI,0.333759,0.068504
3,ae,profile,12,RHOB,0.386930,0.095001
3,ae,profile,12,all,0.528427,7.800733
3,ae,profile,13,GR,-1.284059,35.882317
3,ae,profile,13,NPHI,0.439777,0.056994
3,ae,profile,13,RHOB,-0.284027,0.081986
3,ae,profile,13,all,0.585193,13.677114
3,ae,profile,14,GR,-3.906996,13.172750
3,ae,profile,14,NPHI,0.127922,0.034654
3,ae,profile,14,RHOB,-0.032750,0.060776
3,ae,profile,14,all,0.130278,3.074559
3,ae,profile,15,GR,-0.733786,23.164131
3,ae,profile,15,NPHI,-0.104704,0.077635
3,ae,profile,15,RHOB,0.218326,0.082017
3,ae,profile,15,all,0.295464,7.774594
3,ae,profile,16,GR,-0.822713,12.279646
3,ae,profile,16,NPHI,,
3,ae,profile,16,RHOB,,
3,ae,profile,16,all,-0.822713,12.279646
3,ae,profile,17,GR,0.338325,22.200775
3,ae,profile,17,NPHI,0.306934,0.054903
3,ae,profile,17,RHOB,-0.802177,0.077140
3,ae,profile,17,all,0.708806,7.071253
3,ae,profile,18,GR,-4.521180,55.777462
3,ae,profile,18,NPHI,-2.825109,0.112042
3,ae,profile,18,RHOB,-0.694403,0.097959
3,ae,profile,18,all,0.577510,14.952397
3,ae,single,0,GR,0.383665,25.451515
3,ae,single,0,NPHI,0.419749,0.048800
3,ae,single,0,RHOB,0.369443,0.110877
3,ae,single,0,all,0.838858,9.131544
3,ae,single,1,GR,,
3,ae,single,1,NPHI,0.039149,0.065605
3,ae,single,1,RHOB,-0.792272,0.048696
3,ae,single,1,all,0.996346,0.057150
3,ae,single,2,GR,0.205119,16.965368
3,ae,single,2,NPHI,0.694086,0.037844
3,ae,single,2,RHOB,0.337225,0.084862
3,ae,single,2,all,0.897762,7.248048
3,ae,single,3,GR,0.289900,15.605166
3,ae,single,3,NPHI,0.357952,0.050706
3,ae,single,3,RHOB,0.159678,0.091376
3,ae,single,3,all,0.673101,6.251013
3,ae,single,4,GR,0.505092,17.597706
3,ae,single,4,NPHI,0.622321,0.045741
3,ae,single,4,RHOB,0.317210,0.100857
3,ae,single,4,all,0.828794,7.288793
3,ae,single,5,GR,0.334123,15.565095
3,ae,single,5,NPHI,0.493148,0.050094
3,ae,single,5,RHOB,0.525889,0.079845
3,ae,single,5,all,0.746021,5.011811
3,ae,single,6,GR,-2.077294,11.281307
3,ae,single,6,NPHI,-1.681414,0.063774
3,ae,single,6,RHOB,-0.411681,0.043802
3,ae,single,6,all,0.885269,3.119470
3,ae,single,7,GR,-2.133616,11.494525
3,ae,single,7,NPHI,0.076464,0.042621
3,ae,single,7,RHOB,0.184933,0.090543
3,ae,single,7,all,0.015444,2.342586
3,ae,single,8,GR,0.066398,58.406395
3,ae,single,8,NPHI,-1.293000,0.058091
3,ae,single,8,RHOB,-0.306895,0.066155
3,ae,single,8,all,0.707429,13.524324
3,ae,single,9,GR,0.616876,22.673538
3,ae,single,9,NPHI,0.515089,0.047380
3,ae,single,9,RHOB,0.304214,0.080004
3,ae,single,9,all,0.829975,8.950439
3,ae,single,10,GR,0.435158,18.341856
3,ae,single,10,NPHI,0.474254,0.044394
3,ae,single,10,RHOB,0.131838,0.083394
3,ae,single,10,all,0.777039,7.741908
3,ae,single,11,GR,-1.250184,10.374795
3,ae,single,11,NPHI,0.183945,0.052182
3,ae,single,11,RHOB,-0.328386,0.066424
3,ae,single,11,all,0.203581,2.635209
3,ae,single,12,GR,0.216299,13.166157
3,ae,single,12,NPHI,0.083201,0.061605
3,ae,single,12,RHOB,0.395175,0.090523
3,ae,single,12,all,0.724643,5.277779
3,ae,single,13,GR,0.504433,18.641790
3,ae,single,13,NPHI,0.447501,0.042674
3,ae,single,13,RHOB,-0.173320,0.078664
3,ae,single,13,all,0.876406,6.757932
3,ae,single,14,GR,0.284314,6.289984
3,ae,single,14,NPHI,0.325979,0.036510
3,ae,single,14,RHOB,0.319573,0.062535
3,ae,single,14,all,0.897905,1.483623
3,ae,single,15,GR,0.730214,10.562723
3,ae,single,15,NPHI,0.101323,0.062552
3,ae,single,15,RHOB,0.042348,0.055656
3,ae,single,15,all,0.870254,3.978520
3,ae,single,16,GR,,
3,ae,single,16,NPHI,,
3,ae,single,16,RHOB,-1.885218,0.131231
3,ae,single,16,all,-1.885218,0.131231
3,ae,single,17,GR,0.699466,13.945333
3,ae,single,17,NPHI,0.408695,0.054431
3,ae,single,17,RHOB,0.090454,0.063736
3,ae,single,17,all,0.868624,4.411859
3,ae,single,18,GR,-1.003784,34.312325
3,ae,single,18,NPHI,0.437343,0.045721
3,ae,single,18,RHOB,0.373508,0.088370
3,ae,single,18,all,0.717899,9.315034
3,brits,blackout,0,GR,0.028572,36.873409
3,brits,blackout,0,NPHI,-0.496319,0.073015
3,brits,blackout,0,RHOB,-0.016800,0.100800
3,brits,blackout,0,all,0.556104,10.834563
3,brits,blackout,1,GR,-2.115535,20.759398
3,brits,blackout,1,NPHI,-0.512872,0.082951
3,brits,blackout,1,RHOB,0.040657,0.080489
3,brits,blackout,1,all,0.886625,2.563041
3,brits,blackout,2,GR,-1.122918,25.489105
3,brits,blackout,2,NPHI,0.197473,0.062308
3,brits,blackout,2,RHOB,0.047009,0.117871
3,brits,blackout,2,all,0.799193,7.858908
3,brits,blackout,3,GR,-0.637906,26.291479
3,brits,blackout,3,NPHI,0.040520,0.078835
3,brits,blackout,3,RHOB,-0.572407,0.146301
3,brits,blackout,3,all,0.376136,8.605535
3,brits,blackout,4,GR,0.037470,27.841961
3,brits,blackout,4,NPHI,0.088991,0.073634
3,brits,blackout,4,RHOB,0.072846,0.119602
3,brits,blackout,4,all,0.721887,8.824342
3,brits,blackout,5,GR,-0.426426,24.052258
3,brits,blackout,5,NPHI,0.060771,0.080581
3,brits,blackout,5,RHOB,-0.578737,0.157360
3,brits,blackout,5,all,0.499345,8.077731
3,brits,blackout,6,GR,-1.827425,11.809384
3,brits,blackout,6,NPHI,-10.192986,0.132917
3,brits,blackout,6,RHOB,-2.321276,0.106175
3,brits,blackout,6,all,0.881465,3.486954
3,brits,blackout,7,GR,-26.618618,40.491421
3,brits,blackout,7,NPHI,-3.311970,0.103252
3,brits,blackout,7,RHOB,-0.595772,0.100108
3,brits,blackout,7,all,-9.244975,10.901012
3,brits,blackout,8,GR,-1.624767,68.232918
3,brits,blackout,8,NPHI,-1.118383,0.063577
3,brits,blackout,8,RHOB,-1.110386,0.134717
3,brits,blackout,8,all,0.481033,20.570414
3,brits,blackout,9,GR,0.167311,32.397282
3,brits,blackout,9,NPHI,0.364503,0.074774
3,brits,blackout,9,RHOB,-0.146655,0.127387
3,brits,blackout,9,all,0.614446,9.912232
3,brits,blackout,10,GR,0.134353,31.553383
3,brits,blackout,10,NPHI,0.228334,0.062540
3,brits,blackout,10,RHOB,0.042334,0.096698
3,brits,blackout,10,all,0.634146,9.900270
3,brits,blackout,11,GR,-18.162052,39.269318
3,brits,blackout,11,NPHI,-0.970422,0.079906
3,brits,blackout,11,RHOB,0.064757,0.083322
3,brits,blackout,11,all,-6.888021,11.608196
3,brits,blackout,12,GR,-0.367916,21.576815
3,brits,blackout,12,NPHI,-0.370225,0.099179
3,brits,blackout,12,RHOB,-0.796668,0.166380
3,brits,blackout,12,all,0.605328,7.026853
3,brits,blackout,13,GR,-0.178303,29.643827
3,brits,blackout,13,NPHI,-0.045331,0.086340
3,brits,blackout,13,RHOB,-0.273126,0.104685
3,brits,blackout,13,all,0.711029,9.787037
3,brits,blackout,14,GR,-3.671205,26.248289
3,brits,blackout,14,NPHI,-2.311305,0.086131
3,brits,blackout,14,RHOB,-1.208909,0.116047
3,brits,blackout,14,all,-0.269294,7.957103
3,brits,blackout,15,GR,-0.031595,22.048351
3,brits,blackout,15,NPHI,0.266663,0.070935
3,brits,blackout,15,RHOB,0.009676,0.081127
3,brits,blackout,15,all,0.603123,6.976126
3,brits,blackout,16,GR,-161.274017,39.088589
3,brits,blackout,16,NPHI,-18.437826,0.098704
3,brits,blackout,16,RHOB,-0.923851,0.047691
3,brits,blackout,16,all,-17.839201,13.078327
3,brits,blackout,17,GR,0.149137,29.269325
3,brits,blackout,17,NPHI,0.029617,0.072675
3,brits,blackout,17,RHOB,-0.122906,0.083728
3,brits,blackout,17,all,0.616048,9.700955
3,brits,blackout,18,GR,-1.303006,41.358795
3,brits,blackout,18,NPHI,-0.186789,0.073959
3,brits,blackout,18,RHOB,-0.018463,0.091866
3,brits,blackout,18,all,0.608115,13.540130
3,brits,block,0,GR,0.227742,34.194317
3,brits,block,0,NPHI,0.469556,0.048304
3,brits,block,0,RHOB,0.047650,0.118735
3,brits,block,0,all,0.680326,12.310591
3,brits,block,1,GR,-0.255411,9.019484
3,brits,block,1,NPHI,,
3,brits,block,1,RHOB,-0.201151,0.065905
3,brits,block,1,all,0.974664,1.558168
3,brits,block,2,GR,-1.615331,24.498623
3,brits,block,2,NPHI,0.428741,0.035959
3,brits,block,2,RHOB,0.102476,0.098454
3,brits,block,2,all,0.824142,8.506014
3,brits,block,3,GR,-1.303895,26.647488
3,brits,block,3,NPHI,0.359421,0.056395
3,brits,block,3,RHOB,-0.003107,0.102845
3,brits,block,3,all,0.221247,6.980576
3,brits,block,4,GR,0.233518,27.381001
3,brits,block,4,NPHI,0.523430,0.066781
3,brits,block,4,RHOB,-0.050127,0.085337
3,brits,block,4,all,0.754626,6.126322
3,brits,block,5,GR,-0.410597,23.335764
3,brits,block,5,NPHI,0.493578,0.055997
3,brits,block,5,RHOB,-0.156346,0.131221
3,brits,block,5,all,0.509179,6.986492
3,brits,block,6,GR,-5.548892,14.149689
3,brits,block,6,NPHI,-40.132591,0.112911
3,brits,block,6,RHOB,-4.995142,0.096589
3,brits,block,6,all,0.792094,5.321442
3,brits,block,7,GR,-15.316986,35.236523
3,brits,block,7,NPHI,-9.321989,0.093998
3,brits,block,7,RHOB,-0.240646,0.077760
3,brits,block,7,all,-5.504638,15.316473
3,brits,block,8,GR,-0.749577,58.042133
3,brits,block,8,NPHI,-1.367081,0.041862
3,brits,block,8,RHOB,-0.069308,0.139326
3,brits,block,8,all,0.528891,22.016886
3,brits,block,9,GR,0.090082,44.712181
3,brits,block,9,NPHI,0.419079,0.039075
3,brits,block,9,RHOB,-0.281391,0.090824
3,brits,block,9,all,0.525433,15.772723
3,brits,block,10,GR,-0.133727,28.631235
3,brits,block,10,NPHI,0.628827,0.046455
3,brits,block,10,RHOB,-0.180582,0.119856
3,brits,block,10,all,0.371351,6.860113
3,brits,block,11,GR,-13.640128,34.060097
3,brits,block,11,NPHI,0.184941,0.032376
3,brits,block,11,RHOB,-4.453239,0.096499
3,brits,block,11,all,-5.841794,12.339757
3,brits,block,12,GR,-0.159112,16.462032
3,brits,block,12,NPHI,0.240737,0.060341
3,brits,block,12,RHOB,-0.331632,0.139272
3,brits,block,12,all,0.777683,3.867525
3,brits,block,13,GR,0.329069,19.334576
3,brits,block,13,NPHI,0.450035,0.055216
3,brits,block,13,RHOB,-0.113613,0.102835
3,brits,block,13,all,0.843003,4.594878
3,brits,block,14,GR,-4.744722,22.990236
3,brits,block,14,NPHI,-1.579994,0.068554
3,brits,block,14,RHOB,-0.660424,0.106968
3,brits,block,14,all,-0.006635,8.753043
3,brits,block,15,GR,-0.167961,19.505310
3,brits,block,15,NPHI,0.513705,0.049665
3,brits,block,15,RHOB,-1.770593,0.090523
3,brits,block,15,all,0.700411,4.126649
3,brits,block,16,GR,,
3,brits,block,16,NPHI,,
3,brits,block,16,RHOB,-0.323434,0.070840
3,brits,block,16,all,-0.323434,0.070840
3,brits,block,17,GR,0.164935,28.234816
3,brits,block,17,NPHI,0.346218,0.055562
3,brits,block,17,RHOB,-0.045424,0.080869
3,brits,block,17,all,0.607846,8.675436
3,brits,block,18,GR,-0.545059,33.673660
3,brits,block,18,NPHI,-2.873585,0.084732
3,brits,block,18,RHOB,-0.144113,0.105857
3,brits,block,18,all,0.711686,13.668180
3,brits,profile,0,GR,-0.053795,30.078257
3,brits,profile,0,NPHI,0.104044,0.059511
3,brits,profile,0,RHOB,-0.192372,0.130944
3,brits,profile,0,all,0.591578,8.909563
3,brits,profile,1,GR,-2.539223,39.458607
3,brits,profile,1,NPHI,,
3,brits,profile,1,RHOB,,
3,brits,profile,1,all,-2.539223,39.458607
3,brits,profile,2,GR,-1.542658,28.682201
3,brits,profile,2,NPHI,0.239150,0.055593
3,brits,profile,2,RHOB,-0.221251,0.138661
3,brits,profile,2,all,0.764948,10.624098
3,brits,profile,3,GR,-2.239938,32.843594
3,brits,profile,3,NPHI,0.186330,0.080386
3,brits,profile,3,RHOB,-0.630846,0.146382
3,brits,profile,3,all,-0.094162,11.662311
3,brits,profile,4,GR,-0.502358,29.410196
3,brits,profile,4,NPHI,0.293394,0.074092
3,brits,profile,4,RHOB,-0.215117,0.108747
3,brits,profile,4,all,0.689478,10.561174
3,brits,profile,5,GR,-0.566935,25.102060
3,brits,profile,5,NPHI,0.193075,0.077852
3,brits,profile,5,RHOB,-0.331238,0.131437
3,brits,profile,5,all,0.503376,7.886362
3,brits,profile,6,GR,-2.532284,13.524882
3,brits,profile,6,NPHI,-8.983198,0.117843
3,brits,profile,6,RHOB,-44.167419,0.189352
3,brits,profile,6,all,0.873178,3.787309
3,brits,profile,7,GR,-6.731872,40.212910
3,brits,profile,7,NPHI,-3.783987,0.097287
3,brits,profile,7,RHOB,-10.148005,0.162216
3,brits,profile,7,all,-2.569395,12.144959
3,brits,profile,8,GR,-1.454297,32.644123
3,brits,profile,8,NPHI,-0.579022,0.063376
3,brits,profile,8,RHOB,-6.888148,0.209887
3,brits,profile,8,all,0.749732,7.627091
3,brits,profile,9,GR,-0.333206,38.387096
3,brits,profile,9,NPHI,0.450625,0.065831
3,brits,profile,9,RHOB,-1.592760,0.171086
3,brits,profile,9,all,0.667028,12.868824
3,brits,profile,10,GR,-0.295160,28.357460
3,brits,profile,10,NPHI,0.365270,0.059671
3,brits,profile,10,RHOB,-0.155797,0.101546
3,brits,profile,10,all,0.756912,9.504481
3,brits,profile,11,GR,-16.518530,43.413616
3,brits,profile,11,NPHI,-1.075115,0.083778
3,brits,profile,11,RHOB,-0.086565,0.077986
3,brits,profile,11,all,-6.656457,10.914788
3,brits,profile,12,GR,-0.907327,24.778093
3,brits,profile,12,NPHI,-0.014874,0.090012
3,brits,profile,12,RHOB,-0.944058,0.160102
3,brits,profile,12,all,0.463228,8.623687
3,brits,profile,13,GR,-0.806018,33.472218
3,brits,profile,13,NPHI,0.205691,0.077297
3,brits,profile,13,RHOB,-0.969012,0.136645
3,brits,profile,13,all,0.672007,12.782798
3,brits,profile,14,GR,-26.458525,39.252964
3,brits,profile,14,NPHI,-3.310826,0.091082
3,brits,profile,14,RHOB,-4.374358,0.146226
3,brits,profile,14,all,-3.866765,9.145408
3,brits,profile,15,GR,-1.161389,28.365339
3,brits,profile,15,NPHI,0.203425,0.069344
3,brits,profile,15,RHOB,-0.446697,0.118350
3,brits,profile,15,all,0.121703,9.517680
3,brits,profile,16,GR,-13.690416,38.513138
3,brits,profile,16,NPHI,,
3,brits,profile,16,RHOB,,
3,brits,profile,16,all,-13.690416,38.513138
3,brits,profile,17,GR,0.054613,31.815651
3,brits,profile,17,NPHI,0.117281,0.068297
3,brits,profile,17,RHOB,-1.275302,0.100644
3,brits,profile,17,all,0.583950,10.126802
3,brits,profile,18,GR,-3.604090,51.212975
3,brits,profile,18,NPHI,-0.597826,0.075469
3,brits,profile,18,RHOB,-0.535631,0.097362
3,brits,profile,18,all,0.647689,13.717975
3,brits,single,0,GR,0.990403,3.360078
3,brits,single,0,NPHI,0.996070,0.004477
3,brits,single,0,RHOB,0.998726,0.005303
3,brits,single,0,all,0.997491,1.203044
3,brits,single,1,GR,,
3,brits,single,1,NPHI,0.998143,0.003152
3,brits,single,1,RHOB,0.993302,0.002802
3,brits,single,1,all,0.999990,0.002977
3,brits,single,2,GR,0.987546,2.239753
3,brits,single,2,NPHI,0.987420,0.006971
3,brits,single,2,RHOB,0.952665,0.018929
3,brits,single,2,all,0.998398,0.958872
3,brits,single,3,GR,0.991409,1.224483
3,brits,single,3,NPHI,0.998089,0.002553
3,brits,single,3,RHOB,0.996917,0.004785
3,brits,single,3,all,0.996045,0.489272
3,brits,single,4,GR,0.996022,1.489439
3,brits,single,4,NPHI,0.998172,0.003217
3,brits,single,4,RHOB,0.990227,0.007671
3,brits,single,4,all,0.998624,0.616451
3,brits,single,5,GR,0.996072,0.809464
3,brits,single,5,NPHI,0.998507,0.002499
3,brits,single,5,RHOB,0.998792,0.003550
3,brits,single,5,all,0.998502,0.260384
3,brits,single,6,GR,0.985050,0.848939
3,brits,single,6,NPHI,0.976538,0.004343
3,brits,single,6,RHOB,0.996040,0.002546
3,brits,single,6,all,0.999443,0.234361
3,brits,single,7,GR,0.840197,1.610710
3,brits,single,7,NPHI,0.997839,0.001950
3,brits,single,7,RHOB,0.994761,0.005190
3,brits,single,7,all,0.949797,0.324350
3,brits,single,8,GR,0.976898,5.223961
3,brits,single,8,NPHI,0.989131,0.004139
3,brits,single,8,RHOB,0.978589,0.008040
3,brits,single,8,all,0.992760,1.209314
3,brits,single,9,GR,0.997205,1.747092
3,brits,single,9,NPHI,0.999047,0.001951
3,brits,single,9,RHOB,0.995512,0.006682
3,brits,single,9,all,0.998760,0.688987
3,brits,single,10,GR,0.991915,2.154039
3,brits,single,10,NPHI,0.982578,0.008132
3,brits,single,10,RHOB,0.960104,0.013474
3,brits,single,10,all,0.996808,0.911075
3,brits,single,11,GR,0.993494,0.642480
3,brits,single,11,NPHI,0.999068,0.001567
3,brits,single,11,RHOB,0.999220,0.001621
3,brits,single,11,all,0.997697,0.161804
3,brits,single,12,GR,0.996742,0.841902
3,brits,single,12,NPHI,0.997807,0.002779
3,brits,single,12,RHOB,0.996118,0.004635
3,brits,single,12,all,0.998855,0.336787
3,brits,single,13,GR,0.997832,1.139960
3,brits,single,13,NPHI,0.996709,0.003030
3,brits,single,13,RHOB,0.989423,0.005549
3,brits,single,13,all,0.999459,0.413641
3,brits,single,14,GR,0.996195,0.525461
3,brits,single,14,NPHI,0.999093,0.001363
3,brits,single,14,RHOB,0.998048,0.003550
3,brits,single,14,all,0.999457,0.122645
3,brits,single,15,GR,0.999565,0.426814
3,brits,single,15,NPHI,0.992863,0.005523
3,brits,single,15,RHOB,0.996569,0.003190
3,brits,single,15,all,0.999791,0.162042
3,brits,single,16,GR,,
3,brits,single,16,NPHI,,
3,brits,single,16,RHOB,0.985664,0.008583
3,brits,single,16,all,0.985664,0.008583
3,brits,single,17,GR,0.991644,2.087785
3,brits,single,17,NPHI,0.987509,0.005610
3,brits,single,17,RHOB,0.982018,0.006750
3,brits,single,17,all,0.996347,0.658678
3,brits,single,18,GR,0.992706,2.053391
3,brits,single,18,NPHI,0.997884,0.002799
3,brits,single,18,RHOB,0.997290,0.006905
3,brits,single,18,all,0.998973,0.557790
3,gnn,blackout,0,GR,0.535886,25.018293
3,gnn,blackout,0,NPHI,-0.585146,0.072064
3,gnn,blackout,0,RHOB,0.125543,0.093690
3,gnn,blackout,0,all,0.787919,7.368085
3,gnn,blackout,1,GR,-0.576712,15.144578
3,gnn,blackout,1,NPHI,-0.700871,0.088381
3,gnn,blackout,1,RHOB,-0.587919,0.097607
3,gnn,blackout,1,all,0.942612,1.899184
3,gnn,blackout,2,GR,-1.256216,24.519856
3,gnn,blackout,2,NPHI,-0.278463,0.078211
3,gnn,blackout,2,RHOB,0.154076,0.111468
3,gnn,blackout,2,all,0.786585,7.565994
3,gnn,blackout,3,GR,-0.788948,27.068350
3,gnn,blackout,3,NPHI,-0.811806,0.105330
3,gnn,blackout,3,RHOB,-0.230935,0.124343
3,gnn,blackout,3,all,0.318608,8.857847
3,gnn,blackout,4,GR,-0.216691,31.540036
3,gnn,blackout,4,NPHI,-0.344686,0.084882
3,gnn,blackout,4,RHOB,0.024618,0.121905
3,gnn,blackout,4,all,0.648452,9.991836
3,gnn,blackout,5,GR,-0.134953,21.440825
3,gnn,blackout,5,NPHI,-0.090841,0.082339
3,gnn,blackout,5,RHOB,-0.426274,0.149463
3,gnn,blackout,5,all,0.601643,7.207286
3,gnn,blackout,6,GR,-2.097974,11.226378
3,gnn,blackout,6,NPHI,-6.878652,0.107550
3,gnn,blackout,6,RHOB,-0.821543,0.074494
3,gnn,blackout,6,all,0.870135,3.299100
3,gnn,blackout,7,GR,-103.453328,80.687750
3,gnn,blackout,7,NPHI,-1.783371,0.080499
3,gnn,blackout,7,RHOB,0.036676,0.071356
3,gnn,blackout,7,all,-37.745764,21.629858
3,gnn,blackout,8,GR,-0.508281,52.418926
3,gnn,blackout,8,NPHI,-1.903418,0.076838
3,gnn,blackout,8,RHOB,0.049997,0.087025
3,gnn,blackout,8,all,0.701784,15.808547
3,gnn,blackout,9,GR,0.391491,25.526890
3,gnn,blackout,9,NPHI,0.393976,0.064918
3,gnn,blackout,9,RHOB,0.327369,0.090567
3,gnn,blackout,9,all,0.718247,7.809065
3,gnn,blackout,10,GR,0.121992,28.993766
3,gnn,blackout,10,NPHI,0.182131,0.061876
3,gnn,blackout,10,RHOB,0.173725,0.090034
3,gnn,blackout,10,all,0.628923,9.099057
3,gnn,blackout,11,GR,-7.828705,26.054854
3,gnn,blackout,11,NPHI,-0.801724,0.081744
3,gnn,blackout,11,RHOB,-0.354293,0.103559
3,gnn,blackout,11,all,-2.634392,7.728233
3,gnn,blackout,12,GR,-1.036125,26.393812
3,gnn,blackout,12,NPHI,-1.338805,0.127944
3,gnn,blackout,12,RHOB,-0.304729,0.135540
3,gnn,blackout,12,all,0.412559,8.572738
3,gnn,blackout,13,GR,-0.537891,34.714354
3,gnn,blackout,13,NPHI,-0.355838,0.097774
3,gnn,blackout,13,RHOB,-0.244318,0.101388
3,gnn,blackout,13,all,0.622844,11.452288
3,gnn,blackout,14,GR,-1.326443,17.736789
3,gnn,blackout,14,NPHI,-2.353194,0.084699
3,gnn,blackout,14,RHOB,-0.279517,0.084987
3,gnn,blackout,14,all,0.367831,5.389146
3,gnn,blackout,15,GR,-0.025263,21.362474
3,gnn,blackout,15,NPHI,0.256519,0.069217
3,gnn,blackout,15,RHOB,0.284566,0.062730
3,gnn,blackout,15,all,0.605560,6.753536
3,gnn,blackout,16,GR,-592.121470,75.726906
3,gnn,blackout,16,NPHI,-5.533024,0.054629
3,gnn,blackout,16,RHOB,-0.027800,0.034654
3,gnn,blackout,16,all,-67.857886,25.272063
3,gnn,blackout,17,GR,0.405870,21.995222
3,gnn,blackout,17,NPHI,-0.641496,0.088168
3,gnn,blackout,17,RHOB,-0.155305,0.083960
3,gnn,blackout,17,all,0.731895,7.308218
3,gnn,blackout,18,GR,-0.139199,28.693094
3,gnn,blackout,18,NPHI,-0.026881,0.067116
3,gnn,blackout,18,RHOB,-1.534417,0.150964
3,gnn,blackout,18,all,0.806146,9.428370
3,gnn,block,0,GR,0.568806,22.625872
3,gnn,block,0,NPHI,-0.269266,0.073260
3,gnn,block,0,RHOB,0.352659,0.085205
3,gnn,block,0,all,0.821507,8.161765
3,gnn,block,1,GR,-2.561610,17.494374
3,gnn,block,1,NPHI,,
3,gnn,block,1,RHOB,-1.431621,0.100086
3,gnn,block,1,all,0.928128,2.999134
3,gnn,block,2,GR,-2.896075,26.809902
3,gnn,block,2,NPHI,0.101886,0.046276
3,gnn,block,2,RHOB,0.056999,0.099957
3,gnn,block,2,all,0.738024,9.308484
3,gnn,block,3,GR,-1.077299,25.788833
3,gnn,block,3,NPHI,0.531062,0.049415
3,gnn,block,3,RHOB,0.774635,0.053570
3,gnn,block,3,all,0.297854,6.738022
3,gnn,block,4,GR,0.387391,20.862689
3,gnn,block,4,NPHI,0.054090,0.094792
3,gnn,block,4,RHOB,0.264106,0.065840
3,gnn,block,4,all,0.803882,4.685912
3,gnn,block,5,GR,0.160269,17.329970
3,gnn,block,5,NPHI,0.648786,0.047230
3,gnn,block,5,RHOB,0.481297,0.084963
3,gnn,block,5,all,0.707816,5.186769
3,gnn,block,6,GR,-7.357831,16.234441
3,gnn,block,6,NPHI,-16.876499,0.072994
3,gnn,block,6,RHOB,-0.773270,0.051754
3,gnn,block,6,all,0.734681,6.069142
3,gnn,block,7,GR,-41.491286,59.597920
3,gnn,block,7,NPHI,-0.001585,0.027531
3,gnn,block,7,RHOB,0.296713,0.059707
3,gnn,block,7,all,-15.938692,25.853164
3,gnn,block,8,GR,-0.119724,47.822565
3,gnn,block,8,NPHI,-5.883073,0.077525
3,gnn,block,8,RHOB,-0.419219,0.211948
3,gnn,block,8,all,0.698488,18.183180
3,gnn,block,9,GR,0.677791,21.775521
3,gnn,block,9,NPHI,-0.037386,0.053426
3,gnn,block,9,RHOB,0.493106,0.061124
3,gnn,block,9,all,0.831951,7.698666
3,gnn,block,10,GR,-0.756740,34.431780
3,gnn,block,10,NPHI,0.505931,0.055534
3,gnn,block,10,RHOB,0.311572,0.091520
3,gnn,block,10,all,0.025917,8.232038
3,gnn,block,11,GR,-1.874097,14.440031
3,gnn,block,11,NPHI,-0.258225,0.048698
3,gnn,block,11,RHOB,-0.143266,0.040868
3,gnn,block,11,all,-0.343171,5.243176
3,gnn,block,12,GR,-1.878292,28.748249
3,gnn,block,12,NPHI,0.310316,0.060399
3,gnn,block,12,RHOB,0.790225,0.056865
3,gnn,block,12,all,0.448023,6.666964
3,gnn,block,13,GR,-0.616314,31.280513
3,gnn,block,13,NPHI,0.416310,0.049763
3,gnn,block,13,RHOB,0.002863,0.105395
3,gnn,block,13,all,0.621801,7.395756
3,gnn,block,14,GR,0.326549,7.781749
3,gnn,block,14,NPHI,0.312748,0.036185
3,gnn,block,14,RHOB,0.677172,0.047376
3,gnn,block,14,all,0.881990,2.970266
3,gnn,block,15,GR,0.481185,13.943256
3,gnn,block,15,NPHI,0.618009,0.034865
3,gnn,block,15,RHOB,0.222653,0.042333
3,gnn,block,15,all,0.866921,2.941523
3,gnn,block,16,GR,,
3,gnn,block,16,NPHI,,
3,gnn,block,16,RHOB,-0.949799,0.099261
3,gnn,block,16,all,-0.949799,0.099261
3,gnn,block,17,GR,0.550305,18.798716
3,gnn,block,17,NPHI,-0.125782,0.066524
3,gnn,block,17,RHOB,0.463362,0.057089
3,gnn,block,17,all,0.788817,5.787855
3,gnn,block,18,GR,-0.065940,31.090038
3,gnn,block,18,NPHI,-5.274746,0.109537
3,gnn,block,18,RHOB,-0.212153,0.098052
3,gnn,block,18,all,0.801090,12.630882
3,gnn,profile,0,GR,0.508335,17.606606
3,gnn,profile,0,NPHI,0.201490,0.045743
3,gnn,profile,0,RHOB,-0.058562,0.116886
3,gnn,profile,0,all,0.809439,5.231627
3,gnn,profile,1,GR,-0.264543,23.333771
3,gnn,profile,1,NPHI,,
3,gnn,profile,1,RHOB,,
3,gnn,profile,1,all,-0.264543,23.333771
3,gnn,profile,2,GR,-4.861519,40.782270
3,gnn,profile,2,NPHI,0.060197,0.070759
3,gnn,profile,2,RHOB,0.283601,0.089808
3,gnn,profile,2,all,0.458151,15.074750
3,gnn,profile,3,GR,-1.275056,27.067983
3,gnn,profile,3,NPHI,0.691217,0.048240
3,gnn,profile,3,RHOB,0.696996,0.060527
3,gnn,profile,3,all,0.231703,9.588053
3,gnn,profile,4,GR,-0.386771,28.196812
3,gnn,profile,4,NPHI,-0.072349,0.085599
3,gnn,profile,4,RHOB,0.283359,0.069811
3,gnn,profile,4,all,0.713369,10.120807
3,gnn,profile,5,GR,0.098164,17.899813
3,gnn,profile,5,NPHI,0.562706,0.050797
3,gnn,profile,5,RHOB,0.574763,0.072114
3,gnn,profile,5,all,0.714177,5.614215
3,gnn,profile,6,GR,-10.948402,25.223768
3,gnn,profile,6,NPHI,-2.976782,0.073325
3,gnn,profile,6,RHOB,-0.469140,0.028247
3,gnn,profile,6,all,0.571107,6.924341
3,gnn,profile,7,GR,-9.971291,47.337993
3,gnn,profile,7,NPHI,0.613769,0.023309
3,gnn,profile,7,RHOB,0.470657,0.031819
3,gnn,profile,7,all,-4.064758,14.219416
3,gnn,profile,8,GR,-0.115451,22.068650
3,gnn,profile,8,NPHI,-2.572118,0.097425
3,gnn,profile,8,RHOB,-0.235155,0.073665
3,gnn,profile,8,all,0.886256,5.160397
3,gnn,profile,9,GR,0.288622,28.535663
3,gnn,profile,9,NPHI,0.791976,0.039592
3,gnn,profile,9,RHOB,0.375212,0.075292
3,gnn,profile,9,all,0.822332,9.548199
3,gnn,profile,10,GR,0.469695,15.469997
3,gnn,profile,10,NPHI,0.612517,0.041561
3,gnn,profile,10,RHOB,0.307396,0.072211
3,gnn,profile,10,all,0.900466,5.193312
3,gnn,profile,11,GR,-0.477197,11.561506
3,gnn,profile,11,NPHI,0.617432,0.037620
3,gnn,profile,11,RHOB,0.803939,0.034467
3,gnn,profile,11,all,0.354381,2.917803
3,gnn,profile,12,GR,-1.501295,29.039594
3,gnn,profile,12,NPHI,0.575449,0.057412
3,gnn,profile,12,RHOB,0.701475,0.062650
3,gnn,profile,12,all,0.296103,10.052803
3,gnn,profile,13,GR,-1.268279,40.349088
3,gnn,profile,13,NPHI,0.449245,0.056536
3,gnn,profile,13,RHOB,0.174990,0.073223
3,gnn,profile,13,all,0.588059,15.372045
3,gnn,profile,14,GR,-1.362329,9.474521
3,gnn,profile,14,NPHI,0.098100,0.040053
3,gnn,profile,14,RHOB,0.585519,0.035790
3,gnn,profile,14,all,0.581293,2.215927
3,gnn,profile,15,GR,0.278121,15.766256
3,gnn,profile,15,NPHI,0.365731,0.058062
3,gnn,profile,15,RHOB,0.690593,0.045702
3,gnn,profile,15,all,0.706658,5.290006
3,gnn,profile,16,GR,-18.958248,45.845937
3,gnn,profile,16,NPHI,,
3,gnn,profile,16,RHOB,,
3,gnn,profile,16,all,-18.958248,45.845937
3,gnn,profile,17,GR,0.525069,20.446683
3,gnn,profile,17,NPHI,-0.068531,0.071197
3,gnn,profile,17,RHOB,0.260032,0.054605
3,gnn,profile,17,all,0.790990,6.513045
3,gnn,profile,18,GR,-0.490455,26.361455
3,gnn,profile,18,NPHI,-1.410998,0.091954
3,gnn,profile,18,RHOB,-3.125330,0.163745
3,gnn,profile,18,all,0.885943,7.116299
3,gnn,single,0,GR,0.055545,30.638637
3,gnn,single,0,NPHI,0.460886,0.047044
3,gnn,single,0,RHOB,0.382854,0.094163
3,gnn,single,0,all,0.753072,10.980466
3,gnn,single,1,GR,,
3,gnn,single,1,NPHI,-1.069481,0.104746
3,gnn,single,1,RHOB,-0.433491,0.049416
3,gnn,single,1,all,0.994096,0.077081
3,gnn,single,2,GR,-0.895145,25.660103
3,gnn,single,2,NPHI,0.000275,0.069026
3,gnn,single,2,RHOB,-0.367946,0.117768
3,gnn,single,2,all,0.756244,10.966106
3,gnn,single,3,GR,-0.656473,26.294384
3,gnn,single,3,NPHI,0.413664,0.048077
3,gnn,single,3,RHOB,0.657544,0.059245
3,gnn,single,3,all,0.237456,10.488536
3,gnn,single,4,GR,-0.086501,29.349476
3,gnn,single,4,NPHI,0.185462,0.071428
3,gnn,single,4,RHOB,0.186812,0.089480
3,gnn,single,4,all,0.624145,12.127264
3,gnn,single,5,GR,0.328756,16.866618
3,gnn,single,5,NPHI,0.502616,0.047072
3,gnn,single,5,RHOB,0.436887,0.091042
3,gnn,single,5,all,0.743972,5.430318
3,gnn,single,6,GR,-4.235789,16.903852
3,gnn,single,6,NPHI,-1.863676,0.071071
3,gnn,single,6,RHOB,0.026125,0.035559
3,gnn,single,6,all,0.804799,4.655373
3,gnn,single,7,GR,-75.582010,64.103059
3,gnn,single,7,NPHI,0.744492,0.025405
3,gnn,single,7,RHOB,0.321874,0.074019
3,gnn,single,7,all,-23.058395,12.850659
3,gnn,single,8,GR,-0.155769,58.838785
3,gnn,single,8,NPHI,-2.777529,0.086649
3,gnn,single,8,RHOB,-2.779292,0.126593
3,gnn,single,8,all,0.637807,13.650979
3,gnn,single,9,GR,0.571154,22.803625
3,gnn,single,9,NPHI,0.675424,0.040696
3,gnn,single,9,RHOB,0.034250,0.087816
3,gnn,single,9,all,0.809685,8.999822
3,gnn,single,10,GR,0.207617,23.831238
3,gnn,single,10,NPHI,0.735292,0.035216
3,gnn,single,10,RHOB,-0.121263,0.088576
3,gnn,single,10,all,0.687223,10.046548
3,gnn,single,11,GR,-2.307126,13.609699
3,gnn,single,11,NPHI,0.483933,0.037472
3,gnn,single,11,RHOB,0.640145,0.038056
3,gnn,single,11,all,-0.170440,3.430626
3,gnn,single,12,GR,-1.567850,27.961937
3,gnn,single,12,NPHI,0.289929,0.057128
3,gnn,single,12,RHOB,0.688279,0.065047
3,gnn,single,12,all,0.097809,11.144248
3,gnn,single,13,GR,-0.589464,35.987903
3,gnn,single,13,NPHI,0.148112,0.050330
3,gnn,single,13,RHOB,-0.107253,0.092049
3,gnn,single,13,all,0.603595,13.015204
3,gnn,single,14,GR,0.596180,5.493602
3,gnn,single,14,NPHI,0.483102,0.035380
3,gnn,single,14,RHOB,0.673057,0.040279
3,gnn,single,14,all,0.942392,1.295724
3,gnn,single,15,GR,0.506046,15.228844
3,gnn,single,15,NPHI,0.037938,0.069766
3,gnn,single,15,RHOB,0.637906,0.036074
3,gnn,single,15,all,0.762455,5.716333
3,gnn,single,16,GR,,
3,gnn,single,16,NPHI,,
3,gnn,single,16,RHOB,-1.133559,0.110109
3,gnn,single,16,all,-1.133559,0.110109
3,gnn,single,17,GR,0.491026,19.957752
3,gnn,single,17,NPHI,0.264593,0.058952
3,gnn,single,17,RHOB,0.343316,0.060379
3,gnn,single,17,all,0.777509,6.296888
3,gnn,single,18,GR,-0.025507,25.158721
3,gnn,single,18,NPHI,-0.776420,0.083572
3,gnn,single,18,RHOB,0.366814,0.104655
3,gnn,single,18,all,0.855621,6.864628
3,locf,blackout,0,GR,0.539781,18.409977
3,locf,blackout,0,NPHI,-1.229369,0.075673
3,locf,blackout,0,RHOB,-0.486141,0.126521
3,locf,blackout,0,all,0.789695,5.450295
3,locf,blackout,1,GR,-1.520427,19.525975
3,locf,blackout,1,NPHI,-0.160356,0.047674
3,locf,blackout,1,RHOB,-0.056420,0.089408
3,locf,blackout,1,all,0.908279,2.403433
3,locf,blackout,2,GR,-0.553991,20.280740
3,locf,blackout,2,NPHI,-0.472362,0.082250
3,locf,blackout,2,RHOB,-0.355983,0.136136
3,locf,blackout,2,all,0.853001,6.278959
3,locf,blackout,3,GR,-0.080892,17.704296
3,locf,blackout,3,NPHI,0.218513,0.066103
3,locf,blackout,3,RHOB,0.190484,0.105434
3,locf,blackout,3,all,0.588300,5.801423
3,locf,blackout,4,GR,0.634712,14.542264
3,locf,blackout,4,NPHI,-0.182372,0.073387
3,locf,blackout,4,RHOB,-0.171861,0.119486
3,locf,blackout,4,all,0.894443,4.641236
3,locf,blackout,5,GR,0.439695,12.055150
3,locf,blackout,5,NPHI,0.282530,0.061361
3,locf,blackout,5,RHOB,0.519896,0.077856
3,locf,blackout,5,all,0.803341,4.055379
3,locf,blackout,6,GR,-0.627160,7.752754
3,locf,blackout,6,NPHI,-0.426087,0.040010
3,locf,blackout,6,RHOB,-0.072824,0.050554
3,locf,blackout,6,all,0.931795,2.264046
3,locf,blackout,7,GR,-1.454062,9.093891
3,locf,blackout,7,NPHI,-1.150439,0.060020
3,locf,blackout,7,RHOB,-0.646712,0.086148
3,locf,blackout,7,all,0.089548,2.484163
3,locf,blackout,8,GR,0.417106,27.135299
3,locf,blackout,8,NPHI,-1.143290,0.062012
3,locf,blackout,8,RHOB,-0.265767,0.091125
3,locf,blackout,8,all,0.884750,8.206521
3,locf,blackout,9,GR,-0.211471,31.519894
3,locf,blackout,9,NPHI,0.402650,0.067399
3,locf,blackout,9,RHOB,0.263160,0.080598
3,locf,blackout,9,all,0.439068,9.627352
3,locf,blackout,10,GR,0.177478,23.064572
3,locf,blackout,10,NPHI,-0.769050,0.083321
3,locf,blackout,10,RHOB,-0.556106,0.122743
3,locf,blackout,10,all,0.652365,7.267747
3,locf,blackout,11,GR,-0.550560,7.886301
3,locf,blackout,11,NPHI,-0.570377,0.070684
3,locf,blackout,11,RHOB,-0.653618,0.097986
3,locf,blackout,11,all,0.361594,2.377987
3,locf,blackout,12,GR,-0.008282,16.631431
3,locf,blackout,12,NPHI,0.152599,0.072015
3,locf,blackout,12,RHOB,0.148694,0.116424
3,locf,blackout,12,all,0.709099,5.410589
3,locf,blackout,13,GR,0.323512,20.521274
3,locf,blackout,13,NPHI,0.330724,0.057878
3,locf,blackout,13,RHOB,-0.546367,0.077071
3,locf,blackout,13,all,0.834093,6.776301
3,locf,blackout,14,GR,-0.275099,12.886051
3,locf,blackout,14,NPHI,-0.765017,0.057151
3,locf,blackout,14,RHOB,-0.295589,0.071998
3,locf,blackout,14,all,0.653508,3.916824
3,locf,blackout,15,GR,0.377262,14.092141
3,locf,blackout,15,NPHI,0.065291,0.067369
3,locf,blackout,15,RHOB,-0.910128,0.090800
3,locf,blackout,15,all,0.760407,4.479996
3,locf,blackout,16,GR,-0.027729,2.533191
3,locf,blackout,16,NPHI,-0.291242,0.021250
3,locf,blackout,16,RHOB,-0.300025,0.038235
3,locf,blackout,16,all,0.880651,0.864225
3,locf,blackout,17,GR,0.529626,16.880711
3,locf,blackout,17,NPHI,0.344926,0.048259
3,locf,blackout,17,RHOB,0.568537,0.041701
3,locf,blackout,17,all,0.787744,5.594692
3,locf,blackout,18,GR,-0.586818,32.100676
3,locf,blackout,18,NPHI,-0.031402,0.063185
3,locf,blackout,18,RHOB,-0.289112,0.100529
3,locf,blackout,18,all,0.729982,10.520998
3,locf,block,0,GR,0.745178,15.918249
3,locf,block,0,NPHI,-3.099334,0.143016
3,locf,block,0,RHOB,-0.041443,0.131067
3,locf,block,0,all,0.894508,5.794681
3,locf,block,1,GR,-0.592057,10.304900
3,locf,block,1,NPHI,,
3,locf,block,1,RHOB,-0.687809,0.076487
3,locf,block,1,all,0.967869,1.781222
3,locf,block,2,GR,0.498639,10.158130
3,locf,block,2,NPHI,-0.288660,0.053742
3,locf,block,2,RHOB,-1.779785,0.154034
3,locf,block,2,all,0.966279,3.575348
3,locf,block,3,GR,-0.209167,15.012229
3,locf,block,3,NPHI,-0.073742,0.066235
3,locf,block,3,RHOB,0.184510,0.092588
3,locf,block,3,all,0.591270,3.958176
3,locf,block,4,GR,0.852376,9.309781
3,locf,block,4,NPHI,0.378096,0.068943
3,locf,block,4,RHOB,-0.138521,0.077973
3,locf,block,4,all,0.952733,2.120015
3,locf,block,5,GR,0.526121,10.389388
3,locf,block,5,NPHI,0.435363,0.051193
3,locf,block,5,RHOB,0.627679,0.067433
3,locf,block,5,all,0.835110,3.123602
3,locf,block,6,GR,0.414637,3.215434
3,locf,block,6,NPHI,-0.128114,0.013516
3,locf,block,6,RHOB,-0.233170,0.037513
3,locf,block,6,all,0.981416,1.210342
3,locf,block,7,GR,0.397653,5.172272
3,locf,block,7,NPHI,-2.831835,0.053766
3,locf,block,7,RHOB,-2.469628,0.128506
3,locf,block,7,all,0.759772,2.299190
3,locf,block,8,GR,0.686080,18.455424
3,locf,block,8,NPHI,-0.253202,0.028994
3,locf,block,8,RHOB,0.106064,0.162124
3,locf,block,8,all,0.915467,7.040736
3,locf,block,9,GR,0.930095,11.211255
3,locf,block,9,NPHI,0.351677,0.035290
3,locf,block,9,RHOB,-0.197309,0.092855
3,locf,block,9,all,0.963539,3.984630
3,locf,block,10,GR,0.863633,7.636729
3,locf,block,10,NPHI,0.119703,0.058870
3,locf,block,10,RHOB,0.356578,0.073923
3,locf,block,10,all,0.924366,1.863692
3,locf,block,11,GR,-0.256571,6.323901
3,locf,block,11,NPHI,0.521794,0.028182
3,locf,block,11,RHOB,-3.269458,0.075854
3,locf,block,11,all,0.412724,2.316203
3,locf,block,12,GR,-0.137917,14.998451
3,locf,block,12,NPHI,0.413890,0.051216
3,locf,block,12,RHOB,0.544102,0.087505
3,locf,block,12,all,0.781769,3.507574
3,locf,block,13,GR,0.752854,10.774600
3,locf,block,13,NPHI,0.114604,0.059298
3,locf,block,13,RHOB,0.135174,0.060510
3,locf,block,13,all,0.942162,2.573205
3,locf,block,14,GR,0.156928,8.111692
3,locf,block,14,NPHI,0.092249,0.029946
3,locf,block,14,RHOB,-0.279044,0.094349
3,locf,block,14,all,0.852256,3.107051
3,locf,block,15,GR,0.299670,15.226705
3,locf,block,15,NPHI,-0.059040,0.056499
3,locf,block,15,RHOB,0.056738,0.039450
3,locf,block,15,all,0.820358,3.217722
3,locf,block,16,GR,,
3,locf,block,16,NPHI,,
3,locf,block,16,RHOB,-2.134006,0.114795
3,locf,block,16,all,-2.134006,0.114795
3,locf,block,17,GR,0.556786,14.502194
3,locf,block,17,NPHI,0.423683,0.038566
3,locf,block,17,RHOB,0.357878,0.043814
3,locf,block,17,all,0.791862,4.460331
3,locf,block,18,GR,0.197956,22.304426
3,locf,block,18,NPHI,0.002250,0.039763
3,locf,block,18,RHOB,-1.969782,0.168114
3,locf,block,18,all,0.850333,9.070411
3,locf,profile,0,GR,-0.000009,29.040989
3,locf,profile,0,NPHI,-0.421417,0.074115
3,locf,profile,0,RHOB,-0.000096,0.119930
3,locf,profile,0,all,0.612424,8.607259
3,locf,profile,1,GR,-3.666508,47.295579
3,locf,profile,1,NPHI,,
3,locf,profile,1,RHOB,,
3,locf,profile,1,all,-3.666508,47.295579
3,locf,profile,2,GR,-2.495614,35.163290
3,locf,profile,2,NPHI,-0.335180,0.071402
3,locf,profile,2,RHOB,-0.086804,0.137102
3,locf,profile,2,all,0.676856,13.017282
3,locf,profile,3,GR,-0.616525,22.983840
3,locf,profile,3,NPHI,-0.341514,0.105248
3,locf,profile,3,RHOB,-0.461716,0.136588
3,locf,profile,3,all,0.454064,8.188802
3,locf,profile,4,GR,-0.596691,30.661404
3,locf,profile,4,NPHI,-0.000001,0.085155
3,locf,profile,4,RHOB,-0.176973,0.108683
3,locf,profile,4,all,0.669980,11.011966
3,locf,profile,5,GR,-0.180057,22.776349
3,locf,profile,5,NPHI,-0.298407,0.100853
3,locf,profile,5,RHOB,-0.236228,0.124300
3,locf,profile,5,all,0.625986,7.167329
3,locf,profile,6,GR,-0.145523,6.886814
3,locf,profile,6,NPHI,-11.941827,0.133685
3,locf,profile,6,RHOB,-28.546425,0.153206
3,locf,profile,6,all,0.958851,1.978997
3,locf,profile,7,GR,-4.797942,34.477824
3,locf,profile,7,NPHI,-5.609017,0.114206
3,locf,profile,7,RHOB,-8.258207,0.145836
3,locf,profile,7,all,-1.676629,10.429617
3,locf,profile,8,GR,-2.025879,37.493741
3,locf,profile,8,NPHI,-0.241482,0.054673
3,locf,profile,8,RHOB,-8.001213,0.225153
3,locf,profile,8,all,0.691449,8.746913
3,locf,profile,9,GR,-0.876644,46.407293
3,locf,profile,9,NPHI,-0.099014,0.094336
3,locf,profile,9,RHOB,-1.160667,0.157972
3,locf,profile,9,all,0.531304,15.549665
3,locf,profile,10,GR,-0.683087,32.012343
3,locf,profile,10,NPHI,-0.000934,0.072550
3,locf,profile,10,RHOB,-0.002618,0.094627
3,locf,profile,10,all,0.684104,10.725587
3,locf,profile,11,GR,-12.614692,38.332621
3,locf,profile,11,NPHI,-1.520876,0.091081
3,locf,profile,11,RHOB,-0.017667,0.080739
3,locf,profile,11,all,-4.950328,9.648880
3,locf,profile,12,GR,-0.215181,19.836817
3,locf,profile,12,NPHI,-0.856722,0.122443
3,locf,profile,12,RHOB,-0.765565,0.151780
3,locf,profile,12,all,0.658001,6.929102
3,locf,profile,13,GR,-1.194336,37.407201
3,locf,profile,13,NPHI,-0.035720,0.087995
3,locf,profile,13,RHOB,-0.756381,0.132023
3,locf,profile,13,all,0.601485,14.280740
3,locf,profile,14,GR,-18.697243,32.895754
3,locf,profile,14,NPHI,-5.003589,0.106654
3,locf,profile,14,RHOB,-3.508756,0.134683
3,locf,profile,14,all,-2.491203,7.681993
3,locf,profile,15,GR,-0.751947,25.486443
3,locf,profile,15,NPHI,-0.021810,0.078078
3,locf,profile,15,RHOB,-0.157777,0.105926
3,locf,profile,15,all,0.288081,8.556815
3,locf,profile,16,GR,-11.066481,34.962738
3,locf,profile,16,NPHI,,
3,locf,profile,16,RHOB,,
3,locf,profile,16,all,-11.066481,34.962738
3,locf,profile,17,GR,-0.000012,32.186484
3,locf,profile,17,NPHI,-0.236586,0.081068
3,locf,profile,17,RHOB,-1.249407,0.101540
3,locf,profile,17,all,0.559910,10.248525
3,locf,profile,18,GR,-4.548596,57.020845
3,locf,profile,18,NPHI,-0.554175,0.073808
3,locf,profile,18,RHOB,-0.498698,0.096816
3,locf,profile,18,all,0.575415,15.265820
3,locf,single,0,GR,0.975066,4.492421
3,locf,single,0,NPHI,0.955203,0.011236
3,locf,single,0,RHOB,0.956112,0.028900
3,locf,single,0,all,0.993481,1.614603
3,locf,single,1,GR,,
3,locf,single,1,NPHI,0.975494,0.008316
3,locf,single,1,RHOB,0.979925,0.005702
3,locf,single,1,all,0.999928,0.007009
3,locf,single,2,GR,0.957131,3.455270
3,locf,single,2,NPHI,0.936208,0.013758
3,locf,single,2,RHOB,0.898394,0.024621
3,locf,single,2,all,0.994486,1.479849
3,locf,single,3,GR,0.983818,1.718424
3,locf,single,3,NPHI,0.969829,0.009137
3,locf,single,3,RHOB,0.971655,0.015096
3,locf,single,3,all,0.992550,0.691057
3,locf,single,4,GR,0.970161,2.834257
3,locf,single,4,NPHI,0.993002,0.006071
3,locf,single,4,RHOB,0.959764,0.017498
3,locf,single,4,all,0.989678,1.174061
3,locf,single,5,GR,0.990910,1.376348
3,locf,single,5,NPHI,0.974943,0.008917
3,locf,single,5,RHOB,0.984217,0.012225
3,locf,single,5,all,0.996533,0.446477
3,locf,single,6,GR,0.901777,1.431615
3,locf,single,6,NPHI,0.933795,0.005380
3,locf,single,6,RHOB,0.921834,0.007025
3,locf,single,6,all,0.996338,0.394652
3,locf,single,7,GR,0.972366,0.954332
3,locf,single,7,NPHI,0.971613,0.006226
3,locf,single,7,RHOB,0.813346,0.024365
3,locf,single,7,all,0.991300,0.199475
3,locf,single,8,GR,0.955586,7.503922
3,locf,single,8,NPHI,0.949495,0.008199
3,locf,single,8,RHOB,0.868845,0.020770
3,locf,single,8,all,0.986082,1.739915
3,locf,single,9,GR,0.986045,3.954487
3,locf,single,9,NPHI,0.984385,0.007711
3,locf,single,9,RHOB,0.897720,0.023500
3,locf,single,9,all,0.993807,1.562297
3,locf,single,10,GR,0.971624,3.457674
3,locf,single,10,NPHI,0.988581,0.007420
3,locf,single,10,RHOB,0.950022,0.016365
3,locf,single,10,all,0.988799,1.459287
3,locf,single,11,GR,0.985746,0.638615
3,locf,single,11,NPHI,0.991929,0.004429
3,locf,single,11,RHOB,0.965645,0.011291
3,locf,single,11,all,0.994954,0.164119
3,locf,single,12,GR,0.981619,1.767855
3,locf,single,12,NPHI,0.981171,0.008943
3,locf,single,12,RHOB,0.966123,0.014939
3,locf,single,12,all,0.993542,0.709861
3,locf,single,13,GR,0.994423,1.925736
3,locf,single,13,NPHI,0.985718,0.005487
3,locf,single,13,RHOB,0.979947,0.009014
3,locf,single,13,all,0.998609,0.698727
3,locf,single,14,GR,0.990739,0.849580
3,locf,single,14,NPHI,0.993232,0.003564
3,locf,single,14,RHOB,0.984752,0.006258
3,locf,single,14,all,0.998679,0.199213
3,locf,single,15,GR,0.996952,1.114505
3,locf,single,15,NPHI,0.948193,0.013535
3,locf,single,15,RHOB,0.979166,0.007328
3,locf,single,15,all,0.998534,0.422538
3,locf,single,16,GR,,
3,locf,single,16,NPHI,,
3,locf,single,16,RHOB,0.994150,0.004920
3,locf,single,16,all,0.994150,0.004920
3,locf,single,17,GR,0.981758,3.028721
3,locf,single,17,NPHI,0.985216,0.007816
3,locf,single,17,RHOB,0.969867,0.007674
3,locf,single,17,all,0.992026,0.954694
3,locf,single,18,GR,0.954942,3.725174
3,locf,single,18,NPHI,0.954125,0.011068
3,locf,single,18,RHOB,0.975980,0.021314
3,locf,single,18,all,0.993656,1.016819
3,mean,blackout,0,GR,-0.008496,37.069061
3,mean,blackout,0,NPHI,-0.437922,0.071814
3,mean,blackout,0,RHOB,-0.098929,0.108306
3,mean,blackout,0,all,0.539166,10.893961
3,mean,blackout,1,GR,-3.464238,26.046116
3,mean,blackout,1,NPHI,-0.192028,0.075236
3,mean,blackout,1,RHOB,-0.001865,0.086144
3,mean,blackout,1,all,0.837551,3.196541
3,mean,blackout,2,GR,-1.720311,29.294418
3,mean,blackout,2,NPHI,-0.130207,0.071553
3,mean,blackout,2,RHOB,-0.014653,0.131552
3,mean,blackout,2,all,0.742687,9.030848
3,mean,blackout,3,GR,-0.423065,24.938638
3,mean,blackout,3,NPHI,-0.297409,0.093632
3,mean,blackout,3,RHOB,-0.606421,0.149244
3,mean,blackout,3,all,0.457960,8.172431
3,mean,blackout,4,GR,-0.225175,32.254365
3,mean,blackout,4,NPHI,-0.016858,0.076077
3,mean,blackout,4,RHOB,-0.025477,0.135261
3,mean,blackout,4,all,0.646001,10.218707
3,mean,blackout,5,GR,-0.314683,23.852364
3,mean,blackout,5,NPHI,-0.221951,0.093977
3,mean,blackout,5,RHOB,-0.635344,0.162553
3,mean,blackout,5,all,0.538560,8.017500
3,mean,blackout,6,GR,-0.447500,8.588783
3,mean,blackout,6,NPHI,-10.174679,0.132984
3,mean,blackout,6,RHOB,-3.767078,0.130183
3,mean,blackout,6,all,0.939299,2.566923
3,mean,blackout,7,GR,-23.613222,39.266338
3,mean,blackout,7,NPHI,-4.094786,0.112091
3,mean,blackout,7,RHOB,-1.207546,0.119932
3,mean,blackout,7,all,-8.130217,10.583591
3,mean,blackout,8,GR,-2.048733,74.336753
3,mean,blackout,8,NPHI,-0.216759,0.047897
3,mean,blackout,8,RHOB,-1.912646,0.161906
3,mean,blackout,8,all,0.397207,22.407064
3,mean,blackout,9,GR,-0.020381,33.064565
3,mean,blackout,9,NPHI,-0.004976,0.093074
3,mean,blackout,9,RHOB,-0.324850,0.140655
3,mean,blackout,9,all,0.527540,10.126016
3,mean,blackout,10,GR,-0.004451,34.289355
3,mean,blackout,10,NPHI,-0.002251,0.071375
3,mean,blackout,10,RHOB,-0.001051,0.102082
3,mean,blackout,10,all,0.575483,10.758810
3,mean,blackout,11,GR,-17.327931,38.524838
3,mean,blackout,11,NPHI,-1.125433,0.079881
3,mean,blackout,11,RHOB,-0.008765,0.084960
3,mean,blackout,11,all,-6.544671,11.389708
3,mean,blackout,12,GR,-0.205489,20.542496
3,mean,blackout,12,NPHI,-0.825555,0.116721
3,mean,blackout,12,RHOB,-0.789451,0.167271
3,mean,blackout,12,all,0.652184,6.700217
3,mean,blackout,13,GR,-0.488032,33.026209
3,mean,blackout,13,NPHI,-0.134168,0.091578
3,mean,blackout,13,RHOB,-0.643834,0.126323
3,mean,blackout,13,all,0.635070,10.905902
3,mean,blackout,14,GR,-3.106601,24.820717
3,mean,blackout,14,NPHI,-2.852314,0.093097
3,mean,blackout,14,RHOB,-1.784100,0.131000
3,mean,blackout,14,all,-0.115890,7.535504
3,mean,blackout,15,GR,-0.238236,24.659715
3,mean,blackout,15,NPHI,-0.009441,0.084007
3,mean,blackout,15,RHOB,-0.280310,0.094482
3,mean,blackout,15,all,0.523622,7.805234
3,mean,blackout,16,GR,-169.423243,40.512584
3,mean,blackout,16,NPHI,-19.448404,0.102594
3,mean,blackout,16,RHOB,-2.063643,0.061080
3,mean,blackout,16,all,-18.785306,13.558753
3,mean,blackout,17,GR,-0.001063,32.007042
3,mean,blackout,17,NPHI,-0.240809,0.083306
3,mean,blackout,17,RHOB,-0.511791,0.100077
3,mean,blackout,17,all,0.548270,10.612524
3,mean,blackout,18,GR,-1.391171,42.050354
3,mean,blackout,18,NPHI,-0.094740,0.069460
3,mean,blackout,18,RHOB,-0.220336,0.107712
3,mean,blackout,18,all,0.593112,13.769434
3,mean,block,0,GR,-0.109426,42.819232
3,mean,block,0,NPHI,-0.001413,0.071016
3,mean,block,0,RHOB,-0.000073,0.118080
3,mean,block,0,all,0.540758,15.410056
3,mean,block,1,GR,-6.771984,25.559484
3,mean,block,1,NPHI,,
3,mean,block,1,RHOB,-0.565883,0.083700
3,mean,block,1,all,0.843187,4.329664
3,mean,block,2,GR,-3.681122,36.134415
3,mean,block,2,NPHI,-0.006381,0.046803
3,mean,block,2,RHOB,-0.158487,0.121802
3,mean,block,2,all,0.685237,12.536614
3,mean,block,3,GR,-0.732964,24.331809
3,mean,block,3,NPHI,-0.782917,0.096888
3,mean,block,3,RHOB,-0.223933,0.110583
3,mean,block,3,all,0.414210,6.397848
3,mean,block,4,GR,-0.060164,33.212239
3,mean,block,4,NPHI,-0.006854,0.097711
3,mean,block,4,RHOB,-0.316260,0.096537
3,mean,block,4,all,0.660608,7.435149
3,mean,block,5,GR,-0.336272,24.229092
3,mean,block,5,NPHI,-0.202013,0.090256
3,mean,block,5,RHOB,-0.549736,0.152416
3,mean,block,5,all,0.535029,7.271591
3,mean,block,6,GR,-1.177391,8.208942
3,mean,block,6,NPHI,-72.943916,0.154037
3,mean,block,6,RHOB,-4.380535,0.093073
3,mean,block,6,all,0.930857,3.126699
3,mean,block,7,GR,-13.969073,35.498421
3,mean,block,7,NPHI,-20.817445,0.141196
3,mean,block,7,RHOB,-0.172557,0.077605
3,mean,block,7,all,-4.967328,15.439343
3,mean,block,8,GR,-1.551387,74.194761
3,mean,block,8,NPHI,-0.443046,0.032130
3,mean,block,8,RHOB,-0.024380,0.147210
3,mean,block,8,all,0.312989,28.127879
3,mean,block,9,GR,-0.095930,45.634601
3,mean,block,9,NPHI,-0.841494,0.069109
3,mean,block,9,RHOB,-0.243779,0.099206
3,mean,block,9,all,0.428418,16.110330
3,mean,block,10,GR,-0.451853,32.467112
3,mean,block,10,NPHI,-0.020227,0.075052
3,mean,block,10,RHOB,-0.019887,0.111180
3,mean,block,10,all,0.194956,7.780359
3,mean,block,11,GR,-16.477693,38.751312
3,mean,block,11,NPHI,-0.520392,0.044281
3,mean,block,11,RHOB,-5.507039,0.108629
3,mean,block,11,all,-7.167885,14.041482
3,mean,block,12,GR,-0.091816,16.686269
3,mean,block,12,NPHI,-1.019556,0.101161
3,mean,block,12,RHOB,-0.669636,0.160586
3,mean,block,12,all,0.790573,3.943360
3,mean,block,13,GR,-0.143496,24.745130
3,mean,block,13,NPHI,-0.016283,0.076965
3,mean,block,13,RHOB,-0.356006,0.131015
3,mean,block,13,all,0.732428,5.883010
3,mean,block,14,GR,-4.057788,21.688260
3,mean,block,14,NPHI,-5.021713,0.107443
3,mean,block,14,RHOB,-0.614353,0.107356
3,mean,block,14,all,0.113722,8.273132
3,mean,block,15,GR,-0.118425,20.177683
3,mean,block,15,NPHI,-0.034877,0.073586
3,mean,block,15,RHOB,-2.110020,0.095618
3,mean,block,15,all,0.713112,4.279134
3,mean,block,16,GR,,
3,mean,block,16,NPHI,,
3,mean,block,16,RHOB,-0.696621,0.081127
3,mean,block,16,all,-0.696621,0.081127
3,mean,block,17,GR,-0.024845,31.425478
3,mean,block,17,NPHI,-0.312862,0.080559
3,mean,block,17,RHOB,-0.435685,0.095546
3,mean,block,17,all,0.518721,9.664411
3,mean,block,18,GR,-1.646115,46.571994
3,mean,block,18,NPHI,-2.469098,0.083244
3,mean,block,18,RHOB,-0.189245,0.109180
3,mean,block,18,all,0.506228,18.882638
3,mean,profile,0,GR,-0.000009,29.040989
3,mean,profile,0,NPHI,-0.421417,0.074115
3,mean,profile,0,RHOB,-0.000096,0.119930
3,mean,profile,0,all,0.612424,8.607259
3,mean,profile,1,GR,-3.666508,47.295579
3,mean,profile,1,NPHI,,
3,mean,profile,1,RHOB,,
3,mean,profile,1,all,-3.666508,47.295579
3,mean,profile,2,GR,-2.495614,35.163290
3,mean,profile,2,NPHI,-0.335180,0.071402
3,mean,profile,2,RHOB,-0.086804,0.137102
3,mean,profile,2,all,0.676856,13.017282
3,mean,profile,3,GR,-0.616525,22.983840
3,mean,profile,3,NPHI,-0.341514,0.105248
3,mean,profile,3,RHOB,-0.461716,0.136588
3,mean,profile,3,all,0.454064,8.188802
3,mean,profile,4,GR,-0.596691,30.661404
3,mean,profile,4,NPHI,-0.000001,0.085155
3,mean,profile,4,RHOB,-0.176973,0.108683
3,mean,profile,4,all,0.669980,11.011966
3,mean,profile,5,GR,-0.180057,22.776349
3,mean,profile,5,NPHI,-0.298407,0.100853
3,mean,profile,5,RHOB,-0.236228,0.124300
3,mean,profile,5,all,0.625986,7.167329
3,mean,profile,6,GR,-0.145523,6.886814
3,mean,profile,6,NPHI,-11.941827,0.133685
3,mean,profile,6,RHOB,-28.546425,0.153206
3,mean,profile,6,all,0.958851,1.978997
3,mean,profile,7,GR,-4.797942,34.477824
3,mean,profile,7,NPHI,-5.609017,0.114206
3,mean,profile,7,RHOB,-8.258207,0.145836
3,mean,profile,7,all,-1.676629,10.429617
3,mean,profile,8,GR,-2.025879,37.493741
3,mean,profile,8,NPHI,-0.241482,0.054673
3,mean,profile,8,RHOB,-8.001213,0.225153
3,mean,profile,8,all,0.691449,8.746913
3,mean,profile,9,GR,-0.876644,46.407293
3,mean,profile,9,NPHI,-0.099014,0.094336
3,mean,profile,9,RHOB,-1.160667,0.157972
3,mean,profile,9,all,0.531304,15.549665
3,mean,profile,10,GR,-0.683087,32.012343
3,mean,profile,10,NPHI,-0.000934,0.072550
3,mean,profile,10,RHOB,-0.002618,0.094627
3,mean,profile,10,all,0.684104,10.725587
3,mean,profile,11,GR,-12.614692,38.332621
3,mean,profile,11,NPHI,-1.520876,0.091081
3,mean,profile,11,RHOB,-0.017667,0.080739
3,mean,profile,11,all,-4.950328,9.648880
3,mean,profile,12,GR,-0.215181,19.836817
3,mean,profile,12,NPHI,-0.856722,0.122443
3,mean,profile,12,RHOB,-0.765565,0.151780
3,mean,profile,12,all,0.658001,6.929102
3,mean,profile,13,GR,-1.194336,37.407201
3,mean,profile,13,NPHI,-0.035720,0.087995
3,mean,profile,13,RHOB,-0.756381,0.132023
3,mean,profile,13,all,0.601485,14.280740
3,mean,profile,14,GR,-18.697243,32.895754
3,mean,profile,14,NPHI,-5.003589,0.106654
3,mean,profile,14,RHOB,-3.508756,0.134683
3,mean,profile,14,all,-2.491203,7.681993
3,mean,profile,15,GR,-0.751947,25.486443
3,mean,profile,15,NPHI,-0.021810,0.078078
3,mean,profile,15,RHOB,-0.157777,0.105926
3,mean,profile,15,all,0.288081,8.556815
3,mean,profile,16,GR,-11.066481,34.962738
3,mean,profile,16,NPHI,,
3,mean,profile,16,RHOB,,
3,mean,profile,16,all,-11.066481,34.962738
3,mean,profile,17,GR,-0.000012,32.186484
3,mean,profile,17,NPHI,-0.236586,0.081068
3,mean,profile,17,RHOB,-1.249407,0.101540
3,mean,profile,17,all,0.559910,10.248525
3,mean,profile,18,GR,-4.548596,57.020845
3,mean,profile,18,NPHI,-0.554175,0.073808
3,mean,profile,18,RHOB,-0.498698,0.096816
3,mean,profile,18,all,0.575415,15.265820
3,mean,single,0,GR,-0.773140,49.447794
3,mean,single,0,NPHI,-0.007083,0.077915
3,mean,single,0,RHOB,-0.017324,0.140732
3,mean,single,0,all,0.536413,17.720484
3,mean,single,1,GR,,
3,mean,single,1,NPHI,-0.023392,0.075703
3,mean,single,1,RHOB,-2.309165,0.074033
3,mean,single,1,all,0.994973,0.074868
3,mean,single,2,GR,-1.840651,34.968942
3,mean,single,2,NPHI,-0.240878,0.074585
3,mean,single,2,RHOB,-0.218584,0.122681
3,mean,single,2,all,0.634633,14.930411
3,mean,single,3,GR,-0.625753,27.446415
3,mean,single,3,NPHI,-1.616339,0.106614
3,mean,single,3,RHOB,-0.556593,0.123466
3,mean,single,3,all,0.251576,10.984034
3,mean,single,4,GR,-0.221286,32.881266
3,mean,single,4,NPHI,-0.010055,0.079375
3,mean,single,4,RHOB,-0.062249,0.123437
3,mean,single,4,all,0.577517,13.594659
3,mean,single,5,GR,-0.299542,25.930237
3,mean,single,5,NPHI,-0.282588,0.087040
3,mean,single,5,RHOB,-0.576315,0.154748
3,mean,single,5,all,0.504316,8.358441
3,mean,single,6,GR,-0.158715,6.832513
3,mean,single,6,NPHI,-8.478293,0.128639
3,mean,single,6,RHOB,-7.924369,0.130594
3,mean,single,6,all,0.956774,1.957324
3,mean,single,7,GR,-27.629325,39.625138
3,mean,single,7,NPHI,-3.817843,0.115173
3,mean,single,7,RHOB,-0.385301,0.147516
3,mean,single,7,all,-7.994327,8.023634
3,mean,single,8,GR,-1.048254,83.391922
3,mean,single,8,NPHI,-0.045956,0.041609
3,mean,single,8,RHOB,-0.532106,0.083016
3,mean,single,8,all,0.358124,19.282667
3,mean,single,9,GR,-0.120990,37.272846
3,mean,single,9,NPHI,-0.189377,0.083532
3,mean,single,9,RHOB,-0.043328,0.107766
3,mean,single,9,all,0.502523,14.712355
3,mean,single,10,GR,-0.003825,28.504773
3,mean,single,10,NPHI,-0.001316,0.072338
3,mean,single,10,RHOB,-0.049999,0.097724
3,mean,single,10,all,0.603760,12.024926
3,mean,single,11,GR,-21.763848,39.088151
3,mean,single,11,NPHI,-1.206994,0.079808
3,mean,single,11,RHOB,-1.238883,0.109655
3,mean,single,11,all,-7.056375,9.836868
3,mean,single,12,GR,-0.592402,22.355151
3,mean,single,12,NPHI,-3.699754,0.156421
3,mean,single,12,RHOB,-0.487330,0.127923
3,mean,single,12,all,0.440489,8.963311
3,mean,single,13,GR,-0.556971,33.352849
3,mean,single,13,NPHI,-0.456841,0.080051
3,mean,single,13,RHOB,-0.519624,0.109757
3,mean,single,13,all,0.611697,12.080220
3,mean,single,14,GR,-5.067492,23.182572
3,mean,single,14,NPHI,-2.290182,0.088252
3,mean,single,14,RHOB,-2.701666,0.152619
3,mean,single,14,all,0.134491,5.427613
3,mean,single,15,GR,-0.462322,28.856572
3,mean,single,15,NPHI,-0.444665,0.083588
3,mean,single,15,RHOB,-1.268187,0.096885
3,mean,single,15,all,0.296763,10.823646
3,mean,single,16,GR,,
3,mean,single,16,NPHI,,
3,mean,single,16,RHOB,-0.200287,0.055027
3,mean,single,16,all,-0.200287,0.055027
3,mean,single,17,GR,-0.012841,30.811631
3,mean,single,17,NPHI,-0.122981,0.083907
3,mean,single,17,RHOB,-0.514592,0.090293
3,mean,single,17,all,0.557251,9.717969
3,mean,single,18,GR,-1.565434,40.342065
3,mean,single,18,NPHI,-0.183900,0.071919
3,mean,single,18,RHOB,-0.076448,0.166707
3,mean,single,18,all,0.638826,10.973675
3,mice,blackout,0,GR,-0.267168,42.026938
3,mice,blackout,0,NPHI,-0.303844,0.067936
3,mice,blackout,0,RHOB,-0.351694,0.114883
3,mice,blackout,0,all,0.420966,12.343429
3,mice,blackout,1,GR,-3.464283,26.046285
3,mice,blackout,1,NPHI,-0.247246,0.078586
3,mice,blackout,1,RHOB,-0.291907,0.097371
3,mice,blackout,1,all,0.837547,3.202975
3,mice,blackout,2,GR,-2.059431,29.758163
3,mice,blackout,2,NPHI,0.079712,0.065704
3,mice,blackout,2,RHOB,-0.002022,0.127343
3,mice,blackout,2,all,0.710611,9.169195
3,mice,blackout,3,GR,-1.179066,29.660903
3,mice,blackout,3,NPHI,-0.068142,0.082897
3,mice,blackout,3,RHOB,-0.315121,0.131238
3,mice,blackout,3,all,0.170027,9.694237
3,mice,blackout,4,GR,-0.146560,28.432785
3,mice,blackout,4,NPHI,0.010215,0.076210
3,mice,blackout,4,RHOB,0.000485,0.133786
3,mice,blackout,4,all,0.668715,9.016247
3,mice,blackout,5,GR,-1.070767,28.567522
3,mice,blackout,5,NPHI,-0.006972,0.084138
3,mice,blackout,5,RHOB,-0.297352,0.142666
3,mice,blackout,5,all,0.273207,9.575676
3,mice,blackout,6,GR,-7.930275,19.732800
3,mice,blackout,6,NPHI,-8.675675,0.122799
3,mice,blackout,6,RHOB,-3.334314,0.119940
3,mice,blackout,6,all,0.625672,5.768498
3,mice,blackout,7,GR,-26.528593,40.231901
3,mice,blackout,7,NPHI,-3.244903,0.102301
3,mice,blackout,7,RHOB,-1.878988,0.132383
3,mice,blackout,7,all,-9.211655,10.841998
3,mice,blackout,8,GR,-1.611474,68.600309
3,mice,blackout,8,NPHI,-0.369122,0.051466
3,mice,blackout,8,RHOB,-1.372912,0.134522
3,mice,blackout,8,all,0.483662,20.676079
3,mice,blackout,9,GR,0.183964,32.651084
3,mice,blackout,9,NPHI,0.292723,0.076344
3,mice,blackout,9,RHOB,-0.987193,0.159603
3,mice,blackout,9,all,0.622152,10.000687
3,mice,blackout,10,GR,-0.071833,32.562058
3,mice,blackout,10,NPHI,0.180279,0.064121
3,mice,blackout,10,RHOB,-0.067368,0.110198
3,mice,blackout,10,all,0.547006,10.220268
3,mice,blackout,11,GR,-20.979903,41.607196
3,mice,blackout,11,NPHI,-0.709186,0.073019
3,mice,blackout,11,RHOB,-0.255356,0.089149
3,mice,blackout,11,all,-8.047977,12.294916
3,mice,blackout,12,GR,-1.542545,29.330591
3,mice,blackout,12,NPHI,-0.508192,0.104080
3,mice,blackout,12,RHOB,-0.435946,0.143442
3,mice,blackout,12,all,0.266465,9.512086
3,mice,blackout,13,GR,-0.654193,34.713920
3,mice,blackout,13,NPHI,-0.085183,0.088573
3,mice,blackout,13,RHOB,-0.609051,0.119874
3,mice,blackout,13,all,0.594321,11.456135
3,mice,blackout,14,GR,-5.435083,30.589436
3,mice,blackout,14,NPHI,-2.017608,0.081526
3,mice,blackout,14,RHOB,-2.338771,0.140107
3,mice,blackout,14,all,-0.748583,9.267367
3,mice,blackout,15,GR,-0.225745,22.950189
3,mice,blackout,15,NPHI,0.139417,0.077448
3,mice,blackout,15,RHOB,-0.446414,0.096649
3,mice,blackout,15,all,0.528427,7.267050
3,mice,blackout,16,GR,-169.422346,40.512477
3,mice,blackout,16,NPHI,-19.447978,0.102593
3,mice,blackout,16,RHOB,-2.059655,0.061032
3,mice,blackout,16,all,-18.785202,13.558701
3,mice,blackout,17,GR,0.179069,27.593351
3,mice,blackout,17,NPHI,-0.059100,0.076270
3,mice,blackout,17,RHOB,-0.582811,0.102217
3,mice,blackout,17,all,0.629553,9.156034
3,mice,blackout,18,GR,-2.553622,52.364523
3,mice,blackout,18,NPHI,-0.106221,0.071475
3,mice,blackout,18,RHOB,-0.264864,0.100864
3,mice,blackout,18,all,0.395309,17.130536
3,mice,block,0,GR,-0.263211,40.414770
3,mice,block,0,NPHI,-0.401451,0.076240
3,mice,block,0,RHOB,0.397958,0.085254
3,mice,block,0,all,0.477101,14.539944
3,mice,block,1,GR,-28.699067,52.741005
3,mice,block,1,NPHI,,
3,mice,block,1,RHOB,-2.433363,0.125804
3,mice,block,1,all,0.400788,8.895004
3,mice,block,2,GR,-2.207840,22.058884
3,mice,block,2,NPHI,0.518056,0.032934
3,mice,block,2,RHOB,0.201397,0.094173
3,mice,block,2,all,0.784302,7.660827
3,mice,block,3,GR,-0.054657,18.425843
3,mice,block,3,NPHI,0.711743,0.038074
3,mice,block,3,RHOB,0.780016,0.050643
3,mice,block,3,all,0.643514,4.819540
3,mice,block,4,GR,0.152502,22.303072
3,mice,block,4,NPHI,0.416859,0.064727
3,mice,block,4,RHOB,-0.059714,0.080549
3,mice,block,4,all,0.728690,4.998475
3,mice,block,5,GR,0.143354,17.838432
3,mice,block,5,NPHI,0.785443,0.036966
3,mice,block,5,RHOB,0.663129,0.064307
3,mice,block,5,all,0.701934,5.327193
3,mice,block,6,GR,-10.666453,20.670796
3,mice,block,6,NPHI,-19.069854,0.080104
3,mice,block,6,RHOB,-0.846926,0.056518
3,mice,block,6,all,0.629650,7.720663
3,mice,block,7,GR,-1.899184,13.282490
3,mice,block,7,NPHI,-0.727454,0.036004
3,mice,block,7,RHOB,0.616875,0.025828
3,mice,block,7,all,-0.155742,5.772417
3,mice,block,8,GR,-0.594519,62.667015
3,mice,block,8,NPHI,-4.451505,0.057434
3,mice,block,8,RHOB,-0.114753,0.195570
3,mice,block,8,all,0.570642,23.788613
3,mice,block,9,GR,0.348014,34.552075
3,mice,block,9,NPHI,0.367819,0.036963
3,mice,block,9,RHOB,-0.108455,0.092433
3,mice,block,9,all,0.659957,12.197604
3,mice,block,10,GR,0.466522,19.794467
3,mice,block,10,NPHI,0.406213,0.048597
3,mice,block,10,RHOB,0.364292,0.084192
3,mice,block,10,all,0.704182,4.750254
3,mice,block,11,GR,-6.462640,22.386505
3,mice,block,11,NPHI,0.098341,0.036032
3,mice,block,11,RHOB,0.663642,0.019827
3,mice,block,11,all,-2.487511,8.102085
3,mice,block,12,GR,-0.102379,17.719732
3,mice,block,12,NPHI,0.521277,0.048120
3,mice,block,12,RHOB,0.760508,0.060414
3,mice,block,12,all,0.788589,4.123106
3,mice,block,13,GR,-0.620550,25.436012
3,mice,block,13,NPHI,0.536687,0.045813
3,mice,block,13,RHOB,-0.599096,0.134373
3,mice,block,13,all,0.620806,6.033792
3,mice,block,14,GR,-0.651377,11.752280
3,mice,block,14,NPHI,0.748849,0.021431
3,mice,block,14,RHOB,0.821524,0.033700
3,mice,block,14,all,0.710638,4.463778
3,mice,block,15,GR,-0.018762,20.440744
3,mice,block,15,NPHI,0.692236,0.031783
3,mice,block,15,RHOB,-1.531240,0.082023
3,mice,block,15,all,0.738682,4.311214
3,mice,block,16,GR,,
3,mice,block,16,NPHI,,
3,mice,block,16,RHOB,0.854187,0.021050
3,mice,block,16,all,0.854187,0.021050
3,mice,block,17,GR,0.706077,15.151990
3,mice,block,17,NPHI,0.662263,0.040466
3,mice,block,17,RHOB,0.208969,0.071189
3,mice,block,17,all,0.861969,4.668705
3,mice,block,18,GR,-3.044487,62.348705
3,mice,block,18,NPHI,-5.836026,0.112968
3,mice,block,18,RHOB,-0.058197,0.106302
3,mice,block,18,all,0.245288,25.270536
3,mice,profile,0,GR,0.209778,24.142777
3,mice,profile,0,NPHI,0.214384,0.040354
3,mice,profile,0,RHOB,-0.447181,0.144338
3,mice,profile,0,all,0.693727,7.159886
3,mice,profile,1,GR,-4.668417,55.863175
3,mice,profile,1,NPHI,,
3,mice,profile,1,RHOB,,
3,mice,profile,1,all,-4.668417,55.863175
3,mice,profile,2,GR,-2.347343,27.458538
3,mice,profile,2,NPHI,0.511131,0.042227
3,mice,profile,2,RHOB,0.362565,0.094553
3,mice,profile,2,all,0.690565,10.156743
3,mice,profile,3,GR,-0.152177,18.859488
3,mice,profile,3,NPHI,0.833426,0.035032
3,mice,profile,3,RHOB,0.698435,0.058192
3,mice,profile,3,all,0.610902,6.685429
3,mice,profile,4,GR,-1.071396,25.738288
3,mice,profile,4,NPHI,0.384663,0.059556
3,mice,profile,4,RHOB,0.138768,0.082513
3,mice,profile,4,all,0.571867,9.237091
3,mice,profile,5,GR,0.170988,17.408639
3,mice,profile,5,NPHI,0.764078,0.039020
3,mice,profile,5,RHOB,0.731019,0.056876
3,mice,profile,5,all,0.737259,5.451961
3,mice,profile,6,GR,-7.946140,21.667235
3,mice,profile,6,NPHI,-2.736600,0.072744
3,mice,profile,6,RHOB,-1.624286,0.043599
3,mice,profile,6,all,0.678872,5.956851
3,mice,profile,7,GR,-0.756318,16.137932
3,mice,profile,7,NPHI,0.582500,0.026899
3,mice,profile,7,RHOB,0.747002,0.019974
3,mice,profile,7,all,0.189215,4.858824
3,mice,profile,8,GR,-3.538198,45.483607
3,mice,profile,8,NPHI,-1.182955,0.071859
3,mice,profile,8,RHOB,0.240415,0.046526
3,mice,profile,8,all,0.537253,10.543699
3,mice,profile,9,GR,0.199379,26.551723
3,mice,profile,9,NPHI,0.833831,0.030759
3,mice,profile,9,RHOB,-0.035404,0.106431
3,mice,profile,9,all,0.800043,8.892100
3,mice,profile,10,GR,0.065548,21.035081
3,mice,profile,10,NPHI,0.623785,0.035347
3,mice,profile,10,RHOB,0.330012,0.079472
3,mice,profile,10,all,0.824614,7.048128
3,mice,profile,11,GR,-4.602794,23.067387
3,mice,profile,11,NPHI,0.736576,0.032040
3,mice,profile,11,RHOB,0.749703,0.027235
3,mice,profile,11,all,-1.448677,5.789675
3,mice,profile,12,GR,-0.097728,19.314223
3,mice,profile,12,NPHI,0.707653,0.045673
3,mice,profile,12,RHOB,0.686458,0.062149
3,mice,profile,12,all,0.691082,6.694830
3,mice,profile,13,GR,-1.214282,31.092326
3,mice,profile,13,NPHI,0.552548,0.049083
3,mice,profile,13,RHOB,-0.219669,0.092790
3,mice,profile,13,all,0.597865,11.856879
3,mice,profile,14,GR,-4.617931,15.785157
3,mice,profile,14,NPHI,0.765552,0.019278
3,mice,profile,14,RHOB,-0.097064,0.063616
3,mice,profile,14,all,0.004284,3.671200
3,mice,profile,15,GR,-0.090861,21.103987
3,mice,profile,15,NPHI,0.455661,0.053646
3,mice,profile,15,RHOB,0.509436,0.063896
3,mice,profile,15,all,0.556722,7.073843
3,mice,profile,16,GR,-1.028252,13.665774
3,mice,profile,16,NPHI,,
3,mice,profile,16,RHOB,,
3,mice,profile,16,all,-1.028252,13.665774
3,mice,profile,17,GR,0.760974,14.661548
3,mice,profile,17,NPHI,0.648421,0.043647
3,mice,profile,17,RHOB,-0.298859,0.076510
3,mice,profile,17,all,0.894807,4.681629
3,mice,profile,18,GR,-3.755120,49.396387
3,mice,profile,18,NPHI,-1.501641,0.092686
3,mice,profile,18,RHOB,-2.496957,0.148560
3,mice,profile,18,all,0.636129,13.255240
3,mice,single,0,GR,-0.857297,46.554407
3,mice,single,0,NPHI,0.378913,0.047909
3,mice,single,0,RHOB,0.462749,0.097712
3,mice,single,0,all,0.514412,16.665673
3,mice,single,1,GR,,
3,mice,single,1,NPHI,-0.829118,0.096476
3,mice,single,1,RHOB,-2.074015,0.075164
3,mice,single,1,all,0.993318,0.085820
3,mice,single,2,GR,-1.432447,26.839234
3,mice,single,2,NPHI,0.687964,0.038665
3,mice,single,2,RHOB,-0.163672,0.112717
3,mice,single,2,all,0.687138,11.454192
3,mice,single,3,GR,0.198585,17.545329
3,mice,single,3,NPHI,0.651082,0.036159
3,mice,single,3,RHOB,0.695141,0.055056
3,mice,single,3,all,0.631073,7.005439
3,mice,single,4,GR,-0.683370,31.550685
3,mice,single,4,NPHI,0.687888,0.042966
3,mice,single,4,RHOB,0.106662,0.111710
3,mice,single,4,all,0.417672,13.034363
3,mice,single,5,GR,0.290183,16.910955
3,mice,single,5,NPHI,0.708400,0.039681
3,mice,single,5,RHOB,0.676476,0.065863
3,mice,single,5,all,0.729265,5.432854
3,mice,single,6,GR,-5.390560,19.653659
3,mice,single,6,NPHI,-1.779404,0.072118
3,mice,single,6,RHOB,-0.957443,0.059609
3,mice,single,6,all,0.761748,5.410264
3,mice,single,7,GR,-3.760453,15.024937
3,mice,single,7,NPHI,0.728544,0.025064
3,mice,single,7,RHOB,0.574996,0.045797
3,mice,single,7,all,-0.495556,3.029185
3,mice,single,8,GR,-0.424652,71.917183
3,mice,single,8,NPHI,-2.622459,0.072184
3,mice,single,8,RHOB,-1.960768,0.111974
3,mice,single,8,all,0.553545,16.657921
3,mice,single,9,GR,0.351823,31.034103
3,mice,single,9,NPHI,0.733965,0.033999
3,mice,single,9,RHOB,0.117103,0.087849
3,mice,single,9,all,0.712350,12.233522
3,mice,single,10,GR,0.033881,23.487335
3,mice,single,10,NPHI,0.931392,0.017398
3,mice,single,10,RHOB,-0.339863,0.095007
3,mice,single,10,all,0.618644,9.897629
3,mice,single,11,GR,-8.560239,22.791866
3,mice,single,11,NPHI,0.480572,0.036019
3,mice,single,11,RHOB,0.817178,0.022709
3,mice,single,11,all,-2.383436,5.722762
3,mice,single,12,GR,-0.094606,18.147948
3,mice,single,12,NPHI,0.520897,0.046844
3,mice,single,12,RHOB,0.705246,0.061531
3,mice,single,12,all,0.615417,7.242356
3,mice,single,13,GR,-0.490155,25.244130
3,mice,single,13,NPHI,0.450198,0.038479
3,mice,single,13,RHOB,-0.395870,0.104157
3,mice,single,13,all,0.628361,9.145406
3,mice,single,14,GR,-0.997495,12.924741
3,mice,single,14,NPHI,0.802787,0.021424
3,mice,single,14,RHOB,0.647992,0.045191
3,mice,single,14,all,0.715079,3.002769
3,mice,single,15,GR,0.343565,18.399051
3,mice,single,15,NPHI,0.114796,0.065716
3,mice,single,15,RHOB,-0.212312,0.067216
3,mice,single,15,all,0.684316,6.906949
3,mice,single,16,GR,,
3,mice,single,16,NPHI,,
3,mice,single,16,RHOB,0.795604,0.034781
3,mice,single,16,all,0.795604,0.034781
3,mice,single,17,GR,0.748401,13.995693
3,mice,single,17,NPHI,0.733678,0.039966
3,mice,single,17,RHOB,-0.055621,0.078161
3,mice,single,17,all,0.890015,4.427680
3,mice,single,18,GR,-2.901061,53.594149
3,mice,single,18,NPHI,-0.955563,0.087944
3,mice,single,18,RHOB,0.420305,0.111589
3,mice,single,18,all,0.450794,14.553554
3,rf,blackout,0,GR,-0.376933,43.584930
3,rf,blackout,0,NPHI,-1.167254,0.088447
3,rf,blackout,0,RHOB,-0.268429,0.112950
3,rf,blackout,0,all,0.370809,12.805179
3,rf,blackout,1,GR,-2.764356,23.266771
3,rf,blackout,1,NPHI,-1.257680,0.097499
3,rf,blackout,1,RHOB,-0.393202,0.100059
3,rf,blackout,1,all,0.863011,2.878938
3,rf,blackout,2,GR,-2.750622,34.196314
3,rf,blackout,2,NPHI,-0.083916,0.070708
3,rf,blackout,2,RHOB,-0.174735,0.135840
3,rf,blackout,2,all,0.645233,10.531460
3,rf,blackout,3,GR,-1.959688,33.878628
3,rf,blackout,3,NPHI,-0.388009,0.093207
3,rf,blackout,3,RHOB,-1.305219,0.177726
3,rf,blackout,3,all,-0.127309,11.082368
3,rf,blackout,4,GR,-0.326179,30.890532
3,rf,blackout,4,NPHI,-0.107945,0.077500
3,rf,blackout,4,RHOB,-0.052978,0.130677
3,rf,blackout,4,all,0.616817,9.788500
3,rf,blackout,5,GR,-1.488670,31.353742
3,rf,blackout,5,NPHI,-0.182894,0.089641
3,rf,blackout,5,RHOB,-0.637221,0.160850
3,rf,blackout,5,all,0.126531,10.510091
3,rf,blackout,6,GR,-12.015755,23.585062
3,rf,blackout,6,NPHI,-8.492715,0.118999
3,rf,blackout,6,RHOB,-1.921745,0.091556
3,rf,blackout,6,all,0.454439,6.867557
3,rf,blackout,7,GR,-49.505671,53.395883
3,rf,blackout,7,NPHI,-3.750519,0.105050
3,rf,blackout,7,RHOB,-1.174316,0.110835
3,rf,blackout,7,all,-17.734683,14.355642
3,rf,blackout,8,GR,-1.591259,68.577347
3,rf,blackout,8,NPHI,-0.735916,0.056123
3,rf,blackout,8,RHOB,-1.196891,0.133363
3,rf,blackout,8,all,0.487658,20.670612
3,rf,blackout,9,GR,-0.258100,39.408929
3,rf,blackout,9,NPHI,0.140811,0.082893
3,rf,blackout,9,RHOB,-1.006330,0.159830
3,rf,blackout,9,all,0.417471,12.056222
3,rf,blackout,10,GR,-0.009529,32.542117
3,rf,blackout,10,NPHI,0.089457,0.064499
3,rf,blackout,10,RHOB,-0.096188,0.110927
3,rf,blackout,10,all,0.573337,10.214430
3,rf,blackout,11,GR,-22.045829,41.204613
3,rf,blackout,11,NPHI,-2.023934,0.099878
3,rf,blackout,11,RHOB,-0.649975,0.102668
3,rf,blackout,11,all,-8.486818,12.191352
3,rf,blackout,12,GR,-1.753170,29.920402
3,rf,blackout,12,NPHI,-0.675229,0.107820
3,rf,blackout,12,RHOB,-1.226595,0.187497
3,rf,blackout,12,all,0.205686,9.718970
3,rf,blackout,13,GR,-0.455128,34.075967
3,rf,blackout,13,NPHI,-0.020316,0.083988
3,rf,blackout,13,RHOB,-0.399131,0.102417
3,rf,blackout,13,all,0.643140,11.239095
3,rf,blackout,14,GR,-9.763911,40.936609
3,rf,blackout,14,NPHI,-1.752905,0.075812
3,rf,blackout,14,RHOB,-1.124095,0.110368
3,rf,blackout,14,all,-1.924790,12.365101
3,rf,blackout,15,GR,-0.734475,26.520629
3,rf,blackout,15,NPHI,0.140841,0.076572
3,rf,blackout,15,RHOB,-0.576774,0.102106
3,rf,blackout,15,all,0.332712,8.389953
3,rf,blackout,16,GR,-200.140818,44.032291
3,rf,blackout,16,NPHI,-47.892678,0.160996
3,rf,blackout,16,RHOB,-10.008106,0.131746
3,rf,blackout,16,all,-22.351781,14.775011
3,rf,blackout,17,GR,-0.439859,37.488028
3,rf,blackout,17,NPHI,-0.155176,0.074800
3,rf,blackout,17,RHOB,-0.653963,0.098206
3,rf,blackout,17,all,0.350266,12.415881
3,rf,blackout,18,GR,-1.579017,43.763154
3,rf,blackout,18,NPHI,-0.714572,0.089189
3,rf,blackout,18,RHOB,-0.305299,0.105778
3,rf,blackout,18,all,0.561148,14.333843
3,rf,block,0,GR,-0.060308,35.859952
3,rf,block,0,NPHI,-0.440783,0.081096
3,rf,block,0,RHOB,0.316385,0.092441
3,rf,block,0,all,0.561091,12.910904
3,rf,block,1,GR,-13.370743,30.213913
3,rf,block,1,NPHI,,
3,rf,block,1,RHOB,-0.101181,0.057893
3,rf,block,1,all,0.710057,5.083896
3,rf,block,2,GR,-2.720935,25.831836
3,rf,block,2,NPHI,0.302770,0.037853
3,rf,block,2,RHOB,0.227895,0.078785
3,rf,block,2,all,0.749801,8.961153
3,rf,block,3,GR,-0.684899,21.639675
3,rf,block,3,NPHI,0.603317,0.043103
3,rf,block,3,RHOB,0.620134,0.066203
3,rf,block,3,all,0.430485,5.661791
3,rf,block,4,GR,0.341349,21.126331
3,rf,block,4,NPHI,0.688627,0.050415
3,rf,block,4,RHOB,-0.098329,0.077316
3,rf,block,4,all,0.789145,4.730734
3,rf,block,5,GR,-0.386136,21.662033
3,rf,block,5,NPHI,0.724541,0.039372
3,rf,block,5,RHOB,0.418132,0.083356
3,rf,block,5,all,0.517700,6.468517
3,rf,block,6,GR,-22.120460,24.136988
3,rf,block,6,NPHI,-20.380538,0.079466
3,rf,block,6,RHOB,-1.931328,0.065626
3,rf,block,6,all,0.266050,9.010767
3,rf,block,7,GR,-9.706720,23.012285
3,rf,block,7,NPHI,-0.716156,0.030315
3,rf,block,7,RHOB,0.449304,0.041694
3,rf,block,7,all,-3.268132,9.993341
3,rf,block,8,GR,-0.299481,54.602465
3,rf,block,8,NPHI,-14.081826,0.096410
3,rf,block,8,RHOB,0.094522,0.138036
3,rf,block,8,all,0.650087,20.732698
3,rf,block,9,GR,0.243951,36.203522
3,rf,block,9,NPHI,-0.081238,0.050584
3,rf,block,9,RHOB,-0.696809,0.099922
3,rf,block,9,all,0.605682,12.785681
3,rf,block,10,GR,0.497679,17.015800
3,rf,block,10,NPHI,0.453394,0.051536
3,rf,block,10,RHOB,0.239892,0.093604
3,rf,block,10,all,0.721455,4.094746
3,rf,block,11,GR,-11.493744,26.067020
3,rf,block,11,NPHI,-0.054398,0.033077
3,rf,block,11,RHOB,0.229149,0.031761
3,rf,block,11,all,-4.838690,9.433821
3,rf,block,12,GR,-1.057637,21.986809
3,rf,block,12,NPHI,0.423508,0.051681
3,rf,block,12,RHOB,0.620944,0.074918
3,rf,block,12,all,0.605397,5.112770
3,rf,block,13,GR,-0.595791,26.639264
3,rf,block,13,NPHI,0.536720,0.044944
3,rf,block,13,RHOB,0.316491,0.068443
3,rf,block,13,all,0.626606,6.291676
3,rf,block,14,GR,-2.764426,14.785367
3,rf,block,14,NPHI,0.712492,0.020093
3,rf,block,14,RHOB,0.787715,0.037021
3,rf,block,14,all,0.340383,5.611986
3,rf,block,15,GR,-0.358682,22.298195
3,rf,block,15,NPHI,0.574791,0.038182
3,rf,block,15,RHOB,-1.464812,0.073983
3,rf,block,15,all,0.651494,4.698860
3,rf,block,16,GR,,
3,rf,block,16,NPHI,,
3,rf,block,16,RHOB,0.688034,0.032564
3,rf,block,16,all,0.688034,0.032564
3,rf,block,17,GR,0.146609,25.281993
3,rf,block,17,NPHI,0.476661,0.047288
3,rf,block,17,RHOB,0.011264,0.073237
3,rf,block,17,all,0.599241,7.767535
3,rf,block,18,GR,-1.965838,50.106343
3,rf,block,18,NPHI,-6.829920,0.120333
3,rf,block,18,RHOB,-0.189279,0.101993
3,rf,block,18,all,0.446565,20.323151
3,rf,profile,0,GR,0.245164,22.074934
3,rf,profile,0,NPHI,0.141273,0.046994
3,rf,profile,0,RHOB,-0.118233,0.118956
3,rf,profile,0,all,0.707444,6.546966
3,rf,profile,1,GR,-3.687968,46.734129
3,rf,profile,1,NPHI,,
3,rf,profile,1,RHOB,,
3,rf,profile,1,all,-3.687968,46.734129
3,rf,profile,2,GR,-2.250679,29.573446
3,rf,profile,2,NPHI,0.478569,0.043662
3,rf,profile,2,RHOB,0.396814,0.078198
3,rf,profile,2,all,0.699501,10.932144
3,rf,profile,3,GR,-0.842017,22.380598
3,rf,profile,3,NPHI,0.767784,0.039600
3,rf,profile,3,RHOB,0.541903,0.074495
3,rf,profile,3,all,0.377940,7.934408
3,rf,profile,4,GR,-0.250269,22.694604
3,rf,profile,4,NPHI,0.509098,0.055146
3,rf,profile,4,RHOB,0.138905,0.076893
3,rf,profile,4,all,0.741583,8.146880
3,rf,profile,5,GR,-0.405767,21.823649
3,rf,profile,5,NPHI,0.718875,0.041745
3,rf,profile,5,RHOB,0.557446,0.069503
3,rf,profile,5,all,0.554469,6.831653
3,rf,profile,6,GR,-11.323389,23.724278
3,rf,profile,6,NPHI,-3.325156,0.076143
3,rf,profile,6,RHOB,-3.388366,0.047315
3,rf,profile,6,all,0.557645,6.520393
3,rf,profile,7,GR,-1.809107,18.213431
3,rf,profile,7,NPHI,0.179922,0.032311
3,rf,profile,7,RHOB,0.675546,0.021720
3,rf,profile,7,all,-0.296795,5.484529
3,rf,profile,8,GR,-2.337504,38.492010
3,rf,profile,8,NPHI,-2.686878,0.091314
3,rf,profile,8,RHOB,-2.763009,0.143413
3,rf,profile,8,all,0.659678,8.969044
3,rf,profile,9,GR,0.000370,30.850435
3,rf,profile,9,NPHI,0.667811,0.045459
3,rf,profile,9,RHOB,-0.141414,0.101574
3,rf,profile,9,all,0.750341,10.329372
3,rf,profile,10,GR,-0.156864,23.854209
3,rf,profile,10,NPHI,0.476798,0.047832
3,rf,profile,10,RHOB,0.244572,0.078700
3,rf,profile,10,all,0.782870,7.992294
3,rf,profile,11,GR,-4.778035,19.809142
3,rf,profile,11,NPHI,0.703907,0.029865
3,rf,profile,11,RHOB,0.614557,0.041988
3,rf,profile,11,all,-1.525271,4.977715
3,rf,profile,12,GR,-0.791631,22.400726
3,rf,profile,12,NPHI,0.646262,0.049006
3,rf,profile,12,RHOB,0.490873,0.079386
3,rf,profile,12,all,0.495808,7.765400
3,rf,profile,13,GR,-0.973507,30.855899
3,rf,profile,13,NPHI,0.619721,0.043968
3,rf,profile,13,RHOB,0.242448,0.063880
3,rf,profile,13,all,0.641593,11.757679
3,rf,profile,14,GR,-5.764319,13.924309
3,rf,profile,14,NPHI,0.682232,0.019912
3,rf,profile,14,RHOB,0.046242,0.053594
3,rf,profile,14,all,-0.198894,3.238983
3,rf,profile,15,GR,-0.619762,22.582815
3,rf,profile,15,NPHI,0.355865,0.058671
3,rf,profile,15,RHOB,0.417068,0.064413
3,rf,profile,15,all,0.341803,7.568633
3,rf,profile,16,GR,-0.879392,9.365212
3,rf,profile,16,NPHI,,
3,rf,profile,16,RHOB,,
3,rf,profile,16,all,-0.879392,9.365212
3,rf,profile,17,GR,0.141974,27.110994
3,rf,profile,17,NPHI,0.421314,0.051204
3,rf,profile,17,RHOB,-1.009433,0.081810
3,rf,profile,17,all,0.622396,8.625664
3,rf,profile,18,GR,-3.983383,50.450984
3,rf,profile,18,NPHI,-1.558712,0.092760
3,rf,profile,18,RHOB,-0.413085,0.091515
3,rf,profile,18,all,0.618664,13.521288
3,rf,single,0,GR,-0.386468,38.309531
3,rf,single,0,NPHI,0.147978,0.060507
3,rf,single,0,RHOB,0.615189,0.077315
3,rf,single,0,all,0.637509,13.723674
3,rf,single,1,GR,,
3,rf,single,1,NPHI,-2.318582,0.139027
3,rf,single,1,RHOB,-2.731852,0.059266
3,rf,single,1,all,0.989372,0.099147
3,rf,single,2,GR,-1.704052,30.276976
3,rf,single,2,NPHI,0.525176,0.047295
3,rf,single,2,RHOB,-0.609299,0.113058
3,rf,single,2,all,0.652203,12.920783
3,rf,single,3,GR,-0.317466,21.246892
3,rf,single,3,NPHI,0.375184,0.048290
3,rf,single,3,RHOB,0.542467,0.068448
3,rf,single,3,all,0.393512,8.485064
3,rf,single,4,GR,-0.251495,28.148695
3,rf,single,4,NPHI,0.678801,0.042073
3,rf,single,4,RHOB,0.341530,0.101178
3,rf,single,4,all,0.567071,11.630330
3,rf,single,5,GR,-0.094222,19.535099
3,rf,single,5,NPHI,0.626436,0.043300
3,rf,single,5,RHOB,0.543281,0.077205
3,rf,single,5,all,0.582648,6.275519
3,rf,single,6,GR,-9.400286,19.999691
3,rf,single,6,NPHI,-2.023760,0.071544
3,rf,single,6,RHOB,-0.859054,0.049213
3,rf,single,6,all,0.612262,5.502433
3,rf,single,7,GR,-2.566709,12.921947
3,rf,single,7,NPHI,0.516413,0.027590
3,rf,single,7,RHOB,0.482051,0.050634
3,rf,single,7,all,-0.120561,2.611070
3,rf,single,8,GR,-0.134919,61.730503
3,rf,single,8,NPHI,-3.216244,0.079423
3,rf,single,8,RHOB,0.102074,0.065532
3,rf,single,8,all,0.644341,14.304458
3,rf,single,9,GR,0.208929,31.925339
3,rf,single,9,NPHI,0.788032,0.031958
3,rf,single,9,RHOB,0.194390,0.077806
3,rf,single,9,all,0.648937,12.581511
3,rf,single,10,GR,-0.118286,23.451537
3,rf,single,10,NPHI,0.595962,0.042576
3,rf,single,10,RHOB,-0.503261,0.099337
3,rf,single,10,all,0.558579,9.892107
3,rf,single,11,GR,-7.143542,19.843227
3,rf,single,11,NPHI,0.323004,0.037853
3,rf,single,11,RHOB,0.371677,0.042379
3,rf,single,11,all,-1.882079,4.989951
3,rf,single,12,GR,-1.113961,22.632844
3,rf,single,12,NPHI,0.416245,0.050513
3,rf,single,12,RHOB,0.420444,0.082776
3,rf,single,12,all,0.257274,9.032639
3,rf,single,13,GR,-0.365269,25.786734
3,rf,single,13,NPHI,0.473420,0.038307
3,rf,single,13,RHOB,0.204675,0.070102
3,rf,single,13,all,0.659509,9.328052
3,rf,single,14,GR,-3.816423,17.042999
3,rf,single,14,NPHI,0.714166,0.023755
3,rf,single,14,RHOB,0.539988,0.050480
3,rf,single,14,all,0.312995,3.955384
3,rf,single,15,GR,0.157812,17.553224
3,rf,single,15,NPHI,-0.229945,0.073194
3,rf,single,15,RHOB,-0.639335,0.072316
3,rf,single,15,all,0.594985,6.595338
3,rf,single,16,GR,,
3,rf,single,16,NPHI,,
3,rf,single,16,RHOB,0.669970,0.036580
3,rf,single,16,all,0.669970,0.036580
3,rf,single,17,GR,-0.014440,26.776062
3,rf,single,17,NPHI,0.523061,0.049305
3,rf,single,17,RHOB,-1.184159,0.095560
3,rf,single,17,all,0.556552,8.442985
3,rf,single,18,GR,-2.090514,43.875601
3,rf,single,18,NPHI,-0.866763,0.087061
3,rf,single,18,RHOB,0.779534,0.066459
3,rf,single,18,all,0.564906,11.917904
3,saits,blackout,0,GR,0.214460,31.799673
3,saits,blackout,0,NPHI,-0.323937,0.067339
3,saits,blackout,0,RHOB,-0.093264,0.108234
3,saits,blackout,0,all,0.641045,9.352837
3,saits,blackout,1,GR,-0.609817,13.681863
3,saits,blackout,1,NPHI,0.120427,0.057402
3,saits,blackout,1,RHOB,-0.071916,0.089055
3,saits,blackout,1,all,0.941414,1.706265
3,saits,blackout,2,GR,-1.377171,26.821404
3,saits,blackout,2,NPHI,0.215313,0.061727
3,saits,blackout,2,RHOB,0.037840,0.131692
3,saits,blackout,2,all,0.775144,8.270871
3,saits,blackout,3,GR,0.070668,19.272390
3,saits,blackout,3,NPHI,0.278208,0.066091
3,saits,blackout,3,RHOB,0.059932,0.112920
3,saits,blackout,3,all,0.646023,6.312756
3,saits,blackout,4,GR,0.157092,25.761652
3,saits,blackout,4,NPHI,0.266062,0.062847
3,saits,blackout,4,RHOB,0.074337,0.125894
3,saits,blackout,4,all,0.756450,8.169003
3,saits,blackout,5,GR,-0.097402,21.076273
3,saits,blackout,5,NPHI,0.154597,0.074403
3,saits,blackout,5,RHOB,0.046577,0.121508
3,saits,blackout,5,all,0.614830,7.074171
3,saits,blackout,6,GR,-0.250732,7.681911
3,saits,blackout,6,NPHI,-6.113579,0.099049
3,saits,blackout,6,RHOB,-3.833004,0.123921
3,saits,blackout,6,all,0.947553,2.290039
3,saits,blackout,7,GR,-17.666983,32.224197
3,saits,blackout,7,NPHI,-2.500875,0.088171
3,saits,blackout,7,RHOB,-1.544289,0.125914
3,saits,blackout,7,all,-5.924514,8.693136
3,saits,blackout,8,GR,-1.212663,60.178963
3,saits,blackout,8,NPHI,-0.056571,0.043961
3,saits,blackout,8,RHOB,-1.511013,0.150597
3,saits,blackout,8,all,0.562514,18.147657
3,saits,blackout,9,GR,0.276947,28.344355
3,saits,blackout,9,NPHI,0.309444,0.074230
3,saits,blackout,9,RHOB,-0.109589,0.126405
3,saits,blackout,9,all,0.665209,8.680392
3,saits,blackout,10,GR,0.300586,27.488007
3,saits,blackout,10,NPHI,0.225556,0.061126
3,saits,blackout,10,RHOB,0.082473,0.100336
3,saits,blackout,10,all,0.704401,8.632597
3,saits,blackout,11,GR,-11.734406,30.713184
3,saits,blackout,11,NPHI,-0.673294,0.071681
3,saits,blackout,11,RHOB,0.047043,0.075785
3,saits,blackout,11,all,-4.242122,9.085888
3,saits,blackout,12,GR,0.170639,16.558388
3,saits,blackout,12,NPHI,-0.062880,0.085785
3,saits,blackout,12,RHOB,-0.033678,0.122609
3,saits,blackout,12,all,0.760712,5.393677
3,saits,blackout,13,GR,0.091407,25.536634
3,saits,blackout,13,NPHI,0.224181,0.072482
3,saits,blackout,13,RHOB,-0.472123,0.118550
3,saits,blackout,13,all,0.777172,8.440876
3,saits,blackout,14,GR,-1.158671,16.221601
3,saits,blackout,14,NPHI,-0.732967,0.056802
3,saits,blackout,14,RHOB,-1.356105,0.114558
3,saits,blackout,14,all,0.413414,4.932357
3,saits,blackout,15,GR,0.125025,20.224415
3,saits,blackout,15,NPHI,0.393804,0.060089
3,saits,blackout,15,RHOB,0.034354,0.078905
3,saits,blackout,15,all,0.663377,6.399035
3,saits,blackout,16,GR,-107.497078,28.344732
3,saits,blackout,16,NPHI,-7.214970,0.054739
3,saits,blackout,16,RHOB,-1.257572,0.050186
3,saits,blackout,16,all,-11.595955,9.483218
3,saits,blackout,17,GR,0.218166,27.134899
3,saits,blackout,17,NPHI,0.235628,0.061172
3,saits,blackout,17,RHOB,-0.080378,0.082724
3,saits,blackout,17,all,0.647198,8.993271
3,saits,blackout,18,GR,-0.780127,34.512001
3,saits,blackout,18,NPHI,0.108627,0.060904
3,saits,blackout,18,RHOB,-0.220312,0.106155
3,saits,blackout,18,all,0.697088,11.308295
3,saits,block,0,GR,0.391266,28.521334
3,saits,block,0,NPHI,0.511678,0.045977
3,saits,block,0,RHOB,0.243331,0.097957
3,saits,block,0,all,0.748016,10.269815
3,saits,block,1,GR,-0.017624,8.718727
3,saits,block,1,NPHI,,
3,saits,block,1,RHOB,-0.624041,0.083652
3,saits,block,1,all,0.979459,1.522831
3,saits,block,2,GR,-1.846355,25.944048
3,saits,block,2,NPHI,0.429305,0.033489
3,saits,block,2,RHOB,0.104257,0.104830
3,saits,block,2,all,0.808608,9.006459
3,saits,block,3,GR,0.244496,14.961987
3,saits,block,3,NPHI,0.381234,0.052331
3,saits,block,3,RHOB,0.294368,0.086393
3,saits,block,3,all,0.744617,3.937439
3,saits,block,4,GR,0.595882,18.349295
3,saits,block,4,NPHI,0.534982,0.062697
3,saits,block,4,RHOB,0.058995,0.077145
3,saits,block,4,all,0.870626,4.120259
3,saits,block,5,GR,0.399776,14.823938
3,saits,block,5,NPHI,0.409104,0.058412
3,saits,block,5,RHOB,0.354399,0.094003
3,saits,block,5,all,0.791146,4.450421
3,saits,block,6,GR,0.348585,4.254159
3,saits,block,6,NPHI,-34.522049,0.099132
3,saits,block,6,RHOB,-1.317884,0.057316
3,saits,block,6,all,0.979311,1.629286
3,saits,block,7,GR,-4.539595,18.585007
3,saits,block,7,NPHI,-5.735558,0.070981
3,saits,block,7,RHOB,0.105565,0.063593
3,saits,block,7,all,-1.208336,8.091017
3,saits,block,8,GR,-0.249715,41.261719
3,saits,block,8,NPHI,-1.078989,0.036760
3,saits,block,8,RHOB,0.047448,0.132653
3,saits,block,8,all,0.663488,15.663901
3,saits,block,9,GR,0.505119,26.856869
3,saits,block,9,NPHI,0.471340,0.035147
3,saits,block,9,RHOB,0.303786,0.074226
3,saits,block,9,all,0.741895,9.483997
3,saits,block,10,GR,0.621520,14.402006
3,saits,block,10,NPHI,0.494231,0.051001
3,saits,block,10,RHOB,0.237567,0.096438
3,saits,block,10,all,0.790122,3.474700
3,saits,block,11,GR,-3.303442,15.668141
3,saits,block,11,NPHI,0.570975,0.025338
3,saits,block,11,RHOB,-2.631950,0.076891
3,saits,block,11,all,-1.011155,5.689880
3,saits,block,12,GR,0.373980,11.595698
3,saits,block,12,NPHI,0.212800,0.058484
3,saits,block,12,RHOB,0.308411,0.102318
3,saits,block,12,all,0.879928,2.732185
3,saits,block,13,GR,0.637220,13.248972
3,saits,block,13,NPHI,0.382938,0.055909
3,saits,block,13,RHOB,0.095556,0.095881
3,saits,block,13,all,0.915107,3.165136
3,saits,block,14,GR,0.250799,7.193367
3,saits,block,14,NPHI,0.050998,0.039436
3,saits,block,14,RHOB,0.091669,0.075755
3,saits,block,14,all,0.868709,2.757126
3,saits,block,15,GR,0.373450,13.365379
3,saits,block,15,NPHI,0.593328,0.039741
3,saits,block,15,RHOB,-0.041063,0.051804
3,saits,block,15,all,0.839287,2.826392
3,saits,block,16,GR,,
3,saits,block,16,NPHI,,
3,saits,block,16,RHOB,0.029891,0.061873
3,saits,block,16,all,0.029891,0.061873
3,saits,block,17,GR,0.450030,20.432026
3,saits,block,17,NPHI,0.430910,0.050344
3,saits,block,17,RHOB,0.357453,0.058475
3,saits,block,17,all,0.741729,6.281599
3,saits,block,18,GR,-0.413910,31.178772
3,saits,block,18,NPHI,-1.500408,0.067227
3,saits,block,18,RHOB,0.085419,0.092415
3,saits,block,18,all,0.736160,12.650131
3,saits,profile,0,GR,0.062534,28.168171
3,saits,profile,0,NPHI,-0.518939,0.077990
3,saits,profile,0,RHOB,0.010590,0.117752
3,saits,profile,0,all,0.636662,8.351502
3,saits,profile,1,GR,-3.307882,46.075680
3,saits,profile,1,NPHI,,
3,saits,profile,1,RHOB,,
3,saits,profile,1,all,-3.307882,46.075680
3,saits,profile,2,GR,-2.181139,33.297401
3,saits,profile,2,NPHI,-0.131086,0.065781
3,saits,profile,2,RHOB,-0.177286,0.149228
3,saits,profile,2,all,0.705926,12.330968
3,saits,profile,3,GR,-0.372927,21.213982
3,saits,profile,3,NPHI,0.058969,0.089521
3,saits,profile,3,RHOB,-0.279379,0.129095
3,saits,profile,3,all,0.536334,7.556270
3,saits,profile,4,GR,-0.236643,26.414072
3,saits,profile,4,NPHI,0.124943,0.080703
3,saits,profile,4,RHOB,-0.210345,0.110713
3,saits,profile,4,all,0.744397,9.494051
3,saits,profile,5,GR,-0.183746,22.194416
3,saits,profile,5,NPHI,-0.140530,0.095106
3,saits,profile,5,RHOB,-0.012964,0.118041
3,saits,profile,5,all,0.624820,6.982053
3,saits,profile,6,GR,-0.222481,7.163109
3,saits,profile,6,NPHI,-11.291401,0.131170
3,saits,profile,6,RHOB,-36.120373,0.172700
3,saits,profile,6,all,0.956087,2.056522
3,saits,profile,7,GR,-5.909137,37.529621
3,saits,profile,7,NPHI,-6.834270,0.126312
3,saits,profile,7,RHOB,-10.399907,0.165025
3,saits,profile,7,all,-2.189615,11.355047
3,saits,profile,8,GR,-1.856989,36.538715
3,saits,profile,8,NPHI,-0.159871,0.052646
3,saits,profile,8,RHOB,-7.730323,0.222215
3,saits,profile,8,all,0.708670,8.524683
3,saits,profile,9,GR,-0.541401,41.621265
3,saits,profile,9,NPHI,0.030196,0.088108
3,saits,profile,9,RHOB,-1.532808,0.172433
3,saits,profile,9,all,0.615030,13.955917
3,saits,profile,10,GR,-0.397547,29.156300
3,saits,profile,10,NPHI,0.174625,0.067298
3,saits,profile,10,RHOB,0.007631,0.100376
3,saits,profile,10,all,0.737696,9.773280
3,saits,profile,11,GR,-12.866548,38.549038
3,saits,profile,11,NPHI,-1.531402,0.092382
3,saits,profile,11,RHOB,0.142286,0.070445
3,saits,profile,11,all,-5.060394,9.701061
3,saits,profile,12,GR,-0.187603,19.573788
3,saits,profile,12,NPHI,-0.575118,0.113446
3,saits,profile,12,RHOB,-0.715404,0.148196
3,saits,profile,12,all,0.665765,6.834095
3,saits,profile,13,GR,-0.665981,31.907272
3,saits,profile,13,NPHI,-0.058934,0.089341
3,saits,profile,13,RHOB,-0.752447,0.133599
3,saits,profile,13,all,0.697439,12.191662
3,saits,profile,14,GR,-17.970633,32.111462
3,saits,profile,14,NPHI,-4.476607,0.101996
3,saits,profile,14,RHOB,-4.431696,0.149412
3,saits,profile,14,all,-2.362433,7.503385
3,saits,profile,15,GR,-0.807030,25.759329
3,saits,profile,15,NPHI,0.078436,0.074606
3,saits,profile,15,RHOB,-0.249738,0.111452
3,saits,profile,15,all,0.265697,8.648461
3,saits,profile,16,GR,-17.535427,44.004436
3,saits,profile,16,NPHI,,
3,saits,profile,16,RHOB,,
3,saits,profile,16,all,-17.535427,44.004436
3,saits,profile,17,GR,-0.023151,32.683517
3,saits,profile,17,NPHI,-0.027199,0.073745
3,saits,profile,17,RHOB,-1.114474,0.098084
3,saits,profile,17,all,0.549727,10.402229
3,saits,profile,18,GR,-4.322832,55.631275
3,saits,profile,18,NPHI,-0.812509,0.080319
3,saits,profile,18,RHOB,-0.414357,0.093020
3,saits,profile,18,all,0.592690,14.897293
3,saits,single,0,GR,0.981574,3.524022
3,saits,single,0,NPHI,0.993005,0.005380
3,saits,single,0,RHOB,0.985726,0.015363
3,saits,single,0,all,0.995183,1.263702
3,saits,single,1,GR,,
3,saits,single,1,NPHI,0.991863,0.006114
3,saits,single,1,RHOB,0.980112,0.005660
3,saits,single,1,all,0.999965,0.005887
3,saits,single,2,GR,0.984672,2.020352
3,saits,single,2,NPHI,0.988508,0.006191
3,saits,single,2,RHOB,0.985482,0.009093
3,saits,single,2,all,0.998029,0.863713
3,saits,single,3,GR,0.995059,1.256988
3,saits,single,3,NPHI,0.992402,0.005038
3,saits,single,3,RHOB,0.993425,0.007707
3,saits,single,3,all,0.997725,0.503860
3,saits,single,4,GR,0.973740,2.718154
3,saits,single,4,NPHI,0.997512,0.004283
3,saits,single,4,RHOB,0.949829,0.011351
3,saits,single,4,all,0.990916,1.123684
3,saits,single,5,GR,0.995018,1.241405
3,saits,single,5,NPHI,0.993696,0.004796
3,saits,single,5,RHOB,0.988493,0.012885
3,saits,single,5,all,0.998100,0.402379
3,saits,single,6,GR,0.966167,1.264786
3,saits,single,6,NPHI,0.993499,0.002541
3,saits,single,6,RHOB,0.988688,0.003011
3,saits,single,6,all,0.998739,0.346875
3,saits,single,7,GR,0.935650,1.432847
3,saits,single,7,NPHI,0.992050,0.003662
3,saits,single,7,RHOB,0.992236,0.008251
3,saits,single,7,all,0.979783,0.290417
3,saits,single,8,GR,0.712210,13.585822
3,saits,single,8,NPHI,0.951427,0.007654
3,saits,single,8,RHOB,0.977475,0.009789
3,saits,single,8,all,0.909813,3.141406
3,saits,single,9,GR,0.970128,4.423682
3,saits,single,9,NPHI,0.997270,0.003673
3,saits,single,9,RHOB,0.978079,0.012354
3,saits,single,9,all,0.986744,1.743244
3,saits,single,10,GR,0.991802,2.345888
3,saits,single,10,NPHI,0.989408,0.006613
3,saits,single,10,RHOB,0.980390,0.011792
3,saits,single,10,all,0.996764,0.990764
3,saits,single,11,GR,0.971385,1.191565
3,saits,single,11,NPHI,0.994305,0.004454
3,saits,single,11,RHOB,0.997048,0.003575
3,saits,single,11,all,0.989873,0.301085
3,saits,single,12,GR,0.990875,1.524999
3,saits,single,12,NPHI,0.989750,0.006118
3,saits,single,12,RHOB,0.994783,0.007490
3,saits,single,12,all,0.996794,0.609953
3,saits,single,13,GR,0.993753,1.809578
3,saits,single,13,NPHI,0.996836,0.003431
3,saits,single,13,RHOB,0.993708,0.005252
3,saits,single,13,all,0.998442,0.654915
3,saits,single,14,GR,0.972960,1.376941
3,saits,single,14,NPHI,0.995600,0.003040
3,saits,single,14,RHOB,0.993114,0.006740
3,saits,single,14,all,0.996143,0.320664
3,saits,single,15,GR,0.991995,1.892753
3,saits,single,15,NPHI,0.989488,0.005528
3,saits,single,15,RHOB,0.989105,0.005924
3,saits,single,15,all,0.996150,0.709831
3,saits,single,16,GR,,
3,saits,single,16,NPHI,,
3,saits,single,16,RHOB,0.996637,0.004069
3,saits,single,16,all,0.996637,0.004069
3,saits,single,17,GR,0.992771,2.250851
3,saits,single,17,NPHI,0.995779,0.004350
3,saits,single,17,RHOB,0.995000,0.004559
3,saits,single,17,all,0.996840,0.708607
3,saits,single,18,GR,0.986476,2.285170
3,saits,single,18,NPHI,0.991732,0.004926
3,saits,single,18,RHOB,0.990035,0.011932
3,saits,single,18,all,0.998096,0.622534
3,stgnn,blackout,0,GR,-0.001730,34.257982
3,stgnn,blackout,0,NPHI,-0.447671,0.061849
3,stgnn,blackout,0,RHOB,0.056566,0.098188
3,stgnn,blackout,0,all,0.542258,10.065562
3,stgnn,blackout,1,GR,-4.738007,30.632546
3,stgnn,blackout,1,NPHI,0.138219,0.055037
3,stgnn,blackout,1,RHOB,-1.350628,0.121875
3,stgnn,blackout,1,all,0.791196,3.753747
3,stgnn,blackout,2,GR,-1.323444,25.870679
3,stgnn,blackout,2,NPHI,-0.151057,0.074688
3,stgnn,blackout,2,RHOB,0.064803,0.119427
3,stgnn,blackout,2,all,0.780225,7.980603
3,stgnn,blackout,3,GR,-0.611464,24.794594
3,stgnn,blackout,3,NPHI,-0.604771,0.097817
3,stgnn,blackout,3,RHOB,-0.749015,0.152374
3,stgnn,blackout,3,all,0.386199,8.128155
3,stgnn,blackout,4,GR,-0.107577,28.678423
3,stgnn,blackout,4,NPHI,-0.565948,0.088239
3,stgnn,blackout,4,RHOB,-0.054277,0.121500
3,stgnn,blackout,4,all,0.679977,9.092712
3,stgnn,blackout,5,GR,-0.017145,19.479967
3,stgnn,blackout,5,NPHI,-0.116859,0.082277
3,stgnn,blackout,5,RHOB,-0.335906,0.138789
3,stgnn,blackout,5,all,0.642991,6.551661
3,stgnn,blackout,6,GR,-3.815055,14.679865
3,stgnn,blackout,6,NPHI,-4.240112,0.081546
3,stgnn,blackout,6,RHOB,-0.435011,0.061489
3,stgnn,blackout,6,all,0.798171,4.278941
3,stgnn,blackout,7,GR,-87.972969,74.785140
3,stgnn,blackout,7,NPHI,-3.854088,0.104562
3,stgnn,blackout,7,RHOB,-0.047397,0.075133
3,stgnn,blackout,7,all,-32.003577,20.062513
3,stgnn,blackout,8,GR,-0.527985,53.197916
3,stgnn,blackout,8,NPHI,-2.018344,0.077365
3,stgnn,blackout,8,RHOB,-0.245377,0.099583
3,stgnn,blackout,8,all,0.697888,16.046772
3,stgnn,blackout,9,GR,0.545023,22.568275
3,stgnn,blackout,9,NPHI,-0.033794,0.075388
3,stgnn,blackout,9,RHOB,-0.071749,0.107133
3,stgnn,blackout,9,all,0.789331,6.919541
3,stgnn,blackout,10,GR,0.323300,24.643015
3,stgnn,blackout,10,NPHI,0.001692,0.067355
3,stgnn,blackout,10,RHOB,0.008822,0.105257
3,stgnn,blackout,10,all,0.713999,7.748732
3,stgnn,blackout,11,GR,-2.295515,13.284187
3,stgnn,blackout,11,NPHI,-0.044282,0.057314
3,stgnn,blackout,11,RHOB,-0.689995,0.098458
3,stgnn,blackout,11,all,-0.356689,3.960553
3,stgnn,blackout,12,GR,-1.120835,26.132688
3,stgnn,blackout,12,NPHI,-1.839312,0.135943
3,stgnn,blackout,12,RHOB,-0.604622,0.150131
3,stgnn,blackout,12,all,0.388113,8.496655
3,stgnn,blackout,13,GR,-0.598516,34.452481
3,stgnn,blackout,13,NPHI,0.015138,0.076661
3,stgnn,blackout,13,RHOB,-0.333914,0.096907
3,stgnn,blackout,13,all,0.607977,11.358324
3,stgnn,blackout,14,GR,-1.477629,18.373273
3,stgnn,blackout,14,NPHI,-1.028674,0.062189
3,stgnn,blackout,14,RHOB,0.061529,0.065772
3,stgnn,blackout,14,all,0.326761,5.565695
3,stgnn,blackout,15,GR,0.448322,14.640352
3,stgnn,blackout,15,NPHI,-0.071427,0.080658
3,stgnn,blackout,15,RHOB,0.322479,0.058853
3,stgnn,blackout,15,all,0.787752,4.644920
3,stgnn,blackout,16,GR,-573.947531,74.308062
3,stgnn,blackout,16,NPHI,-16.315680,0.093760
3,stgnn,blackout,16,RHOB,-1.433903,0.054851
3,stgnn,blackout,16,all,-65.748101,24.818891
3,stgnn,blackout,17,GR,0.433021,21.060079
3,stgnn,blackout,17,NPHI,-0.408305,0.082902
3,stgnn,blackout,17,RHOB,-0.285106,0.087728
3,stgnn,blackout,17,all,0.744147,6.999543
3,stgnn,blackout,18,GR,-0.327628,30.348420
3,stgnn,blackout,18,NPHI,0.076202,0.059760
3,stgnn,blackout,18,RHOB,-0.816343,0.126959
3,stgnn,blackout,18,all,0.774085,9.957479
3,stgnn,block,0,GR,0.147211,32.527978
3,stgnn,block,0,NPHI,-0.995230,0.092695
3,stgnn,block,0,RHOB,0.184975,0.099136
3,stgnn,block,0,all,0.646990,11.722382
3,stgnn,block,1,GR,-0.645759,11.216857
3,stgnn,block,1,NPHI,,
3,stgnn,block,1,RHOB,-0.424262,0.073788
3,stgnn,block,1,all,0.966787,1.930966
3,stgnn,block,2,GR,-1.431203,20.587586
3,stgnn,block,2,NPHI,0.193572,0.042693
3,stgnn,block,2,RHOB,-0.324973,0.113053
3,stgnn,block,2,all,0.836521,7.161767
3,stgnn,block,3,GR,-0.256476,19.221548
3,stgnn,block,3,NPHI,0.156084,0.067069
3,stgnn,block,3,RHOB,0.401245,0.076006
3,stgnn,block,3,all,0.575286,5.046500
3,stgnn,block,4,GR,0.775870,11.878646
3,stgnn,block,4,NPHI,0.278714,0.077153
3,stgnn,block,4,RHOB,0.192842,0.070067
3,stgnn,block,4,all,0.928243,2.689599
3,stgnn,block,5,GR,-0.176115,21.008035
3,stgnn,block,5,NPHI,0.801317,0.033188
3,stgnn,block,5,RHOB,0.588659,0.071138
3,stgnn,block,5,all,0.590778,6.268255
3,stgnn,block,6,GR,-5.759047,15.448319
3,stgnn,block,6,NPHI,-5.418832,0.043096
3,stgnn,block,6,RHOB,-1.184974,0.058590
3,stgnn,block,6,all,0.785435,5.769905
3,stgnn,block,7,GR,-61.220539,73.616651
3,stgnn,block,7,NPHI,-2.274671,0.051287
3,stgnn,block,7,RHOB,0.515760,0.042798
3,stgnn,block,7,all,-23.803533,31.926499
3,stgnn,block,8,GR,-0.315996,51.427349
3,stgnn,block,8,NPHI,-5.803042,0.074317
3,stgnn,block,8,RHOB,0.102685,0.132581
3,stgnn,block,8,all,0.645640,19.522516
3,stgnn,block,9,GR,0.712077,20.657418
3,stgnn,block,9,NPHI,0.052518,0.052022
3,stgnn,block,9,RHOB,-0.296424,0.090416
3,stgnn,block,9,all,0.849832,7.313445
3,stgnn,block,10,GR,-0.024718,26.066613
3,stgnn,block,10,NPHI,0.720864,0.043200
3,stgnn,block,10,RHOB,0.504507,0.077444
3,stgnn,block,10,all,0.431809,6.235318
3,stgnn,block,11,GR,0.017771,7.203288
3,stgnn,block,11,NPHI,-0.404523,0.050659
3,stgnn,block,11,RHOB,-2.282976,0.075927
3,stgnn,block,11,all,0.540929,2.641273
3,stgnn,block,12,GR,-0.700830,21.388004
3,stgnn,block,12,NPHI,-0.137435,0.077727
3,stgnn,block,12,RHOB,0.638874,0.077378
3,stgnn,block,12,all,0.673818,4.986144
3,stgnn,block,13,GR,-0.329616,25.434702
3,stgnn,block,13,NPHI,0.518044,0.049181
3,stgnn,block,13,RHOB,0.285524,0.072824
3,stgnn,block,13,all,0.688886,6.012420
3,stgnn,block,14,GR,-0.001195,8.650337
3,stgnn,block,14,NPHI,0.494778,0.030245
3,stgnn,block,14,RHOB,0.527556,0.054335
3,stgnn,block,14,all,0.824560,3.299063
3,stgnn,block,15,GR,0.743233,9.738672
3,stgnn,block,15,NPHI,0.655931,0.033344
3,stgnn,block,15,RHOB,-0.075358,0.046871
3,stgnn,block,15,all,0.934134,2.064636
3,stgnn,block,16,GR,,
3,stgnn,block,16,NPHI,,
3,stgnn,block,16,RHOB,0.547770,0.036989
3,stgnn,block,16,all,0.547770,0.036989
3,stgnn,block,17,GR,0.571621,17.441950
3,stgnn,block,17,NPHI,0.022537,0.061604
3,stgnn,block,17,RHOB,0.140843,0.071074
3,stgnn,block,17,all,0.798826,5.376110
3,stgnn,block,18,GR,-0.275440,31.732574
3,stgnn,block,18,NPHI,0.298406,0.030721
3,stgnn,block,18,RHOB,0.330321,0.070631
3,stgnn,block,18,all,0.762000,12.855704
3,stgnn,profile,0,GR,0.262971,21.694060
3,stgnn,profile,0,NPHI,-0.012080,0.050482
3,stgnn,profile,0,RHOB,-0.047332,0.116931
3,stgnn,profile,0,all,0.714345,6.435784
3,stgnn,profile,1,GR,0.072226,20.897205
3,stgnn,profile,1,NPHI,,
3,stgnn,profile,1,RHOB,,
3,stgnn,profile,1,all,0.072226,20.897205
3,stgnn,profile,2,GR,-1.570948,27.819297
3,stgnn,profile,2,NPHI,0.315510,0.053821
3,stgnn,profile,2,RHOB,0.300939,0.084462
3,stgnn,profile,2,all,0.762335,10.291270
3,stgnn,profile,3,GR,-0.362017,19.182353
3,stgnn,profile,3,NPHI,0.494485,0.061730
3,stgnn,profile,3,RHOB,0.282335,0.090901
3,stgnn,profile,3,all,0.540030,6.818336
3,stgnn,profile,4,GR,0.226184,18.749062
3,stgnn,profile,4,NPHI,0.191286,0.071759
3,stgnn,profile,4,RHOB,0.384030,0.066953
3,stgnn,profile,4,all,0.840059,6.740851
3,stgnn,profile,5,GR,-0.211156,21.105004
3,stgnn,profile,5,NPHI,0.749358,0.039240
3,stgnn,profile,5,RHOB,0.666726,0.061306
3,stgnn,profile,5,all,0.616147,6.604171
3,stgnn,profile,6,GR,-10.748429,24.887210
3,stgnn,profile,6,NPHI,-0.966831,0.050228
3,stgnn,profile,6,RHOB,-2.587674,0.048457
3,stgnn,profile,6,all,0.578287,6.823628
3,stgnn,profile,7,GR,-15.827857,58.924027
3,stgnn,profile,7,NPHI,-0.784580,0.057826
3,stgnn,profile,7,RHOB,0.533545,0.028257
3,stgnn,profile,7,all,-6.768376,17.711772
3,stgnn,profile,8,GR,0.041530,20.839237
3,stgnn,profile,8,NPHI,-0.822214,0.068747
3,stgnn,profile,8,RHOB,-2.921721,0.145480
3,stgnn,profile,8,all,0.902261,4.885547
3,stgnn,profile,9,GR,0.405763,25.264439
3,stgnn,profile,9,NPHI,0.575929,0.045845
3,stgnn,profile,9,RHOB,0.490900,0.064394
3,stgnn,profile,9,all,0.851588,8.457195
3,stgnn,profile,10,GR,0.617766,13.108051
3,stgnn,profile,10,NPHI,0.675864,0.042205
3,stgnn,profile,10,RHOB,0.421231,0.063234
3,stgnn,profile,10,all,0.928258,4.403620
3,stgnn,profile,11,GR,-0.517416,11.314828
3,stgnn,profile,11,NPHI,0.802978,0.023707
3,stgnn,profile,11,RHOB,0.626479,0.046058
3,stgnn,profile,11,all,0.336805,2.852075
3,stgnn,profile,12,GR,-0.380749,21.260495
3,stgnn,profile,12,NPHI,0.204803,0.077798
3,stgnn,profile,12,RHOB,0.526712,0.076471
3,stgnn,profile,12,all,0.611431,7.381787
3,stgnn,profile,13,GR,-1.289391,39.219824
3,stgnn,profile,13,NPHI,0.593600,0.051354
3,stgnn,profile,13,RHOB,0.296765,0.060067
3,stgnn,profile,13,all,0.584225,14.937638
3,stgnn,profile,14,GR,-1.967049,11.033548
3,stgnn,profile,14,NPHI,0.435902,0.032255
3,stgnn,profile,14,RHOB,0.661501,0.029300
3,stgnn,profile,14,all,0.474122,2.570106
3,stgnn,profile,15,GR,0.593049,11.018513
3,stgnn,profile,15,NPHI,0.418329,0.055922
3,stgnn,profile,15,RHOB,0.597177,0.049119
3,stgnn,profile,15,all,0.834628,3.707851
3,stgnn,profile,16,GR,-3.866569,20.382453
3,stgnn,profile,16,NPHI,,
3,stgnn,profile,16,RHOB,,
3,stgnn,profile,16,all,-3.866569,20.382453
3,stgnn,profile,17,GR,0.540120,18.965659
3,stgnn,profile,17,NPHI,0.134652,0.060788
3,stgnn,profile,17,RHOB,0.024517,0.059071
3,stgnn,profile,17,all,0.797613,6.042712
3,stgnn,profile,18,GR,-0.526755,25.425848
3,stgnn,profile,18,NPHI,0.071911,0.051749
3,stgnn,profile,18,RHOB,-1.729077,0.127770
3,stgnn,profile,18,all,0.883168,6.838448
3,stgnn,single,0,GR,0.222743,29.269548
3,stgnn,single,0,NPHI,0.192327,0.054406
3,stgnn,single,0,RHOB,0.614970,0.084535
3,stgnn,single,0,all,0.796786,10.493407
3,stgnn,single,1,GR,,
3,stgnn,single,1,NPHI,0.085362,0.070896
3,stgnn,single,1,RHOB,-0.071494,0.039993
3,stgnn,single,1,all,0.997036,0.055444
3,stgnn,single,2,GR,0.102537,19.111421
3,stgnn,single,2,NPHI,0.661308,0.034249
3,stgnn,single,2,RHOB,0.352389,0.074200
3,stgnn,single,2,all,0.884567,8.158145
3,stgnn,single,3,GR,0.512787,13.049544
3,stgnn,single,3,NPHI,0.381314,0.051287
3,stgnn,single,3,RHOB,0.676895,0.053477
3,stgnn,single,3,all,0.775711,5.220565
3,stgnn,single,4,GR,0.694000,13.028192
3,stgnn,single,4,NPHI,0.505268,0.050196
3,stgnn,single,4,RHOB,0.446507,0.097387
3,stgnn,single,4,all,0.894143,5.408016
3,stgnn,single,5,GR,0.270900,17.063462
3,stgnn,single,5,NPHI,0.652166,0.040936
3,stgnn,single,5,RHOB,0.822469,0.049176
3,stgnn,single,5,all,0.721912,5.475737
3,stgnn,single,6,GR,-4.900473,17.967811
3,stgnn,single,6,NPHI,0.183140,0.031407
3,stgnn,single,6,RHOB,0.539738,0.028859
3,stgnn,single,6,all,0.780024,4.922690
3,stgnn,single,7,GR,-87.060546,69.083541
3,stgnn,single,7,NPHI,0.690307,0.024476
3,stgnn,single,7,RHOB,0.888363,0.034713
3,stgnn,single,7,all,-26.664338,13.838336
3,stgnn,single,8,GR,0.631598,33.255168
3,stgnn,single,8,NPHI,-0.686641,0.056664
3,stgnn,single,8,RHOB,-0.095751,0.061474
3,stgnn,single,8,all,0.884550,7.718598
3,stgnn,single,9,GR,0.664018,19.332537
3,stgnn,single,9,NPHI,0.852299,0.028690
3,stgnn,single,9,RHOB,0.133257,0.086446
3,stgnn,single,9,all,0.850897,7.629176
3,stgnn,single,10,GR,0.599911,16.775176
3,stgnn,single,10,NPHI,0.715753,0.041444
3,stgnn,single,10,RHOB,0.466641,0.060585
3,stgnn,single,10,all,0.842072,7.077089
3,stgnn,single,11,GR,-0.155894,7.397757
3,stgnn,single,11,NPHI,0.420442,0.046380
3,stgnn,single,11,RHOB,-0.020119,0.071406
3,stgnn,single,11,all,0.590873,1.888395
3,stgnn,single,12,GR,-0.572112,20.416064
3,stgnn,single,12,NPHI,0.026313,0.070299
3,stgnn,single,12,RHOB,0.659709,0.064304
3,stgnn,single,12,all,0.447649,8.149636
3,stgnn,single,13,GR,-0.348943,35.323919
3,stgnn,single,13,NPHI,0.077155,0.042216
3,stgnn,single,13,RHOB,0.190443,0.078776
3,stgnn,single,13,all,0.663580,12.768822
3,stgnn,single,14,GR,0.611359,5.158515
3,stgnn,single,14,NPHI,0.743035,0.025358
3,stgnn,single,14,RHOB,0.749179,0.032012
3,stgnn,single,14,all,0.944561,1.210956
3,stgnn,single,15,GR,0.670368,12.461080
3,stgnn,single,15,NPHI,-0.156734,0.078782
3,stgnn,single,15,RHOB,0.454323,0.046388
3,stgnn,single,15,all,0.841474,4.689614
3,stgnn,single,16,GR,,
3,stgnn,single,16,NPHI,,
3,stgnn,single,16,RHOB,0.921832,0.015266
3,stgnn,single,16,all,0.921832,0.015266
3,stgnn,single,17,GR,0.660076,14.489230
3,stgnn,single,17,NPHI,0.465781,0.049624
3,stgnn,single,17,RHOB,0.335488,0.058414
3,stgnn,single,17,all,0.851406,4.578870
3,stgnn,single,18,GR,0.090454,22.298818
3,stgnn,single,18,NPHI,0.009874,0.059108
3,stgnn,single,18,RHOB,0.582738,0.098491
3,stgnn,single,18,all,0.871949,6.077291
3,unet,blackout,0,GR,0.039082,36.799984
3,unet,blackout,0,NPHI,-0.428862,0.069700
3,unet,blackout,0,RHOB,0.028047,0.098395
3,unet,blackout,0,all,0.560907,10.811087
3,unet,blackout,1,GR,-2.427246,21.723652
3,unet,blackout,1,NPHI,-1.488776,0.098957
3,unet,blackout,1,RHOB,-0.338750,0.105431
3,unet,blackout,1,all,0.875277,2.696769
3,unet,blackout,2,GR,-1.040046,24.074572
3,unet,blackout,2,NPHI,0.138631,0.062430
3,unet,blackout,2,RHOB,0.271525,0.113227
3,unet,blackout,2,all,0.807033,7.424695
3,unet,blackout,3,GR,-0.209161,20.773638
3,unet,blackout,3,NPHI,0.069428,0.073817
3,unet,blackout,3,RHOB,-0.052315,0.118824
3,unet,blackout,3,all,0.539441,6.804254
3,unet,blackout,4,GR,0.188596,23.355263
3,unet,blackout,4,NPHI,0.170279,0.066901
3,unet,blackout,4,RHOB,0.023855,0.124602
3,unet,blackout,4,all,0.765551,7.412942
3,unet,blackout,5,GR,-0.623509,25.576488
3,unet,blackout,5,NPHI,0.111811,0.076956
3,unet,blackout,5,RHOB,-0.144511,0.130637
3,unet,blackout,5,all,0.430182,8.574606
3,unet,blackout,6,GR,-4.517978,15.809131
3,unet,blackout,6,NPHI,-5.895778,0.086546
3,unet,blackout,6,RHOB,-2.269828,0.090827
3,unet,blackout,6,all,0.768701,4.615059
3,unet,blackout,7,GR,-16.937332,25.659618
3,unet,blackout,7,NPHI,-1.053023,0.061454
3,unet,blackout,7,RHOB,0.047491,0.071998
3,unet,blackout,7,all,-5.653732,6.909291
3,unet,blackout,8,GR,-1.821823,73.071663
3,unet,blackout,8,NPHI,-1.232793,0.061580
3,unet,blackout,8,RHOB,-1.444993,0.146281
3,unet,blackout,8,all,0.442071,22.027290
3,unet,blackout,9,GR,0.148328,30.443329
3,unet,blackout,9,NPHI,0.503022,0.060392
3,unet,blackout,9,RHOB,0.058903,0.113146
3,unet,blackout,9,all,0.605659,9.308639
3,unet,blackout,10,GR,0.435105,21.967037
3,unet,blackout,10,NPHI,0.295519,0.055535
3,unet,blackout,10,RHOB,0.178496,0.091023
3,unet,blackout,10,all,0.761253,6.904798
3,unet,blackout,11,GR,-2.655380,14.392078
3,unet,blackout,11,NPHI,0.051850,0.056658
3,unet,blackout,11,RHOB,0.170317,0.075935
3,unet,blackout,11,all,-0.504780,4.279236
3,unet,blackout,12,GR,-0.888609,25.744095
3,unet,blackout,12,NPHI,-0.562111,0.102635
3,unet,blackout,12,RHOB,-0.759124,0.156000
3,unet,blackout,12,all,0.455113,8.363517
3,unet,blackout,13,GR,0.029860,25.860559
3,unet,blackout,13,NPHI,-0.162478,0.078164
3,unet,blackout,13,RHOB,-0.618305,0.105877
3,unet,blackout,13,all,0.762077,8.544188
3,unet,blackout,14,GR,-1.353837,17.891287
3,unet,blackout,14,NPHI,-0.558970,0.055048
3,unet,blackout,14,RHOB,-0.860142,0.102567
3,unet,blackout,14,all,0.360390,5.429650
3,unet,blackout,15,GR,0.188588,18.075596
3,unet,blackout,15,NPHI,0.375398,0.057015
3,unet,blackout,15,RHOB,-0.087454,0.079979
3,unet,blackout,15,all,0.687829,5.723638
3,unet,blackout,16,GR,-102.766068,31.229797
3,unet,blackout,16,NPHI,-15.111019,0.089647
3,unet,blackout,16,RHOB,-4.580512,0.088783
3,unet,blackout,16,all,-11.046833,10.469407
3,unet,blackout,17,GR,-0.323581,27.124859
3,unet,blackout,17,NPHI,-0.053239,0.064482
3,unet,blackout,17,RHOB,-0.287594,0.086157
3,unet,blackout,17,all,0.402737,8.992223
3,unet,blackout,18,GR,-1.912498,46.822968
3,unet,blackout,18,NPHI,-0.314705,0.079510
3,unet,blackout,18,RHOB,-0.025573,0.091264
3,unet,blackout,18,all,0.504403,15.323281
3,unet,block,0,GR,0.216124,31.392403
3,unet,block,0,NPHI,0.242794,0.056967
3,unet,block,0,RHOB,0.432876,0.076970
3,unet,block,0,all,0.675518,11.296463
3,unet,block,1,GR,-14.117370,37.546059
3,unet,block,1,NPHI,,
3,unet,block,1,RHOB,-0.063418,0.059938
3,unet,block,1,all,0.694994,6.307625
3,unet,block,2,GR,-0.611816,16.268579
3,unet,block,2,NPHI,-0.041372,0.043518
3,unet,block,2,RHOB,0.271689,0.073452
3,unet,block,2,all,0.891619,5.657792
3,unet,block,3,GR,0.009989,15.774932
3,unet,block,3,NPHI,0.758310,0.032481
3,unet,block,3,RHOB,0.760525,0.052202
3,unet,block,3,all,0.665365,4.129102
3,unet,block,4,GR,0.570057,17.001907
3,unet,block,4,NPHI,0.812726,0.038574
3,unet,block,4,RHOB,0.303777,0.060354
3,unet,block,4,all,0.862362,3.805662
3,unet,block,5,GR,0.426399,15.112974
3,unet,block,5,NPHI,0.846206,0.030283
3,unet,block,5,RHOB,0.628023,0.063924
3,unet,block,5,all,0.800416,4.515792
3,unet,block,6,GR,-3.970617,11.894503
3,unet,block,6,NPHI,-12.000829,0.062070
3,unet,block,6,RHOB,-1.680881,0.066560
3,unet,block,6,all,0.842205,4.458385
3,unet,block,7,GR,0.400444,6.557295
3,unet,block,7,NPHI,-0.693397,0.027985
3,unet,block,7,RHOB,0.479453,0.040794
3,unet,block,7,all,0.760975,2.862050
3,unet,block,8,GR,-0.482421,60.278133
3,unet,block,8,NPHI,-18.976858,0.128808
3,unet,block,8,RHOB,-0.021178,0.150629
3,unet,block,8,all,0.600826,22.894499
3,unet,block,9,GR,0.299018,33.243320
3,unet,block,9,NPHI,0.132314,0.046964
3,unet,block,9,RHOB,0.039840,0.081211
3,unet,block,9,all,0.634403,11.737311
3,unet,block,10,GR,0.940907,5.843968
3,unet,block,10,NPHI,0.531357,0.050320
3,unet,block,10,RHOB,0.336229,0.085955
3,unet,block,10,all,0.967216,1.438338
3,unet,block,11,GR,-0.585768,10.178708
3,unet,block,11,NPHI,0.037080,0.042179
3,unet,block,11,RHOB,-0.130809,0.040573
3,unet,block,11,all,0.258904,3.702102
3,unet,block,12,GR,-0.262451,18.437328
3,unet,block,12,NPHI,0.536800,0.046968
3,unet,block,12,RHOB,0.781744,0.056789
3,unet,block,12,all,0.757893,4.286592
3,unet,block,13,GR,0.344673,16.620825
3,unet,block,13,NPHI,0.616510,0.037476
3,unet,block,13,RHOB,0.345999,0.062495
3,unet,block,13,all,0.846659,3.936509
3,unet,block,14,GR,-0.001699,6.742244
3,unet,block,14,NPHI,0.900268,0.012384
3,unet,block,14,RHOB,0.828429,0.034664
3,unet,block,14,all,0.824477,2.565441
3,unet,block,15,GR,-0.493597,21.503380
3,unet,block,15,NPHI,0.670205,0.033181
3,unet,block,15,RHOB,-0.709088,0.068122
3,unet,block,15,all,0.616892,4.528641
3,unet,block,16,GR,,
3,unet,block,16,NPHI,,
3,unet,block,16,RHOB,0.695830,0.032915
3,unet,block,16,all,0.695830,0.032915
3,unet,block,17,GR,0.690946,14.101028
3,unet,block,17,NPHI,0.567076,0.045161
3,unet,block,17,RHOB,0.223653,0.068163
3,unet,block,17,all,0.854863,4.348226
3,unet,block,18,GR,-2.519554,54.177006
3,unet,block,18,NPHI,-9.072071,0.140571
3,unet,block,18,RHOB,0.127528,0.094278
3,unet,block,18,all,0.343241,21.974253
3,unet,profile,0,GR,0.424666,21.122555
3,unet,profile,0,NPHI,0.498679,0.033563
3,unet,profile,0,RHOB,-0.247992,0.125642
3,unet,profile,0,all,0.777012,6.263290
3,unet,profile,1,GR,-3.851141,50.609764
3,unet,profile,1,NPHI,,
3,unet,profile,1,RHOB,,
3,unet,profile,1,all,-3.851141,50.609764
3,unet,profile,2,GR,-1.850055,25.036194
3,unet,profile,2,NPHI,0.546167,0.035954
3,unet,profile,2,RHOB,0.433803,0.079134
3,unet,profile,2,all,0.736535,9.257932
3,unet,profile,3,GR,-0.034799,16.281691
3,unet,profile,3,NPHI,0.850029,0.031288
3,unet,profile,3,RHOB,0.617990,0.068705
3,unet,profile,3,all,0.650540,5.777180
3,unet,profile,4,GR,-0.200821,21.089014
3,unet,profile,4,NPHI,0.677521,0.041462
3,unet,profile,4,RHOB,0.510433,0.059113
3,unet,profile,4,all,0.751805,7.563488
3,unet,profile,5,GR,0.381288,15.163595
3,unet,profile,5,NPHI,0.813814,0.035131
3,unet,profile,5,RHOB,0.726852,0.053793
3,unet,profile,5,all,0.803909,4.750787
3,unet,profile,6,GR,-7.729299,20.372972
3,unet,profile,6,NPHI,-1.762967,0.060799
3,unet,profile,6,RHOB,-1.375852,0.040385
3,unet,profile,6,all,0.686658,5.596771
3,unet,profile,7,GR,0.436002,7.955193
3,unet,profile,7,NPHI,0.785776,0.018024
3,unet,profile,7,RHOB,0.324069,0.037859
3,unet,profile,7,all,0.739634,2.403141
3,unet,profile,8,GR,-2.581892,42.305378
3,unet,profile,8,NPHI,-3.392628,0.106637
3,unet,profile,8,RHOB,-1.649021,0.120017
3,unet,profile,8,all,0.634759,9.848927
3,unet,profile,9,GR,0.104591,27.773470
3,unet,profile,9,NPHI,0.839398,0.034970
3,unet,profile,9,RHOB,0.008614,0.095247
3,unet,profile,9,all,0.776370,9.297880
3,unet,profile,10,GR,-0.000838,20.080345
3,unet,profile,10,NPHI,0.432695,0.047872
3,unet,profile,10,RHOB,0.232751,0.077305
3,unet,profile,10,all,0.812154,6.733948
3,unet,profile,11,GR,-0.043929,8.875138
3,unet,profile,11,NPHI,0.669884,0.034760
3,unet,profile,11,RHOB,0.801938,0.034615
3,unet,profile,11,all,0.543740,2.244818
3,unet,profile,12,GR,-0.083946,18.942728
3,unet,profile,12,NPHI,0.724995,0.043929
3,unet,profile,12,RHOB,0.700757,0.061300
3,unet,profile,12,all,0.694961,6.565848
3,unet,profile,13,GR,-0.898004,29.988113
3,unet,profile,13,NPHI,0.614236,0.038860
3,unet,profile,13,RHOB,0.179068,0.068055
3,unet,profile,13,all,0.655304,11.427168
3,unet,profile,14,GR,-2.637294,11.175984
3,unet,profile,14,NPHI,0.877885,0.012186
3,unet,profile,14,RHOB,0.161797,0.055331
3,unet,profile,14,all,0.355328,2.601723
3,unet,profile,15,GR,-0.330513,18.989813
3,unet,profile,15,NPHI,0.690006,0.039964
3,unet,profile,15,RHOB,0.475203,0.064413
3,unet,profile,15,all,0.459341,6.364730
3,unet,profile,16,GR,-0.340892,11.243307
3,unet,profile,16,NPHI,,
3,unet,profile,16,RHOB,,
3,unet,profile,16,all,-0.340892,11.243307
3,unet,profile,17,GR,0.665824,15.681325
3,unet,profile,17,NPHI,0.568105,0.046427
3,unet,profile,17,RHOB,-0.276680,0.070645
3,unet,profile,17,all,0.852933,5.003070
3,unet,profile,18,GR,-3.462944,46.801003
3,unet,profile,18,NPHI,-2.593560,0.112280
3,unet,profile,18,RHOB,-0.106230,0.085436
3,unet,profile,18,all,0.658488,12.555448
3,unet,single,0,GR,0.512727,18.203922
3,unet,single,0,NPHI,0.734455,0.032190
3,unet,single,0,RHOB,0.814762,0.060107
3,unet,single,0,all,0.872603,6.526746
3,unet,single,1,GR,,
3,unet,single,1,NPHI,0.703514,0.040493
3,unet,single,1,RHOB,0.121615,0.037969
3,unet,single,1,all,0.998609,0.039231
3,unet,single,2,GR,0.434634,13.612350
3,unet,single,2,NPHI,0.807865,0.029514
3,unet,single,2,RHOB,0.658617,0.053866
3,unet,single,2,all,0.927282,5.813071
3,unet,single,3,GR,0.722127,8.468662
3,unet,single,3,NPHI,0.794559,0.027195
3,unet,single,3,RHOB,0.765986,0.049807
3,unet,single,3,all,0.872081,3.392331
3,unet,single,4,GR,0.585832,18.348976
3,unet,single,4,NPHI,0.919812,0.022160
3,unet,single,4,RHOB,0.675020,0.059200
3,unet,single,4,all,0.856727,7.577707
3,unet,single,5,GR,0.698235,10.568515
3,unet,single,5,NPHI,0.859067,0.027492
3,unet,single,5,RHOB,0.622068,0.069371
3,unet,single,5,all,0.884898,3.406537
3,unet,single,6,GR,-3.597710,16.240864
3,unet,single,6,NPHI,0.746998,0.019931
3,unet,single,6,RHOB,-1.494231,0.072031
3,unet,single,6,all,0.828592,4.453294
3,unet,single,7,GR,-0.082154,7.106951
3,unet,single,7,NPHI,0.913123,0.013904
3,unet,single,7,RHOB,0.550491,0.054488
3,unet,single,7,all,0.659993,1.440630
3,unet,single,8,GR,0.722474,25.914995
3,unet,single,8,NPHI,-8.196210,0.126652
3,unet,single,8,RHOB,-0.164087,0.072145
3,unet,single,8,all,0.913026,6.069421
3,unet,single,9,GR,0.649557,19.058889
3,unet,single,9,NPHI,0.764334,0.034413
3,unet,single,9,RHOB,0.671315,0.055391
3,unet,single,9,all,0.844480,7.519248
3,unet,single,10,GR,0.786402,9.181721
3,unet,single,10,NPHI,0.781276,0.032796
3,unet,single,10,RHOB,-0.018536,0.078487
3,unet,single,10,all,0.915684,3.888017
3,unet,single,11,GR,0.695397,3.958904
3,unet,single,11,NPHI,0.770678,0.025578
3,unet,single,11,RHOB,0.817706,0.029878
3,unet,single,11,all,0.892184,1.009626
3,unet,single,12,GR,0.422937,11.117255
3,unet,single,12,NPHI,0.784480,0.030323
3,unet,single,12,RHOB,0.691347,0.056291
3,unet,single,12,all,0.797250,4.443964
3,unet,single,13,GR,0.710582,13.803136
3,unet,single,13,NPHI,0.724869,0.029545
3,unet,single,13,RHOB,0.711717,0.040564
3,unet,single,13,all,0.927820,4.996647
3,unet,single,14,GR,0.494745,6.818965
3,unet,single,14,NPHI,0.896371,0.015189
3,unet,single,14,RHOB,0.867558,0.022196
3,unet,single,14,all,0.927930,1.586370
3,unet,single,15,GR,-0.371883,18.125137
3,unet,single,15,NPHI,0.658315,0.036482
3,unet,single,15,RHOB,0.724308,0.031053
3,unet,single,15,all,0.340266,6.784400
3,unet,single,16,GR,,
3,unet,single,16,NPHI,,
3,unet,single,16,RHOB,0.801985,0.034217
3,unet,single,16,all,0.801985,0.034217
3,unet,single,17,GR,0.781029,10.984485
3,unet,single,17,NPHI,0.817674,0.032457
3,unet,single,17,RHOB,0.312093,0.063880
3,unet,single,17,all,0.904279,3.476300
3,unet,single,18,GR,0.647875,15.911932
3,unet,single,18,NPHI,0.517946,0.045961
3,unet,single,18,RHOB,0.612273,0.081230
3,unet,single,18,all,0.950425,4.340734
3,xgb,blackout,0,GR,-1.437102,55.062195
3,xgb,blackout,0,NPHI,-8.728531,0.202985
3,xgb,blackout,0,RHOB,-12.433889,0.403975
3,xgb,blackout,0,all,-0.113703,16.302039
3,xgb,blackout,1,GR,-0.024851,11.564710
3,xgb,blackout,1,NPHI,-9.211509,0.225004
3,xgb,blackout,1,RHOB,-23.582657,0.432780
3,xgb,blackout,1,all,0.962508,1.677190
3,xgb,blackout,2,GR,-3.465296,33.588971
3,xgb,blackout,2,NPHI,-2.757756,0.141040
3,xgb,blackout,2,RHOB,-5.633129,0.403678
3,xgb,blackout,2,all,0.577589,10.460560
3,xgb,blackout,3,GR,-12.029449,75.864499
3,xgb,blackout,3,NPHI,-1.279264,0.123163
3,xgb,blackout,3,RHOB,-11.464818,0.426493
3,xgb,blackout,3,all,-3.962771,24.800338
3,xgb,blackout,4,GR,-1.798878,46.084391
3,xgb,blackout,4,NPHI,-3.677937,0.179123
3,xgb,blackout,4,RHOB,-2.603234,0.316041
3,xgb,blackout,4,all,0.191280,14.668022
3,xgb,blackout,5,GR,-14.230220,85.650394
3,xgb,blackout,5,NPHI,-1.169401,0.118328
3,xgb,blackout,5,RHOB,-2.482401,0.238649
3,xgb,blackout,5,all,-4.345348,28.602004
3,xgb,blackout,6,GR,-45.217480,50.494325
3,xgb,blackout,6,NPHI,-42.438066,0.259267
3,xgb,blackout,6,RHOB,-41.507840,0.378378
3,xgb,blackout,6,all,-0.937330,14.760297
3,xgb,blackout,7,GR,-109.005704,77.601212
3,xgb,blackout,7,NPHI,-23.760883,0.257735
3,xgb,blackout,7,RHOB,-25.788846,0.425124
3,xgb,blackout,7,all,-39.807392,20.993269
3,xgb,blackout,8,GR,-0.426348,52.073411
3,xgb,blackout,8,NPHI,-12.493965,0.179039
3,xgb,blackout,8,RHOB,-15.677114,0.408364
3,xgb,blackout,8,all,0.717966,15.844966
3,xgb,blackout,9,GR,-1.577012,61.902810
3,xgb,blackout,9,NPHI,-2.388266,0.171256
3,xgb,blackout,9,RHOB,-25.210197,0.576485
3,xgb,blackout,9,all,-0.193332,19.061419
3,xgb,blackout,10,GR,-3.086702,64.263498
3,xgb,blackout,10,NPHI,-3.294326,0.163525
3,xgb,blackout,10,RHOB,-5.126569,0.328074
3,xgb,blackout,10,all,-0.727202,20.221706
3,xgb,blackout,11,GR,-108.708485,91.897431
3,xgb,blackout,11,NPHI,-10.940310,0.225840
3,xgb,blackout,11,RHOB,-17.651491,0.410440
3,xgb,blackout,11,all,-44.161951,27.247097
3,xgb,blackout,12,GR,-11.904121,67.186248
3,xgb,blackout,12,NPHI,-0.400960,0.092826
3,xgb,blackout,12,RHOB,-2.627210,0.253488
3,xgb,blackout,12,all,-2.722791,21.715949
3,xgb,blackout,13,GR,-1.924637,47.973282
3,xgb,blackout,13,NPHI,-4.627697,0.204458
3,xgb,blackout,13,RHOB,-16.262786,0.387484
3,xgb,blackout,13,all,0.282702,15.938427
3,xgb,blackout,14,GR,-29.349830,70.295412
3,xgb,blackout,14,NPHI,-20.419901,0.233050
3,xgb,blackout,14,RHOB,-30.012262,0.444666
3,xgb,blackout,14,all,-7.247066,21.352803
3,xgb,blackout,15,GR,-8.066001,64.429560
3,xgb,blackout,15,NPHI,-2.441975,0.158999
3,xgb,blackout,15,RHOB,-12.232470,0.301377
3,xgb,blackout,15,all,-2.487904,20.393153
3,xgb,blackout,16,GR,-429.382670,64.494949
3,xgb,blackout,16,NPHI,-171.493757,0.304653
3,xgb,blackout,16,RHOB,-120.904938,0.457913
3,xgb,blackout,16,all,-48.968482,21.752505
3,xgb,blackout,17,GR,-2.063032,51.045900
3,xgb,blackout,17,NPHI,-5.113246,0.184699
3,xgb,blackout,17,RHOB,-20.407327,0.389571
3,xgb,blackout,17,all,-0.382257,17.021446
3,xgb,blackout,18,GR,-1.118736,40.006139
3,xgb,blackout,18,NPHI,-6.227957,0.190913
3,xgb,blackout,18,RHOB,-10.287417,0.318602
3,xgb,blackout,18,all,0.639442,13.215006
3,xgb,block,0,GR,0.038893,34.834790
3,xgb,block,0,NPHI,-0.331638,0.078000
3,xgb,block,0,RHOB,0.355333,0.085471
3,xgb,block,0,all,0.602154,12.540237
3,xgb,block,1,GR,-12.937034,31.006292
3,xgb,block,1,NPHI,,
3,xgb,block,1,RHOB,-0.152197,0.056293
3,xgb,block,1,all,0.718807,5.214626
3,xgb,block,2,GR,-2.426736,23.520950
3,xgb,block,2,NPHI,0.488312,0.031402
3,xgb,block,2,RHOB,0.333876,0.070716
3,xgb,block,2,all,0.769584,8.158125
3,xgb,block,3,GR,-0.157893,19.041238
3,xgb,block,3,NPHI,0.712988,0.037733
3,xgb,block,3,RHOB,0.714599,0.057383
3,xgb,block,3,all,0.608618,4.981564
3,xgb,block,4,GR,0.393852,19.618564
3,xgb,block,4,NPHI,0.740783,0.046694
3,xgb,block,4,RHOB,0.016861,0.072651
3,xgb,block,4,all,0.805954,4.393377
3,xgb,block,5,GR,0.021505,18.767550
3,xgb,block,5,NPHI,0.795468,0.034482
3,xgb,block,5,RHOB,0.507281,0.075521
3,xgb,block,5,all,0.659536,5.605363
3,xgb,block,6,GR,-13.305156,20.209566
3,xgb,block,6,NPHI,-18.896659,0.079231
3,xgb,block,6,RHOB,-1.703502,0.064862
3,xgb,block,6,all,0.545886,7.551696
3,xgb,block,7,GR,-5.480870,19.828374
3,xgb,block,7,NPHI,-0.311629,0.030711
3,xgb,block,7,RHOB,0.470996,0.038835
3,xgb,block,7,all,-1.583543,8.612677
3,xgb,block,8,GR,-0.127987,51.596586
3,xgb,block,8,NPHI,-14.885431,0.104183
3,xgb,block,8,RHOB,0.141305,0.130318
3,xgb,block,8,all,0.696265,19.595565
3,xgb,block,9,GR,0.310693,35.112011
3,xgb,block,9,NPHI,0.151943,0.045746
3,xgb,block,9,RHOB,-0.227395,0.085230
3,xgb,block,9,all,0.640492,12.395575
3,xgb,block,10,GR,0.677873,14.973786
3,xgb,block,10,NPHI,0.512012,0.049202
3,xgb,block,10,RHOB,0.301712,0.088256
3,xgb,block,10,all,0.821370,3.606971
3,xgb,block,11,GR,-8.080478,23.826424
3,xgb,block,11,NPHI,0.104332,0.028537
3,xgb,block,11,RHOB,0.531601,0.025107
3,xgb,block,11,all,-3.243572,8.621170
3,xgb,block,12,GR,-0.550705,19.610531
3,xgb,block,12,NPHI,0.519961,0.047844
3,xgb,block,12,RHOB,0.704017,0.064936
3,xgb,block,12,all,0.702613,4.560194
3,xgb,block,13,GR,-0.507697,24.948808
3,xgb,block,13,NPHI,0.658553,0.037798
3,xgb,block,13,RHOB,0.415101,0.060280
3,xgb,block,13,all,0.647220,5.889309
3,xgb,block,14,GR,-1.604879,12.532885
3,xgb,block,14,NPHI,0.813753,0.016894
3,xgb,block,14,RHOB,0.857369,0.032936
3,xgb,block,14,all,0.543563,4.757444
3,xgb,block,15,GR,-0.132422,20.900512
3,xgb,block,15,NPHI,0.661797,0.034429
3,xgb,block,15,RHOB,-1.093682,0.068181
3,xgb,block,15,all,0.709530,4.403323
3,xgb,block,16,GR,,
3,xgb,block,16,NPHI,,
3,xgb,block,16,RHOB,0.803651,0.027028
3,xgb,block,16,all,0.803651,0.027028
3,xgb,block,17,GR,0.328179,22.598665
3,xgb,block,17,NPHI,0.571470,0.042444
3,xgb,block,17,RHOB,0.187082,0.066767
3,xgb,block,17,all,0.684507,6.943618
3,xgb,block,18,GR,-1.939701,50.855317
3,xgb,block,18,NPHI,-6.926313,0.122886
3,xgb,block,18,RHOB,-0.030408,0.097710
3,xgb,block,18,all,0.451443,20.625849
3,xgb,profile,0,GR,0.328387,21.161604
3,xgb,profile,0,NPHI,0.219474,0.044069
3,xgb,profile,0,RHOB,-0.000993,0.113593
3,xgb,profile,0,all,0.739699,6.275557
3,xgb,profile,1,GR,-3.721471,48.225778
3,xgb,profile,1,NPHI,,
3,xgb,profile,1,RHOB,,
3,xgb,profile,1,all,-3.721471,48.225778
3,xgb,profile,2,GR,-2.000028,27.883910
3,xgb,profile,2,NPHI,0.603844,0.036900
3,xgb,profile,2,RHOB,0.480539,0.069606
3,xgb,profile,2,all,0.722672,10.304931
3,xgb,profile,3,GR,-0.256565,19.626464
3,xgb,profile,3,NPHI,0.828195,0.034573
3,xgb,profile,3,RHOB,0.634506,0.066276
3,xgb,profile,3,all,0.575649,6.958216
3,xgb,profile,4,GR,-0.215669,21.935614
3,xgb,profile,4,NPHI,0.583243,0.050466
3,xgb,profile,4,RHOB,0.268938,0.070332
3,xgb,profile,4,all,0.748735,7.872266
3,xgb,profile,5,GR,0.037064,18.376625
3,xgb,profile,5,NPHI,0.776621,0.037475
3,xgb,profile,5,RHOB,0.668217,0.059460
3,xgb,profile,5,all,0.694815,5.753695
3,xgb,profile,6,GR,-9.604847,22.099953
3,xgb,profile,6,NPHI,-3.015832,0.075501
3,xgb,profile,6,RHOB,-2.292293,0.041804
3,xgb,profile,6,all,0.619333,6.076043
3,xgb,profile,7,GR,-0.885815,16.267074
3,xgb,profile,7,NPHI,0.242863,0.034376
3,xgb,profile,7,RHOB,0.793911,0.018013
3,xgb,profile,7,all,0.129431,4.900912
3,xgb,profile,8,GR,-2.319219,39.191024
3,xgb,profile,8,NPHI,-2.623308,0.093430
3,xgb,profile,8,RHOB,-2.888310,0.145361
3,xgb,profile,8,all,0.661542,9.131930
3,xgb,profile,9,GR,0.113070,28.787059
3,xgb,profile,9,NPHI,0.690069,0.042936
3,xgb,profile,9,RHOB,-0.012269,0.098527
3,xgb,profile,9,all,0.778488,9.639752
3,xgb,profile,10,GR,0.028802,21.434390
3,xgb,profile,10,NPHI,0.552676,0.044003
3,xgb,profile,10,RHOB,0.302074,0.072954
3,xgb,profile,10,all,0.817717,7.182576
3,xgb,profile,11,GR,-2.361660,17.596556
3,xgb,profile,11,NPHI,0.768155,0.027641
3,xgb,profile,11,RHOB,0.745867,0.032521
3,xgb,profile,11,all,-0.469206,4.421090
3,xgb,profile,12,GR,-0.269464,19.685174
3,xgb,profile,12,NPHI,0.707515,0.045433
3,xgb,profile,12,RHOB,0.615674,0.068607
3,xgb,profile,12,all,0.642753,6.824550
3,xgb,profile,13,GR,-0.942693,29.807407
3,xgb,profile,13,NPHI,0.702499,0.038713
3,xgb,profile,13,RHOB,0.345882,0.057759
3,xgb,profile,13,all,0.647189,11.355768
3,xgb,profile,14,GR,-3.459541,12.643612
3,xgb,profile,14,NPHI,0.812718,0.015667
3,xgb,profile,14,RHOB,0.283695,0.049170
3,xgb,profile,14,all,0.209599,2.940117
3,xgb,profile,15,GR,-0.195306,20.679966
3,xgb,profile,15,NPHI,0.439426,0.055167
3,xgb,profile,15,RHOB,0.464012,0.059085
3,xgb,profile,15,all,0.514281,6.931406
3,xgb,profile,16,GR,-0.391057,11.139359
3,xgb,profile,16,NPHI,,
3,xgb,profile,16,RHOB,,
3,xgb,profile,16,all,-0.391057,11.139359
3,xgb,profile,17,GR,0.319785,24.325922
3,xgb,profile,17,NPHI,0.513002,0.047184
3,xgb,profile,17,RHOB,-0.605674,0.073655
3,xgb,profile,17,all,0.700648,7.740046
3,xgb,profile,18,GR,-3.729083,49.382363
3,xgb,profile,18,NPHI,-1.453757,0.092254
3,xgb,profile,18,RHOB,-0.232730,0.087351
3,xgb,profile,18,all,0.638124,13.234975
3,xgb,single,0,GR,-0.460485,41.023367
3,xgb,single,0,NPHI,0.232511,0.054860
3,xgb,single,0,RHOB,0.562403,0.084502
3,xgb,single,0,all,0.618157,14.691410
3,xgb,single,1,GR,,
3,xgb,single,1,NPHI,-1.870640,0.130870
3,xgb,single,1,RHOB,-1.078455,0.053932
3,xgb,single,1,all,0.991738,0.092401
3,xgb,single,2,GR,-1.592110,28.181775
3,xgb,single,2,NPHI,0.699059,0.037961
3,xgb,single,2,RHOB,-0.436981,0.102888
3,xgb,single,2,all,0.666602,12.023722
3,xgb,single,3,GR,0.081890,17.687136
3,xgb,single,3,NPHI,0.496317,0.044557
3,xgb,single,3,RHOB,0.663579,0.059484
3,xgb,single,3,all,0.577353,7.065377
3,xgb,single,4,GR,-0.241247,27.586527
3,xgb,single,4,NPHI,0.739871,0.038727
3,xgb,single,4,RHOB,0.271253,0.100524
3,xgb,single,4,all,0.570616,11.397952
3,xgb,single,5,GR,0.325378,16.168614
3,xgb,single,5,NPHI,0.698287,0.038785
3,xgb,single,5,RHOB,0.626723,0.066053
3,xgb,single,5,all,0.742688,5.195771
3,xgb,single,6,GR,-11.304971,25.237207
3,xgb,single,6,NPHI,-1.983598,0.075180
3,xgb,single,6,RHOB,-0.091726,0.036519
3,xgb,single,6,all,0.541254,6.930522
3,xgb,single,7,GR,-7.813343,17.822280
3,xgb,single,7,NPHI,0.717599,0.024786
3,xgb,single,7,RHOB,0.431742,0.053040
3,xgb,single,7,all,-1.768790,3.589936
3,xgb,single,8,GR,-0.024830,59.211978
3,xgb,single,8,NPHI,-3.247148,0.086199
3,xgb,single,8,RHOB,0.221297,0.056944
3,xgb,single,8,all,0.678840,13.726109
3,xgb,single,9,GR,0.292551,31.344250
3,xgb,single,9,NPHI,0.764949,0.035097
3,xgb,single,9,RHOB,0.396976,0.070620
3,xgb,single,9,all,0.686047,12.353274
3,xgb,single,10,GR,-0.006820,21.740255
3,xgb,single,10,NPHI,0.718728,0.038835
3,xgb,single,10,RHOB,-0.524155,0.097654
3,xgb,single,10,all,0.602578,9.171413
3,xgb,single,11,GR,-5.563545,18.776343
3,xgb,single,11,NPHI,0.441530,0.032241
3,xgb,single,11,RHOB,0.780633,0.029874
3,xgb,single,11,all,-1.322898,4.717872
3,xgb,single,12,GR,-0.595871,19.730204
3,xgb,single,12,NPHI,0.491871,0.047120
3,xgb,single,12,RHOB,0.586996,0.067685
3,xgb,single,12,all,0.439301,7.873227
3,xgb,single,13,GR,-0.407298,25.336063
3,xgb,single,13,NPHI,0.638930,0.031178
3,xgb,single,13,RHOB,0.293250,0.065613
3,xgb,single,13,all,0.649027,9.162098
3,xgb,single,14,GR,-2.984144,15.437258
3,xgb,single,14,NPHI,0.829116,0.018335
3,xgb,single,14,RHOB,0.699818,0.041736
3,xgb,single,14,all,0.431711,3.580149
3,xgb,single,15,GR,0.160188,19.862005
3,xgb,single,15,NPHI,0.029355,0.067695
3,xgb,single,15,RHOB,0.059689,0.057107
3,xgb,single,15,all,0.596131,7.450550
3,xgb,single,16,GR,,
3,xgb,single,16,NPHI,,
3,xgb,single,16,RHOB,0.896152,0.020368
3,xgb,single,16,all,0.896152,0.020368
3,xgb,single,17,GR,0.217300,24.045019
3,xgb,single,17,NPHI,0.615914,0.043170
3,xgb,single,17,RHOB,-0.624754,0.085508
3,xgb,single,17,all,0.657854,7.581353
3,xgb,single,18,GR,-1.976253,44.623891
3,xgb,single,18,NPHI,-0.591311,0.075651
3,xgb,single,18,RHOB,0.699673,0.070909
3,xgb,single,18,all,0.580992,12.114819
4,ae,blackout,0,GR,0.517950,22.038485
4,ae,blackout,0,NPHI,-0.432402,0.073363
4,ae,blackout,0,RHOB,-0.225805,0.105694
4,ae,blackout,0,all,0.801227,7.276052
4,ae,blackout,1,GR,-1.203953,29.136534
4,ae,blackout,1,NPHI,-12.840153,0.159242
4,ae,blackout,1,RHOB,-2.631148,0.125388
4,ae,blackout,1,all,0.751501,14.639922
4,ae,blackout,2,GR,-0.913940,20.789721
4,ae,blackout,2,NPHI,-0.185608,0.071378
4,ae,blackout,2,RHOB,-0.222045,0.125245
4,ae,blackout,2,all,0.850916,7.317289
4,ae,blackout,3,GR,-0.183728,19.701563
4,ae,blackout,3,NPHI,0.342297,0.064511
4,ae,blackout,3,RHOB,0.243285,0.107938
4,ae,blackout,3,all,0.573053,6.805350
4,ae,blackout,4,GR,0.526061,17.269552
4,ae,blackout,4,NPHI,0.320766,0.068333
4,ae,blackout,4,RHOB,0.100982,0.102990
4,ae,blackout,4,all,0.864796,5.998606
4,ae,blackout,5,GR,-0.179078,19.308035
4,ae,blackout,5,NPHI,0.314957,0.065051
4,ae,blackout,5,RHOB,0.411037,0.089380
4,ae,blackout,5,all,0.586855,6.715348
4,ae,blackout,6,GR,-5.846221,18.232262
4,ae,blackout,6,NPHI,-3.266805,0.067447
4,ae,blackout,6,RHOB,-0.266521,0.059483
4,ae,blackout,6,all,0.686508,6.594820
4,ae,blackout,7,GR,-3.122698,14.083679
4,ae,blackout,7,NPHI,-0.759451,0.057845
4,ae,blackout,7,RHOB,-0.036252,0.078632
4,ae,blackout,7,all,-0.576037,4.971461
4,ae,blackout,8,GR,-0.043600,39.025894
4,ae,blackout,8,NPHI,-2.046904,0.083734
4,ae,blackout,8,RHOB,-0.186438,0.097309
4,ae,blackout,8,all,0.794844,12.229860
4,ae,blackout,9,GR,0.328609,30.139627
4,ae,blackout,9,NPHI,0.289973,0.071643
4,ae,blackout,9,RHOB,0.165165,0.090942
4,ae,blackout,9,all,0.732556,10.274777
4,ae,blackout,10,GR,0.567113,18.866003
4,ae,blackout,10,NPHI,-0.003083,0.072145
4,ae,blackout,10,RHOB,-0.162630,0.086076
4,ae,blackout,10,all,0.845084,6.994159
4,ae,blackout,11,GR,-0.767608,9.050542
4,ae,blackout,11,NPHI,-0.076350,0.059633
4,ae,blackout,11,RHOB,-0.166335,0.091851
4,ae,blackout,11,all,0.270052,2.997428
4,ae,blackout,12,GR,-0.577531,20.179775
4,ae,blackout,12,NPHI,0.267956,0.068115
4,ae,blackout,12,RHOB,0.254890,0.116933
4,ae,blackout,12,all,0.561518,6.791095
4,ae,blackout,13,GR,0.277153,20.526653
4,ae,blackout,13,NPHI,0.078141,0.077838
4,ae,blackout,13,RHOB,-0.077632,0.068005
4,ae,blackout,13,all,0.841482,7.108703
4,ae,blackout,14,GR,-1.554610,11.070417
4,ae,blackout,14,NPHI,-0.439918,0.045756
4,ae,blackout,14,RHOB,-0.512646,0.084705
4,ae,blackout,14,all,0.457949,3.498166
4,ae,blackout,15,GR,0.416478,13.659233
4,ae,blackout,15,NPHI,0.554762,0.046896
4,ae,blackout,15,RHOB,-0.110381,0.087077
4,ae,blackout,15,all,0.749396,4.938727
4,ae,blackout,16,GR,-57.029243,37.344231
4,ae,blackout,16,NPHI,-7.566469,0.069820
4,ae,blackout,16,RHOB,,
4,ae,blackout,16,all,-11.641953,18.707024
4,ae,blackout,17,GR,0.517402,18.353945
4,ae,blackout,17,NPHI,0.235338,0.055868
4,ae,blackout,17,RHOB,0.199880,0.076837
4,ae,blackout,17,all,0.790647,6.280015
4,ae,blackout,18,GR,-0.293335,26.266867
4,ae,blackout,18,NPHI,-0.559359,0.087174
4,ae,blackout,18,RHOB,-0.330982,0.105272
4,ae,blackout,18,all,0.841646,8.447869
4,ae,block,0,GR,0.494622,21.075541
4,ae,block,0,NPHI,0.293067,0.059074
4,ae,block,0,RHOB,0.171958,0.075793
4,ae,block,0,all,0.766984,10.018642
4,ae,block,1,GR,-13.111157,51.488274
4,ae,block,1,NPHI,-15.847908,0.154699
4,ae,block,1,RHOB,,
4,ae,block,1,all,0.576955,8.710295
4,ae,block,2,GR,0.376557,11.152424
4,ae,block,2,NPHI,-0.994053,0.090549
4,ae,block,2,RHOB,0.434156,0.087160
4,ae,block,2,all,0.933876,4.830546
4,ae,block,3,GR,-0.100113,18.500910
4,ae,block,3,NPHI,0.428535,0.051389
4,ae,block,3,RHOB,0.401456,0.093377
4,ae,block,3,all,0.692699,7.229592
4,ae,block,4,GR,0.536137,17.103596
4,ae,block,4,NPHI,0.633060,0.053449
4,ae,block,4,RHOB,0.362672,0.098387
4,ae,block,4,all,0.849126,7.343555
4,ae,block,5,GR,0.397271,15.166508
4,ae,block,5,NPHI,0.497996,0.054519
4,ae,block,5,RHOB,0.598176,0.074553
4,ae,block,5,all,0.797430,5.182746
4,ae,block,6,GR,-4.542092,16.244516
4,ae,block,6,NPHI,-0.598362,0.040588
4,ae,block,6,RHOB,-0.754538,0.053448
4,ae,block,6,all,0.712890,7.915844
4,ae,block,7,GR,-0.467736,9.622646
4,ae,block,7,NPHI,-0.749490,0.043291
4,ae,block,7,RHOB,0.386801,0.037366
4,ae,block,7,all,0.278317,4.548958
4,ae,block,8,GR,-0.502144,46.595680
4,ae,block,8,NPHI,-1.048764,0.093045
4,ae,block,8,RHOB,-1.100208,0.128366
4,ae,block,8,all,0.677668,28.004829
4,ae,block,9,GR,0.753975,10.704574
4,ae,block,9,NPHI,-1.233585,0.096132
4,ae,block,9,RHOB,0.296141,0.088295
4,ae,block,9,all,0.908033,4.714041
4,ae,block,10,GR,0.679839,17.014898
4,ae,block,10,NPHI,0.323046,0.064225
4,ae,block,10,RHOB,-0.091671,0.078211
4,ae,block,10,all,0.819398,7.906710
4,ae,block,11,GR,-0.347467,7.013928
4,ae,block,11,NPHI,-0.484999,0.034510
4,ae,block,11,RHOB,0.022764,0.067220
4,ae,block,11,all,0.330201,3.883821
4,ae,block,12,GR,-0.386590,19.806379
4,ae,block,12,NPHI,0.481235,0.057265
4,ae,block,12,RHOB,0.227860,0.112434
4,ae,block,12,all,0.582586,8.519463
4,ae,block,13,GR,0.544660,15.272930
4,ae,block,13,NPHI,0.406037,0.057120
4,ae,block,13,RHOB,-0.074637,0.059702
4,ae,block,13,all,0.882197,7.158503
4,ae,block,14,GR,-0.020820,12.860565
4,ae,block,14,NPHI,-0.161121,0.038930
4,ae,block,14,RHOB,-0.229100,0.054759
4,ae,block,14,all,0.584732,7.736485
4,ae,block,15,GR,0.601432,13.062414
4,ae,block,15,NPHI,-0.102955,0.051042
4,ae,block,15,RHOB,0.487442,0.065088
4,ae,block,15,all,0.868473,5.806543
4,ae,block,16,GR,,
4,ae,block,16,NPHI,-1.355555,0.040197
4,ae,block,16,RHOB,,
4,ae,block,16,all,-1.355555,0.040197
4,ae,block,17,GR,0.580832,16.450079
4,ae,block,17,NPHI,0.588876,0.042860
4,ae,block,17,RHOB,0.352585,0.062157
4,ae,block,17,all,0.801167,5.839955
4,ae,block,18,GR,-0.064573,25.314341
4,ae,block,18,NPHI,-0.741329,0.113751
4,ae,block,18,RHOB,-0.691172,0.096619
4,ae,block,18,all,0.783489,13.450537
4,ae,profile,0,GR,-0.341897,44.159454
4,ae,profile,0,NPHI,-0.050050,0.064337
4,ae,profile,0,RHOB,-0.328647,0.116723
4,ae,profile,0,all,0.315001,15.655054
4,ae,profile,1,GR,,
4,ae,profile,1,NPHI,,
4,ae,profile,1,RHOB,-0.864577,0.100084
4,ae,profile,1,all,-0.864577,0.100084
4,ae,profile,2,GR,-2.032961,25.686476
4,ae,profile,2,NPHI,0.251370,0.052472
4,ae,profile,2,RHOB,-0.236818,0.126104
4,ae,profile,2,all,0.710187,9.535332
4,ae,profile,3,GR,-0.265447,20.475315
4,ae,profile,3,NPHI,0.289157,0.068078
4,ae,profile,3,RHOB,0.337333,0.094115
4,ae,profile,3,all,0.461593,7.881566
4,ae,profile,4,GR,-0.231339,27.434229
4,ae,profile,4,NPHI,0.194304,0.074769
4,ae,profile,4,RHOB,0.142347,0.085075
4,ae,profile,4,all,0.603915,9.850421
4,ae,profile,5,GR,-0.241433,20.937246
4,ae,profile,5,NPHI,0.458006,0.061902
4,ae,profile,5,RHOB,0.321677,0.093296
4,ae,profile,5,all,0.562461,7.399822
4,ae,profile,6,GR,-11.563833,24.348286
4,ae,profile,6,NPHI,-1.390892,0.050546
4,ae,profile,6,RHOB,-0.672200,0.061056
4,ae,profile,6,all,0.469676,8.890865
4,ae,profile,7,GR,-45.543510,43.743042
4,ae,profile,7,NPHI,-0.295064,0.042150
4,ae,profile,7,RHOB,0.022177,0.073611
4,ae,profile,7,all,-16.924784,17.535089
4,ae,profile,8,GR,-1.526105,71.756668
4,ae,profile,8,NPHI,-6.449709,0.152827
4,ae,profile,8,RHOB,-0.435928,0.153179
4,ae,profile,8,all,0.445424,33.200890
4,ae,profile,9,GR,0.517301,17.838680
4,ae,profile,9,NPHI,0.134439,0.052721
4,ae,profile,9,RHOB,-0.472323,0.131440
4,ae,profile,9,all,0.787706,7.008842
4,ae,profile,10,GR,0.675341,17.140482
4,ae,profile,10,NPHI,-0.118260,0.061704
4,ae,profile,10,RHOB,-0.059580,0.095164
4,ae,profile,10,all,0.850777,6.484371
4,ae,profile,11,GR,-2.216916,13.649597
4,ae,profile,11,NPHI,0.400130,0.044248
4,ae,profile,11,RHOB,0.268014,0.063080
4,ae,profile,11,all,-0.738778,5.720991
4,ae,profile,12,GR,-0.441274,20.236765
4,ae,profile,12,NPHI,0.275967,0.061530
4,ae,profile,12,RHOB,0.395875,0.101655
4,ae,profile,12,all,0.525341,7.383652
4,ae,profile,13,GR,-0.852732,33.044445
4,ae,profile,13,NPHI,-0.429649,0.085945
4,ae,profile,13,RHOB,-0.270738,0.077035
4,ae,profile,13,all,0.474777,10.628566
4,ae,profile,14,GR,-1.331131,14.982319
4,ae,profile,14,NPHI,-1.018538,0.042563
4,ae,profile,14,RHOB,0.049001,0.068505
4,ae,profile,14,all,0.253629,6.947813
4,ae,profile,15,GR,0.220165,19.135872
4,ae,profile,15,NPHI,0.311811,0.058337
4,ae,profile,15,RHOB,-0.425394,0.089823
4,ae,profile,15,all,0.702900,6.435007
4,ae,profile,16,GR,,
4,ae,profile,16,NPHI,,
4,ae,profile,16,RHOB,-0.327804,0.053249
4,ae,profile,16,all,-0.327804,0.053249
4,ae,profile,17,GR,0.400336,21.729193
4,ae,profile,17,NPHI,0.358380,0.053570
4,ae,profile,17,RHOB,0.075478,0.080240
4,ae,profile,17,all,0.739775,7.654063
4,ae,profile,18,GR,-3.030675,56.187550
4,ae,profile,18,NPHI,-2.878218,0.096609
4,ae,profile,18,RHOB,-0.365060,0.105023
4,ae,profile,18,all,0.264125,22.536909
4,ae,single,0,GR,0.244383,26.288092
4,ae,single,0,NPHI,-0.127313,0.049922
4,ae,single,0,RHOB,0.202312,0.102970
4,ae,single,0,all,0.766619,9.319814
4,ae,single,1,GR,,
4,ae,single,1,NPHI,,
4,ae,single,1,RHOB,-0.492027,0.077828
4,ae,single,1,all,-0.492027,0.077828
4,ae,single,2,GR,-0.180073,16.818752
4,ae,single,2,NPHI,0.170256,0.057530
4,ae,single,2,RHOB,-0.069293,0.092389
4,ae,single,2,all,0.904500,5.357887
4,ae,single,3,GR,0.119148,16.790880
4,ae,single,3,NPHI,0.616897,0.050967
4,ae,single,3,RHOB,0.341655,0.087229
4,ae,single,3,all,0.682896,5.721529
4,ae,single,4,GR,0.644188,15.620580
4,ae,single,4,NPHI,0.274023,0.062148
4,ae,single,4,RHOB,0.196217,0.106370
4,ae,single,4,all,0.899539,4.797089
4,ae,single,5,GR,0.257316,14.927449
4,ae,single,5,NPHI,0.390096,0.060318
4,ae,single,5,RHOB,0.632643,0.068702
4,ae,single,5,all,0.746246,5.018578
4,ae,single,6,GR,-1.658725,15.053713
4,ae,single,6,NPHI,-1.077781,0.046886
4,ae,single,6,RHOB,-0.633136,0.069308
4,ae,single,6,all,0.824264,4.145772
4,ae,single,7,GR,-14.409601,16.569420
4,ae,single,7,NPHI,0.229260,0.042431
4,ae,single,7,RHOB,0.409595,0.060624
4,ae,single,7,all,-2.142641,3.353287
4,ae,single,8,GR,0.159519,41.663338
4,ae,single,8,NPHI,-0.191348,0.053170
4,ae,single,8,RHOB,0.537478,0.095882
4,ae,single,8,all,0.846131,12.866156
4,ae,single,9,GR,0.741822,18.583179
4,ae,single,9,NPHI,0.717326,0.042350
4,ae,single,9,RHOB,0.221262,0.080828
4,ae,single,9,all,0.869013,6.231177
4,ae,single,10,GR,0.692956,12.953289
4,ae,single,10,NPHI,0.149960,0.062228
4,ae,single,10,RHOB,0.155346,0.086604
4,ae,single,10,all,0.869820,3.829231
4,ae,single,11,GR,-0.149217,8.052925
4,ae,single,11,NPHI,-0.138236,0.065274
4,ae,single,11,RHOB,0.518344,0.052028
4,ae,single,11,all,0.673922,2.058876
4,ae,single,12,GR,-0.053111,16.826616
4,ae,single,12,NPHI,0.404376,0.066987
4,ae,single,12,RHOB,0.274757,0.096993
4,ae,single,12,all,0.744002,5.276011
4,ae,single,13,GR,0.460311,15.800199
4,ae,single,13,NPHI,0.076703,0.060905
4,ae,single,13,RHOB,-0.188715,0.103127
4,ae,single,13,all,0.881453,5.423242
4,ae,single,14,GR,-0.155261,9.633177
4,ae,single,14,NPHI,0.445455,0.024723
4,ae,single,14,RHOB,0.391521,0.054712
4,ae,single,14,all,0.820090,2.988091
4,ae,single,15,GR,0.571043,12.445486
4,ae,single,15,NPHI,0.364051,0.048382
4,ae,single,15,RHOB,0.572731,0.043622
4,ae,single,15,all,0.828060,4.179340
4,ae,single,16,GR,,
4,ae,single,16,NPHI,,
4,ae,single,16,RHOB,-0.135071,0.063531
4,ae,single,16,all,-0.135071,0.063531
4,ae,single,17,GR,0.663804,15.530223
4,ae,single,17,NPHI,0.526556,0.046596
4,ae,single,17,RHOB,0.505177,0.059410
4,ae,single,17,all,0.869714,5.742112
4,ae,single,18,GR,-0.780159,36.936523
4,ae,single,18,NPHI,0.422483,0.049660
4,ae,single,18,RHOB,-0.280636,0.128218
4,ae,single,18,all,0.710478,12.360992
4,brits,blackout,0,GR,0.046012,36.278809
4,brits,blackout,0,NPHI,-0.121919,0.069546
4,brits,blackout,0,RHOB,0.009163,0.098931
4,brits,blackout,0,all,0.606632,11.934041
4,brits,blackout,1,GR,-2.361382,41.220684
4,brits,blackout,1,NPHI,-3.362886,0.092089
4,brits,blackout,1,RHOB,-0.133863,0.071254
4,brits,blackout,1,all,0.621006,20.651484
4,brits,blackout,2,GR,-1.859734,27.876740
4,brits,blackout,2,NPHI,0.082810,0.060389
4,brits,blackout,2,RHOB,0.063889,0.109615
4,brits,blackout,2,all,0.777249,9.780357
4,brits,blackout,3,GR,-0.760373,26.875418
4,brits,blackout,3,NPHI,0.177852,0.075852
4,brits,blackout,3,RHOB,-0.664339,0.156853
4,brits,blackout,3,all,0.365062,9.281905
4,brits,blackout,4,GR,-0.004192,26.488998
4,brits,blackout,4,NPHI,0.218798,0.075479
4,brits,blackout,4,RHOB,0.049665,0.109227
4,brits,blackout,4,all,0.713535,9.175744
4,brits,blackout,5,GR,-0.655543,24.277695
4,brits,blackout,5,NPHI,0.100139,0.078727
4,brits,blackout,5,RHOB,-0.395265,0.144719
4,brits,blackout,5,all,0.419894,8.452784
4,brits,blackout,6,GR,-1.303934,10.655721
4,brits,blackout,6,NPHI,-10.575219,0.130986
4,brits,blackout,6,RHOB,-0.853946,0.085378
4,brits,blackout,6,all,0.894489,3.898512
4,brits,blackout,7,GR,-12.440979,35.424633
4,brits,blackout,7,NPHI,-3.492548,0.109346
4,brits,blackout,7,RHOB,-0.144716,0.086535
4,brits,blackout,7,all,-4.138173,12.455485
4,brits,blackout,8,GR,-1.596628,63.349205
4,brits,blackout,8,NPHI,-1.362321,0.077499
4,brits,blackout,8,RHOB,-0.980036,0.135183
4,brits,blackout,8,all,0.489544,19.826057
4,brits,blackout,9,GR,-0.002996,39.901611
4,brits,blackout,9,NPHI,0.204715,0.079671
4,brits,blackout,9,RHOB,-0.230827,0.117914
4,brits,blackout,9,all,0.600464,13.597146
4,brits,blackout,10,GR,0.108453,30.782297
4,brits,blackout,10,NPHI,0.305699,0.061325
4,brits,blackout,10,RHOB,0.114873,0.086959
4,brits,blackout,10,all,0.680953,11.377201
4,brits,blackout,11,GR,-23.622139,38.015747
4,brits,blackout,11,NPHI,-0.794872,0.077825
4,brits,blackout,11,RHOB,0.210405,0.079644
4,brits,blackout,11,all,-9.166348,12.424957
4,brits,blackout,12,GR,-0.760884,22.945055
4,brits,blackout,12,NPHI,-0.086244,0.084076
4,brits,blackout,12,RHOB,-0.948659,0.191626
4,brits,blackout,12,all,0.510532,7.742295
4,brits,blackout,13,GR,-0.267528,28.096125
4,brits,blackout,13,NPHI,0.042379,0.088339
4,brits,blackout,13,RHOB,-0.676916,0.103360
4,brits,blackout,13,all,0.722037,9.726997
4,brits,blackout,14,GR,-6.656029,26.271622
4,brits,blackout,14,NPHI,-3.089660,0.089961
4,brits,blackout,14,RHOB,-0.867391,0.104492
4,brits,blackout,14,all,-0.624447,8.258190
4,brits,blackout,15,GR,-0.380450,24.151920
4,brits,blackout,15,NPHI,0.094432,0.076700
4,brits,blackout,15,RHOB,-0.088473,0.090988
4,brits,blackout,15,all,0.407153,8.710158
4,brits,blackout,16,GR,-73.454765,43.308392
4,brits,blackout,16,NPHI,-13.430061,0.102405
4,brits,blackout,16,RHOB,,
4,brits,blackout,16,all,-15.220356,21.705395
4,brits,blackout,17,GR,0.124514,29.158144
4,brits,blackout,17,NPHI,0.043432,0.068482
4,brits,blackout,17,RHOB,-0.018085,0.087307
4,brits,blackout,17,all,0.620212,9.958799
4,brits,blackout,18,GR,-2.007451,44.062347
4,brits,blackout,18,NPHI,-0.393305,0.085020
4,brits,blackout,18,RHOB,0.043806,0.093501
4,brits,blackout,18,all,0.631780,14.121281
4,brits,block,0,GR,0.167190,33.350868
4,brits,block,0,NPHI,0.366022,0.057207
4,brits,block,0,RHOB,0.006305,0.084586
4,brits,block,0,all,0.616015,15.835093
4,brits,block,1,GR,-2.424707,24.951145
4,brits,block,1,NPHI,-6.537648,0.101683
4,brits,block,1,RHOB,,
4,brits,block,1,all,0.897325,4.243260
4,brits,block,2,GR,-0.144931,15.417008
4,brits,block,2,NPHI,0.366707,0.053050
4,brits,block,2,RHOB,-0.075761,0.133662
4,brits,block,2,all,0.878570,6.656797
4,brits,block,3,GR,-0.820146,25.124958
4,brits,block,3,NPHI,0.465651,0.054040
4,brits,block,3,RHOB,-0.192622,0.122112
4,brits,block,3,all,0.491568,9.812198
4,brits,block,4,GR,0.187488,24.099586
4,brits,block,4,NPHI,0.454791,0.067751
4,brits,block,4,RHOB,0.536068,0.087348
4,brits,block,4,all,0.735733,10.330739
4,brits,block,5,GR,-0.464512,24.190155
4,brits,block,5,NPHI,0.587032,0.053147
4,brits,block,5,RHOB,0.033129,0.115403
4,brits,block,5,all,0.507800,8.254180
4,brits,block,6,GR,-2.807006,12.624207
4,brits,block,6,NPHI,-6.261663,0.093382
4,brits,block,6,RHOB,-6.154693,0.112751
4,brits,block,6,all,0.802766,6.186977
4,brits,block,7,GR,-18.727551,39.445763
4,brits,block,7,NPHI,-2.673611,0.071943
4,brits,block,7,RHOB,-2.058939,0.106616
4,brits,block,7,all,-8.699824,18.614058
4,brits,block,8,GR,-1.952749,61.148285
4,brits,block,8,NPHI,0.247772,0.060017
4,brits,block,8,RHOB,-1.214567,0.133980
4,brits,block,8,all,0.366397,36.734348
4,brits,block,9,GR,-0.132859,25.511324
4,brits,block,9,NPHI,-1.251526,0.099803
4,brits,block,9,RHOB,-0.605687,0.142961
4,brits,block,9,all,0.576551,11.176552
4,brits,block,10,GR,0.202492,36.242519
4,brits,block,10,NPHI,0.520222,0.053767
4,brits,block,10,RHOB,0.180577,0.060873
4,brits,block,10,all,0.550133,16.792486
4,brits,block,11,GR,-27.117571,37.849018
4,brits,block,11,NPHI,-1.536436,0.049570
4,brits,block,11,RHOB,0.417372,0.053594
4,brits,block,11,all,-12.975876,20.840576
4,brits,block,12,GR,-0.554095,22.933470
4,brits,block,12,NPHI,0.368629,0.062301
4,brits,block,12,RHOB,-0.294924,0.131209
4,brits,block,12,all,0.532157,9.863643
4,brits,block,13,GR,0.068027,25.396030
4,brits,block,13,NPHI,0.544589,0.049299
4,brits,block,13,RHOB,-1.574459,0.102576
4,brits,block,13,all,0.758885,11.891625
4,brits,block,14,GR,-2.493851,25.555624
4,brits,block,14,NPHI,-0.447535,0.046922
4,brits,block,14,RHOB,-1.324276,0.087020
4,brits,block,14,all,-0.421284,15.363726
4,brits,block,15,GR,0.009479,20.755632
4,brits,block,15,NPHI,0.050553,0.053901
4,brits,block,15,RHOB,0.011183,0.106959
4,brits,block,15,all,0.673132,9.217974
4,brits,block,16,GR,,
4,brits,block,16,NPHI,-5.743711,0.075858
4,brits,block,16,RHOB,,
4,brits,block,16,all,-5.743711,0.075858
4,brits,block,17,GR,0.214032,27.555614
4,brits,block,17,NPHI,0.404379,0.053257
4,brits,block,17,RHOB,-0.117641,0.085722
4,brits,block,17,all,0.627176,9.770592
4,brits,block,18,GR,-0.956056,37.271519
4,brits,block,18,NPHI,0.485687,0.063943
4,brits,block,18,RHOB,0.188389,0.073596
4,brits,block,18,all,0.602185,19.764719
4,brits,profile,0,GR,-0.010965,39.473705
4,brits,profile,0,NPHI,0.398759,0.054260
4,brits,profile,0,RHOB,-0.225562,0.120038
4,brits,profile,0,all,0.483931,14.001830
4,brits,profile,1,GR,,
4,brits,profile,1,NPHI,,
4,brits,profile,1,RHOB,0.124546,0.074205
4,brits,profile,1,all,0.124546,0.074205
4,brits,profile,2,GR,-1.056940,23.663631
4,brits,profile,2,NPHI,0.088884,0.048577
4,brits,profile,2,RHOB,-0.138666,0.136112
4,brits,profile,2,all,0.803446,8.794931
4,brits,profile,3,GR,-1.803075,34.977966
4,brits,profile,3,NPHI,0.231672,0.071556
4,brits,profile,3,RHOB,-1.016856,0.163339
4,brits,profile,3,all,-0.192626,13.455918
4,brits,profile,4,GR,-0.100387,30.488791
4,brits,profile,4,NPHI,0.411722,0.068765
4,brits,profile,4,RHOB,-0.244039,0.121666
4,brits,profile,4,all,0.646036,10.955731
4,brits,profile,5,GR,-0.843796,27.211596
4,brits,profile,5,NPHI,0.273962,0.077431
4,brits,profile,5,RHOB,-0.812149,0.163576
4,brits,profile,5,all,0.350151,9.631011
4,brits,profile,6,GR,-3.566785,14.837331
4,brits,profile,6,NPHI,-8.631577,0.119517
4,brits,profile,6,RHOB,-7.503615,0.158078
4,brits,profile,6,all,0.807205,5.488976
4,brits,profile,7,GR,-21.269920,42.173347
4,brits,profile,7,NPHI,-4.100425,0.100930
4,brits,profile,7,RHOB,-0.933912,0.114639
4,brits,profile,7,all,-7.576651,16.935383
4,brits,profile,8,GR,-1.955402,71.472328
4,brits,profile,8,NPHI,-0.687780,0.073232
4,brits,profile,8,RHOB,-0.202253,0.148621
4,brits,profile,8,all,0.351179,33.055656
4,brits,profile,9,GR,-0.113084,31.392975
4,brits,profile,9,NPHI,0.113646,0.063738
4,brits,profile,9,RHOB,-0.513784,0.141415
4,brits,profile,9,all,0.510477,12.286168
4,brits,profile,10,GR,0.060036,33.770725
4,brits,profile,10,NPHI,0.316886,0.049207
4,brits,profile,10,RHOB,-0.224461,0.117994
4,brits,profile,10,all,0.567981,12.732036
4,brits,profile,11,GR,-19.408936,43.677250
4,brits,profile,11,NPHI,-1.092016,0.087885
4,brits,profile,11,RHOB,-0.093562,0.081789
4,brits,profile,11,all,-10.031065,18.247580
4,brits,profile,12,GR,-0.906811,26.378006
4,brits,profile,12,NPHI,0.082825,0.075041
4,brits,profile,12,RHOB,-1.364613,0.202656
4,brits,profile,12,all,0.371991,9.653535
4,brits,profile,13,GR,-0.199644,30.467108
4,brits,profile,13,NPHI,0.019405,0.084016
4,brits,profile,13,RHOB,-0.907785,0.121503
4,brits,profile,13,all,0.659914,9.823849
4,brits,profile,14,GR,-4.857604,30.505293
4,brits,profile,14,NPHI,-7.168223,0.102947
4,brits,profile,14,RHOB,-1.905911,0.141487
4,brits,profile,14,all,-0.875470,14.149621
4,brits,profile,15,GR,-0.212125,25.693075
4,brits,profile,15,NPHI,0.242510,0.067781
4,brits,profile,15,RHOB,-1.138126,0.113750
4,brits,profile,15,all,0.538208,8.635084
4,brits,profile,16,GR,,
4,brits,profile,16,NPHI,,
4,brits,profile,16,RHOB,-1.376709,0.080422
4,brits,profile,16,all,-1.376709,0.080422
4,brits,profile,17,GR,0.080489,31.221138
4,brits,profile,17,NPHI,0.115617,0.067857
4,brits,profile,17,RHOB,-0.394685,0.099100
4,brits,profile,17,all,0.600977,10.989152
4,brits,profile,18,GR,-1.008252,38.041988
4,brits,profile,18,NPHI,-0.440394,0.062506
4,brits,profile,18,RHOB,-0.317729,0.115773
4,brits,profile,18,all,0.633354,15.279156
4,brits,single,0,GR,0.991356,2.795339
4,brits,single,0,NPHI,0.988968,0.004953
4,brits,single,0,RHOB,0.974425,0.013976
4,brits,single,0,all,0.997330,0.991388
4,brits,single,1,GR,,
4,brits,single,1,NPHI,,
4,brits,single,1,RHOB,0.988654,0.007612
4,brits,single,1,all,0.988654,0.007612
4,brits,single,2,GR,0.983917,1.970698
4,brits,single,2,NPHI,0.980408,0.008369
4,brits,single,2,RHOB,0.968890,0.014986
4,brits,single,2,all,0.998698,0.629445
4,brits,single,3,GR,0.987516,1.630391
4,brits,single,3,NPHI,0.996917,0.003312
4,brits,single,3,RHOB,0.997668,0.004299
4,brits,single,3,all,0.995506,0.553880
4,brits,single,4,GR,0.994370,1.055278
4,brits,single,4,NPHI,0.989620,0.004951
4,brits,single,4,RHOB,0.992023,0.008544
4,brits,single,4,all,0.998410,0.324762
4,brits,single,5,GR,0.992156,0.866430
4,brits,single,5,NPHI,0.995458,0.003559
4,brits,single,5,RHOB,0.998730,0.003038
4,brits,single,5,all,0.997320,0.291025
4,brits,single,6,GR,0.995581,0.700569
4,brits,single,6,NPHI,0.988111,0.003293
4,brits,single,6,RHOB,0.997624,0.002871
4,brits,single,6,all,0.999708,0.193344
4,brits,single,7,GR,0.824079,1.474793
4,brits,single,7,NPHI,0.994090,0.002881
4,brits,single,7,RHOB,0.985824,0.006285
4,brits,single,7,all,0.964121,0.298285
4,brits,single,8,GR,0.991871,3.788816
4,brits,single,8,NPHI,0.992076,0.003979
4,brits,single,8,RHOB,0.997237,0.007463
4,brits,single,8,all,0.998512,1.169348
4,brits,single,9,GR,0.997565,1.817153
4,brits,single,9,NPHI,0.977846,0.004292
4,brits,single,9,RHOB,0.997240,0.004485
4,brits,single,9,all,0.998765,0.608622
4,brits,single,10,GR,0.967765,2.646160
4,brits,single,10,NPHI,0.980718,0.008751
4,brits,single,10,RHOB,0.988608,0.009949
4,brits,single,10,all,0.986334,0.778345
4,brits,single,11,GR,0.996935,0.430308
4,brits,single,11,NPHI,0.998921,0.001860
4,brits,single,11,RHOB,0.999543,0.001409
4,brits,single,11,all,0.999131,0.108859
4,brits,single,12,GR,0.985899,1.247077
4,brits,single,12,NPHI,0.992609,0.003146
4,brits,single,12,RHOB,0.999063,0.003300
4,brits,single,12,all,0.996572,0.389233
4,brits,single,13,GR,0.991316,1.163658
4,brits,single,13,NPHI,0.995752,0.003889
4,brits,single,13,RHOB,0.994661,0.006015
4,brits,single,13,all,0.998093,0.398763
4,brits,single,14,GR,0.997028,0.547428
4,brits,single,14,NPHI,0.998730,0.001080
4,brits,single,14,RHOB,0.999411,0.001989
4,brits,single,14,all,0.999537,0.169397
4,brits,single,15,GR,0.975690,1.297632
4,brits,single,15,NPHI,0.998197,0.002551
4,brits,single,15,RHOB,0.994508,0.004166
4,brits,single,15,all,0.990256,0.434723
4,brits,single,16,GR,,
4,brits,single,16,NPHI,,
4,brits,single,16,RHOB,0.913874,0.017309
4,brits,single,16,all,0.913874,0.017309
4,brits,single,17,GR,0.988639,2.481244
4,brits,single,17,NPHI,0.986169,0.006081
4,brits,single,17,RHOB,0.995637,0.005140
4,brits,single,17,all,0.995597,0.915576
4,brits,single,18,GR,0.994409,2.284204
4,brits,single,18,NPHI,0.995798,0.004107
4,brits,single,18,RHOB,0.994352,0.007543
4,brits,single,18,all,0.999091,0.764827
4,gnn,blackout,0,GR,0.343265,26.742883
4,gnn,blackout,0,NPHI,-0.040275,0.066385
4,gnn,blackout,0,RHOB,0.100576,0.095533
4,gnn,blackout,0,all,0.729200,8.810172
4,gnn,blackout,1,GR,0.089349,19.894516
4,gnn,blackout,1,NPHI,-0.781737,0.045031
4,gnn,blackout,1,RHOB,-0.545682,0.086523
4,gnn,blackout,1,all,0.897324,9.979536
4,gnn,blackout,2,GR,-2.930704,31.556382
4,gnn,blackout,2,NPHI,-0.500413,0.076624
4,gnn,blackout,2,RHOB,0.023887,0.110118
4,gnn,blackout,2,all,0.693830,11.068672
4,gnn,blackout,3,GR,-0.682419,25.346694
4,gnn,blackout,3,NPHI,-0.926495,0.111139
4,gnn,blackout,3,RHOB,-0.104393,0.121198
4,gnn,blackout,3,all,0.393177,8.760043
4,gnn,blackout,4,GR,-0.249418,29.934893
4,gnn,blackout,4,NPHI,-0.236885,0.089432
4,gnn,blackout,4,RHOB,0.018901,0.109470
4,gnn,blackout,4,all,0.643581,10.366502
4,gnn,blackout,5,GR,-0.430112,21.542691
4,gnn,blackout,5,NPHI,0.052131,0.076687
4,gnn,blackout,5,RHOB,-0.496468,0.152402
4,gnn,blackout,5,all,0.498880,7.510334
4,gnn,blackout,6,GR,-4.424161,14.952073
4,gnn,blackout,6,NPHI,-8.477175,0.117712
4,gnn,blackout,6,RHOB,-0.019687,0.055054
4,gnn,blackout,6,all,0.751620,5.428522
4,gnn,blackout,7,GR,-39.326605,62.603806
4,gnn,blackout,7,NPHI,-2.118576,0.084949
4,gnn,blackout,7,RHOB,0.109885,0.071510
4,gnn,blackout,7,all,-14.415738,21.950617
4,gnn,blackout,8,GR,-0.333595,42.755344
4,gnn,blackout,8,NPHI,-0.723064,0.067619
4,gnn,blackout,8,RHOB,-0.092071,0.094371
4,gnn,blackout,8,all,0.737836,13.386660
4,gnn,blackout,9,GR,0.371457,30.926685
4,gnn,blackout,9,NPHI,0.143177,0.080882
4,gnn,blackout,9,RHOB,0.157305,0.096514
4,gnn,blackout,9,all,0.749624,10.546487
4,gnn,blackout,10,GR,0.205670,27.268379
4,gnn,blackout,10,NPHI,0.127380,0.064198
4,gnn,blackout,10,RHOB,0.276211,0.076353
4,gnn,blackout,10,all,0.715743,10.081158
4,gnn,blackout,11,GR,-6.521935,19.133359
4,gnn,blackout,11,NPHI,-0.697938,0.080054
4,gnn,blackout,11,RHOB,0.038534,0.086700
4,gnn,blackout,11,all,-2.105856,6.283170
4,gnn,blackout,12,GR,-1.142748,25.483789
4,gnn,blackout,12,NPHI,-0.622656,0.102411
4,gnn,blackout,12,RHOB,-0.195191,0.140554
4,gnn,blackout,12,all,0.404406,8.579670
4,gnn,blackout,13,GR,-1.282899,39.513553
4,gnn,blackout,13,NPHI,-0.511266,0.106446
4,gnn,blackout,13,RHOB,-0.683616,0.103078
4,gnn,blackout,13,all,0.499373,13.660513
4,gnn,blackout,14,GR,-3.043707,16.798489
4,gnn,blackout,14,NPHI,-1.617043,0.070284
4,gnn,blackout,14,RHOB,0.017245,0.073715
4,gnn,blackout,14,all,0.142009,5.286896
4,gnn,blackout,15,GR,-0.147213,21.602992
4,gnn,blackout,15,NPHI,0.135214,0.074404
4,gnn,blackout,15,RHOB,0.267207,0.067820
4,gnn,blackout,15,all,0.507319,7.788360
4,gnn,blackout,16,GR,-179.043343,67.580056
4,gnn,blackout,16,NPHI,-15.672657,0.112360
4,gnn,blackout,16,RHOB,,
4,gnn,blackout,16,all,-38.223257,33.846208
4,gnn,blackout,17,GR,0.262850,23.170529
4,gnn,blackout,17,NPHI,-0.874891,0.090423
4,gnn,blackout,17,RHOB,0.033854,0.087652
4,gnn,blackout,17,all,0.680220,7.931890
4,gnn,blackout,18,GR,0.010081,24.182169
4,gnn,blackout,18,NPHI,-0.033573,0.072028
4,gnn,blackout,18,RHOB,-0.265303,0.101241
4,gnn,blackout,18,all,0.878796,7.776517
4,gnn,block,0,GR,0.455017,22.739532
4,gnn,block,0,NPHI,0.172199,0.063748
4,gnn,block,0,RHOB,0.166378,0.069710
4,gnn,block,0,all,0.748723,10.806478
4,gnn,block,1,GR,-2.143328,22.846204
4,gnn,block,1,NPHI,-0.548957,0.044871
4,gnn,block,1,RHOB,,
4,gnn,block,1,all,0.905767,3.845094
4,gnn,block,2,GR,-2.811080,24.779679
4,gnn,block,2,NPHI,-1.084825,0.097723
4,gnn,block,2,RHOB,0.543286,0.082102
4,gnn,block,2,all,0.595815,10.671985
4,gnn,block,3,GR,-0.365262,22.338068
4,gnn,block,3,NPHI,-0.294299,0.084394
4,gnn,block,3,RHOB,0.765497,0.054753
4,gnn,block,3,all,0.618637,8.715358
4,gnn,block,4,GR,0.639738,13.913466
4,gnn,block,4,NPHI,0.150696,0.075664
4,gnn,block,4,RHOB,0.163855,0.117860
4,gnn,block,4,all,0.882818,5.993879
4,gnn,block,5,GR,-0.156678,21.344596
4,gnn,block,5,NPHI,0.797693,0.036497
4,gnn,block,5,RHOB,0.424181,0.096052
4,gnn,block,5,all,0.611262,7.277899
4,gnn,block,6,GR,-11.384678,24.506613
4,gnn,block,6,NPHI,-4.674927,0.085998
4,gnn,block,6,RHOB,-0.224137,0.042641
4,gnn,block,6,all,0.358411,11.931336
4,gnn,block,7,GR,-35.018080,52.428593
4,gnn,block,7,NPHI,0.388510,0.027170
4,gnn,block,7,RHOB,0.247948,0.047638
4,gnn,block,7,all,-16.709581,24.694489
4,gnn,block,8,GR,-0.147130,39.696312
4,gnn,block,8,NPHI,-0.002433,0.068801
4,gnn,block,8,RHOB,0.007634,0.085889
4,gnn,block,8,all,0.753848,23.850244
4,gnn,block,9,GR,0.563735,14.361928
4,gnn,block,9,NPHI,-0.108769,0.069228
4,gnn,block,9,RHOB,0.552284,0.075858
4,gnn,block,9,all,0.836929,6.295072
4,gnn,block,10,GR,0.609704,22.934655
4,gnn,block,10,NPHI,0.583130,0.049214
4,gnn,block,10,RHOB,0.594702,0.048260
4,gnn,block,10,all,0.779837,10.633540
4,gnn,block,11,GR,-1.178584,9.187886
4,gnn,block,11,NPHI,0.372471,0.024193
4,gnn,block,11,RHOB,0.674657,0.044164
4,gnn,block,11,all,-0.082880,5.070715
4,gnn,block,12,GR,-0.817272,25.086328
4,gnn,block,12,NPHI,0.349823,0.068388
4,gnn,block,12,RHOB,0.659107,0.071674
4,gnn,block,12,all,0.452943,10.769743
4,gnn,block,13,GR,-0.164676,30.223735
4,gnn,block,13,NPHI,0.416057,0.050841
4,gnn,block,13,RHOB,-0.297627,0.074043
4,gnn,block,13,all,0.698683,14.137557
4,gnn,block,14,GR,0.219700,10.419201
4,gnn,block,14,NPHI,0.855521,0.014489
4,gnn,block,14,RHOB,0.409012,0.041781
4,gnn,block,14,all,0.682577,6.265200
4,gnn,block,15,GR,0.574570,14.059688
4,gnn,block,15,NPHI,0.580864,0.028609
4,gnn,block,15,RHOB,0.560538,0.067334
4,gnn,block,15,all,0.859610,6.240383
4,gnn,block,16,GR,,
4,gnn,block,16,NPHI,-3.296340,0.064445
4,gnn,block,16,RHOB,,
4,gnn,block,16,all,-3.296340,0.064445
4,gnn,block,17,GR,0.285029,25.034597
4,gnn,block,17,NPHI,-0.096313,0.068812
4,gnn,block,17,RHOB,0.430645,0.062916
4,gnn,block,17,all,0.660853,8.878337
4,gnn,block,18,GR,0.018680,24.377069
4,gnn,block,18,NPHI,0.533011,0.056347
4,gnn,block,18,RHOB,-1.687763,0.127462
4,gnn,block,18,all,0.800421,12.951545
4,gnn,profile,0,GR,0.543552,20.824302
4,gnn,profile,0,NPHI,0.440202,0.048492
4,gnn,profile,0,RHOB,0.192021,0.091270
4,gnn,profile,0,all,0.766994,7.403778
4,gnn,profile,1,GR,,
4,gnn,profile,1,NPHI,,
4,gnn,profile,1,RHOB,-0.356870,0.083281
4,gnn,profile,1,all,-0.356870,0.083281
4,gnn,profile,2,GR,-1.028480,19.288716
4,gnn,profile,2,NPHI,0.148113,0.061363
4,gnn,profile,2,RHOB,0.211866,0.114880
4,gnn,profile,2,all,0.806170,7.173291
4,gnn,profile,3,GR,-0.282500,22.176225
4,gnn,profile,3,NPHI,0.362903,0.065670
4,gnn,profile,3,RHOB,0.735347,0.059172
4,gnn,profile,3,all,0.454344,8.517030
4,gnn,profile,4,GR,0.015284,24.395950
4,gnn,profile,4,NPHI,0.010345,0.084357
4,gnn,profile,4,RHOB,0.278652,0.079794
4,gnn,profile,4,all,0.683246,8.765113
4,gnn,profile,5,GR,-0.049264,19.306700
4,gnn,profile,5,NPHI,0.796921,0.037697
4,gnn,profile,5,RHOB,0.358946,0.098303
4,gnn,profile,5,all,0.630191,6.821860
4,gnn,profile,6,GR,-9.811575,22.999280
4,gnn,profile,6,NPHI,-5.413608,0.097550
4,gnn,profile,6,RHOB,0.127647,0.042734
4,gnn,profile,6,all,0.543639,8.400535
4,gnn,profile,7,GR,-34.005228,51.538999
4,gnn,profile,7,NPHI,0.632713,0.021823
4,gnn,profile,7,RHOB,0.374075,0.064091
4,gnn,profile,7,all,-12.481165,20.645601
4,gnn,profile,8,GR,-0.028012,42.302338
4,gnn,profile,8,NPHI,-0.503725,0.061011
4,gnn,profile,8,RHOB,-0.061992,0.121762
4,gnn,profile,8,all,0.774311,19.580374
4,gnn,profile,9,GR,0.480028,18.296205
4,gnn,profile,9,NPHI,0.702317,0.034222
4,gnn,profile,9,RHOB,0.560460,0.074010
4,gnn,profile,9,all,0.771324,7.155998
4,gnn,profile,10,GR,0.512370,21.252681
4,gnn,profile,10,NPHI,0.708077,0.032309
4,gnn,profile,10,RHOB,0.522904,0.063435
4,gnn,profile,10,all,0.775881,8.006808
4,gnn,profile,11,GR,-1.029368,11.546252
4,gnn,profile,11,NPHI,0.580334,0.041010
4,gnn,profile,11,RHOB,0.843222,0.031016
4,gnn,profile,11,all,-0.096882,4.830697
4,gnn,profile,12,GR,-0.559156,23.380241
4,gnn,profile,12,NPHI,0.339819,0.065983
4,gnn,profile,12,RHOB,0.689697,0.070348
4,gnn,profile,12,all,0.486527,8.509234
4,gnn,profile,13,GR,-0.261626,33.507324
4,gnn,profile,13,NPHI,-0.879169,0.103078
4,gnn,profile,13,RHOB,-0.165103,0.089611
4,gnn,profile,13,all,0.642344,10.786242
4,gnn,profile,14,GR,0.212312,9.660164
4,gnn,profile,14,NPHI,0.598636,0.019124
4,gnn,profile,14,RHOB,0.552765,0.047700
4,gnn,profile,14,all,0.747800,4.479825
4,gnn,profile,15,GR,0.418437,17.602740
4,gnn,profile,15,NPHI,0.515967,0.051247
4,gnn,profile,15,RHOB,0.526413,0.047060
4,gnn,profile,15,all,0.778442,5.899418
4,gnn,profile,16,GR,,
4,gnn,profile,16,NPHI,,
4,gnn,profile,16,RHOB,-3.371504,0.126817
4,gnn,profile,16,all,-3.371504,0.126817
4,gnn,profile,17,GR,0.472393,22.081641
4,gnn,profile,17,NPHI,0.030248,0.066042
4,gnn,profile,17,RHOB,0.446959,0.064541
4,gnn,profile,17,all,0.771044,7.775614
4,gnn,profile,18,GR,-0.030498,25.306621
4,gnn,profile,18,NPHI,-0.794165,0.072036
4,gnn,profile,18,RHOB,-0.399348,0.121703
4,gnn,profile,18,all,0.811860,10.189048
4,gnn,single,0,GR,-0.024116,33.230823
4,gnn,single,0,NPHI,-0.275486,0.059575
4,gnn,single,0,RHOB,-0.378987,0.119830
4,gnn,single,0,all,0.683689,11.777708
4,gnn,single,1,GR,,
4,gnn,single,1,NPHI,,
4,gnn,single,1,RHOB,-0.110440,0.064201
4,gnn,single,1,all,-0.110440,0.064201
4,gnn,single,2,GR,-0.694978,20.189850
4,gnn,single,2,NPHI,-0.162764,0.070500
4,gnn,single,2,RHOB,-0.002771,0.108936
4,gnn,single,2,all,0.862831,6.432071
4,gnn,single,3,GR,-0.077431,21.483868
4,gnn,single,3,NPHI,0.340129,0.068522
4,gnn,single,3,RHOB,0.725551,0.059228
4,gnn,single,3,all,0.612131,7.309761
4,gnn,single,4,GR,0.639413,16.267790
4,gnn,single,4,NPHI,-0.021189,0.070787
4,gnn,single,4,RHOB,0.213805,0.097996
4,gnn,single,4,all,0.898191,4.995022
4,gnn,single,5,GR,-0.047517,17.654864
4,gnn,single,5,NPHI,0.709794,0.042743
4,gnn,single,5,RHOB,0.523658,0.079161
4,gnn,single,5,all,0.642099,5.924521
4,gnn,single,6,GR,-2.884847,18.880542
4,gnn,single,6,NPHI,-5.545390,0.098723
4,gnn,single,6,RHOB,0.227186,0.046878
4,gnn,single,6,all,0.743218,5.206898
4,gnn,single,7,GR,-210.847317,65.112660
4,gnn,single,7,NPHI,0.529674,0.032374
4,gnn,single,7,RHOB,0.737111,0.046231
4,gnn,single,7,all,-42.201950,13.052588
4,gnn,single,8,GR,-0.002137,43.094125
4,gnn,single,8,NPHI,-0.465114,0.060291
4,gnn,single,8,RHOB,-0.359809,0.154341
4,gnn,single,8,all,0.816535,13.323174
4,gnn,single,9,GR,0.723714,20.643329
4,gnn,single,9,NPHI,0.740960,0.043337
4,gnn,single,9,RHOB,0.587038,0.067996
4,gnn,single,9,all,0.859827,6.915481
4,gnn,single,10,GR,0.097491,23.109071
4,gnn,single,10,NPHI,0.654556,0.047649
4,gnn,single,10,RHOB,0.493981,0.061215
4,gnn,single,10,all,0.617381,6.777854
4,gnn,single,11,GR,-1.065906,12.189713
4,gnn,single,11,NPHI,0.665772,0.037166
4,gnn,single,11,RHOB,0.814385,0.034768
4,gnn,single,11,all,0.413902,3.074703
4,gnn,single,12,GR,-0.725892,23.583472
4,gnn,single,12,NPHI,0.531512,0.062758
4,gnn,single,12,RHOB,0.774862,0.050940
4,gnn,single,12,all,0.580470,7.359233
4,gnn,single,13,GR,-0.294763,29.739546
4,gnn,single,13,NPHI,-0.992132,0.083472
4,gnn,single,13,RHOB,0.256384,0.088375
4,gnn,single,13,all,0.715603,10.167812
4,gnn,single,14,GR,-0.087902,9.296805
4,gnn,single,14,NPHI,0.577911,0.024432
4,gnn,single,14,RHOB,0.722590,0.041561
4,gnn,single,14,all,0.830583,2.881423
4,gnn,single,15,GR,0.334824,16.967190
4,gnn,single,15,NPHI,0.287461,0.055121
4,gnn,single,15,RHOB,0.598781,0.048337
4,gnn,single,15,all,0.733378,5.690467
4,gnn,single,16,GR,,
4,gnn,single,16,NPHI,,
4,gnn,single,16,RHOB,-1.445513,0.087403
4,gnn,single,16,all,-1.445513,0.087403
4,gnn,single,17,GR,0.343945,25.970582
4,gnn,single,17,NPHI,-0.082121,0.075639
4,gnn,single,17,RHOB,0.422663,0.067838
4,gnn,single,17,all,0.745760,9.591363
4,gnn,single,18,GR,-0.406424,34.623797
4,gnn,single,18,NPHI,0.301794,0.064753
4,gnn,single,18,RHOB,-0.374580,0.121832
4,gnn,single,18,all,0.771261,11.595850
4,locf,blackout,0,GR,0.250836,28.438607
4,locf,blackout,0,NPHI,-0.193291,0.065729
4,locf,blackout,0,RHOB,-0.050690,0.099781
4,locf,blackout,0,all,0.691087,9.366695
4,locf,blackout,1,GR,-0.159333,22.105995
4,locf,blackout,1,NPHI,-2.381221,0.081645
4,locf,blackout,1,RHOB,-0.597615,0.077091
4,locf,blackout,1,all,0.869285,11.092748
4,locf,blackout,2,GR,-0.142188,15.579127
4,locf,blackout,2,NPHI,-0.842725,0.087313
4,locf,blackout,2,RHOB,-0.395086,0.124915
4,locf,blackout,2,all,0.911026,5.504361
4,locf,blackout,3,GR,0.136943,15.522853
4,locf,blackout,3,NPHI,0.206419,0.069764
4,locf,blackout,3,RHOB,0.081462,0.112650
4,locf,blackout,3,all,0.688705,5.376985
4,locf,blackout,4,GR,0.322057,19.217816
4,locf,blackout,4,NPHI,0.067460,0.071426
4,locf,blackout,4,RHOB,-0.222418,0.105355
4,locf,blackout,4,all,0.806599,6.670874
4,locf,blackout,5,GR,0.302848,12.128126
4,locf,blackout,5,NPHI,0.318618,0.060895
4,locf,blackout,5,RHOB,0.486814,0.080518
4,locf,blackout,5,all,0.755715,4.232637
4,locf,blackout,6,GR,-0.712674,8.353822
4,locf,blackout,6,NPHI,-0.771380,0.039187
4,locf,blackout,6,RHOB,-0.381196,0.062863
4,locf,blackout,6,all,0.921572,3.036611
4,locf,blackout,7,GR,-7.378303,18.166435
4,locf,blackout,7,NPHI,-1.455454,0.064890
4,locf,blackout,7,RHOB,-0.397458,0.084396
4,locf,blackout,7,all,-2.202848,6.403827
4,locf,blackout,8,GR,0.100014,32.270828
4,locf,blackout,8,NPHI,-0.227057,0.046906
4,locf,blackout,8,RHOB,0.264118,0.065580
4,locf,blackout,8,all,0.823077,10.100528
4,locf,blackout,9,GR,0.173117,29.721921
4,locf,blackout,9,NPHI,0.469399,0.058861
4,locf,blackout,9,RHOB,0.104155,0.081347
4,locf,blackout,9,all,0.670618,10.125807
4,locf,blackout,10,GR,0.399610,21.427285
4,locf,blackout,10,NPHI,-0.432770,0.082379
4,locf,blackout,10,RHOB,-0.533577,0.108181
4,locf,blackout,10,all,0.785141,7.947315
4,locf,blackout,11,GR,-2.228951,10.247040
4,locf,blackout,11,NPHI,-0.924305,0.072928
4,locf,blackout,11,RHOB,-1.172039,0.118358
4,locf,blackout,11,all,-0.333424,3.400624
4,locf,blackout,12,GR,0.015245,14.857348
4,locf,blackout,12,NPHI,0.260816,0.069150
4,locf,blackout,12,RHOB,0.125738,0.122723
4,locf,blackout,12,all,0.726273,5.018086
4,locf,blackout,13,GR,0.352790,18.782189
4,locf,blackout,13,NPHI,0.282620,0.065324
4,locf,blackout,13,RHOB,-0.114264,0.064439
4,locf,blackout,13,all,0.858069,6.503207
4,locf,blackout,14,GR,0.265856,6.745866
4,locf,blackout,14,NPHI,0.098728,0.035291
4,locf,blackout,14,RHOB,-0.501262,0.072231
4,locf,blackout,14,all,0.844203,2.141931
4,locf,blackout,15,GR,0.649560,10.396291
4,locf,blackout,15,NPHI,0.453698,0.050129
4,locf,blackout,15,RHOB,0.098763,0.072602
4,locf,blackout,15,all,0.849494,3.765590
4,locf,blackout,16,GR,-0.672664,5.737064
4,locf,blackout,16,NPHI,-3.451632,0.052540
4,locf,blackout,16,RHOB,,
4,locf,blackout,16,all,0.635575,2.894802
4,locf,blackout,17,GR,0.420938,17.913855
4,locf,blackout,17,NPHI,0.177364,0.050668
4,locf,blackout,17,RHOB,0.659069,0.039905
4,locf,blackout,17,all,0.748802,6.116944
4,locf,blackout,18,GR,-0.424687,27.642181
4,locf,blackout,18,NPHI,-0.255279,0.073333
4,locf,blackout,18,RHOB,-0.724018,0.113658
4,locf,blackout,18,all,0.825564,8.885670
4,locf,block,0,GR,-0.085807,33.333749
4,locf,block,0,NPHI,0.165021,0.064045
4,locf,block,0,RHOB,0.053293,0.070243
4,locf,block,0,all,0.499366,15.825009
4,locf,block,1,GR,-0.028579,12.956635
4,locf,block,1,NPHI,-7.639395,0.108603
4,locf,block,1,RHOB,,
4,locf,block,1,all,0.969156,2.249942
4,locf,block,2,GR,0.471224,10.392085
4,locf,block,2,NPHI,-1.452868,0.097117
4,locf,block,2,RHOB,-0.065202,0.115188
4,locf,block,2,all,0.943913,4.513549
4,locf,block,3,GR,-0.741234,22.382440
4,locf,block,3,NPHI,0.127689,0.064992
4,locf,block,3,RHOB,0.456048,0.082043
4,locf,block,3,all,0.513616,8.736614
4,locf,block,4,GR,0.796124,9.784920
4,locf,block,4,NPHI,0.771346,0.042183
4,locf,block,4,RHOB,0.803033,0.067558
4,locf,block,4,all,0.933689,4.207786
4,locf,block,5,GR,0.726382,8.100922
4,locf,block,5,NPHI,0.544634,0.047421
4,locf,block,5,RHOB,0.714428,0.055877
4,locf,block,5,all,0.908038,2.779615
4,locf,block,6,GR,0.090913,5.075022
4,locf,block,6,NPHI,-2.262153,0.058930
4,locf,block,6,RHOB,0.081762,0.032527
4,locf,block,6,all,0.952902,2.485511
4,locf,block,7,GR,-0.006083,6.900156
4,locf,block,7,NPHI,-1.481323,0.052346
4,locf,block,7,RHOB,0.461752,0.037854
4,locf,block,7,all,0.505304,3.269304
4,locf,block,8,GR,0.709678,18.066671
4,locf,block,8,NPHI,-1.667646,0.107363
4,locf,block,8,RHOB,0.632108,0.046444
4,locf,block,8,all,0.937702,10.865349
4,locf,block,9,GR,0.673194,12.020360
4,locf,block,9,NPHI,-0.812809,0.085122
4,locf,block,9,RHOB,0.222813,0.073608
4,locf,block,9,all,0.877840,5.279940
4,locf,block,10,GR,0.274632,21.673704
4,locf,block,10,NPHI,-0.200524,0.074907
4,locf,block,10,RHOB,-3.198991,0.100763
4,locf,block,10,all,0.590821,10.069522
4,locf,block,11,GR,-1.228319,7.942174
4,locf,block,11,NPHI,-0.584737,0.034603
4,locf,block,11,RHOB,-0.315831,0.071584
4,locf,block,11,all,-0.107640,4.395786
4,locf,block,12,GR,-0.181279,17.386274
4,locf,block,12,NPHI,0.286079,0.063934
4,locf,block,12,RHOB,0.490940,0.085462
4,locf,block,12,all,0.644393,7.478852
4,locf,block,13,GR,0.569902,14.800518
4,locf,block,13,NPHI,-0.710405,0.092812
4,locf,block,13,RHOB,0.138182,0.044920
4,locf,block,13,all,0.888726,6.943956
4,locf,block,14,GR,0.566031,7.010074
4,locf,block,14,NPHI,-2.408429,0.071088
4,locf,block,14,RHOB,0.112213,0.042146
4,locf,block,14,all,0.823459,4.226119
4,locf,block,15,GR,0.712996,10.833857
4,locf,block,15,NPHI,0.164818,0.044067
4,locf,block,15,RHOB,0.211128,0.085328
4,locf,block,15,all,0.905287,4.823411
4,locf,block,16,GR,,
4,locf,block,16,NPHI,-0.157476,0.024675
4,locf,block,16,RHOB,,
4,locf,block,16,all,-0.157476,0.024675
4,locf,block,17,GR,0.680008,12.230366
4,locf,block,17,NPHI,0.612424,0.036544
4,locf,block,17,RHOB,0.622029,0.038939
4,locf,block,17,all,0.848211,4.341029
4,locf,block,18,GR,-0.129195,23.531236
4,locf,block,18,NPHI,0.586465,0.049447
4,locf,block,18,RHOB,-0.139326,0.078915
4,locf,block,18,all,0.770348,12.489071
4,locf,profile,0,GR,-0.003063,38.432046
4,locf,profile,0,NPHI,-0.039488,0.070828
4,locf,profile,0,RHOB,-0.051683,0.110211
4,locf,profile,0,all,0.487965,13.630931
4,locf,profile,1,GR,,
4,locf,profile,1,NPHI,,
4,locf,profile,1,RHOB,-0.055163,0.082601
4,locf,profile,1,all,-0.055163,0.082601
4,locf,profile,2,GR,-1.933668,29.137337
4,locf,profile,2,NPHI,-0.646274,0.063634
4,locf,profile,2,RHOB,-0.001257,0.134485
4,locf,profile,2,all,0.719676,10.812288
4,locf,profile,3,GR,-0.535712,25.901326
4,locf,profile,3,NPHI,-0.187935,0.089443
4,locf,profile,3,RHOB,-0.817109,0.154144
4,locf,profile,3,all,0.346584,9.985334
4,locf,profile,4,GR,-0.205794,32.003604
4,locf,profile,4,NPHI,-0.093111,0.089858
4,locf,profile,4,RHOB,-0.180072,0.121283
4,locf,profile,4,all,0.612130,11.501092
4,locf,profile,5,GR,-0.288148,23.590852
4,locf,profile,5,NPHI,-0.103731,0.096013
4,locf,profile,5,RHOB,-0.772089,0.159739
4,locf,profile,5,all,0.545980,8.364491
4,locf,profile,6,GR,-0.380908,7.799112
4,locf,profile,6,NPHI,-11.569672,0.135906
4,locf,profile,6,RHOB,-4.565081,0.127245
4,locf,profile,6,all,0.941688,2.918589
4,locf,profile,7,GR,-15.428261,35.981398
4,locf,profile,7,NPHI,-6.186159,0.119345
4,locf,profile,7,RHOB,-0.610368,0.102950
4,locf,profile,7,all,-5.326921,14.457609
4,locf,profile,8,GR,-2.454861,78.013101
4,locf,profile,8,NPHI,-0.260218,0.062094
4,locf,profile,8,RHOB,-0.259498,0.154066
4,locf,profile,8,all,0.241529,36.074856
4,locf,profile,9,GR,-0.001168,27.137113
4,locf,profile,9,NPHI,-0.593216,0.086282
4,locf,profile,9,RHOB,-0.158792,0.126794
4,locf,profile,9,all,0.559697,10.626306
4,locf,profile,10,GR,-0.004946,34.977642
4,locf,profile,10,NPHI,-0.029645,0.060103
4,locf,profile,10,RHOB,-0.010339,0.106006
4,locf,profile,10,all,0.538118,13.179044
4,locf,profile,11,GR,-15.411389,39.024489
4,locf,profile,11,NPHI,-1.490280,0.094264
4,locf,profile,11,RHOB,-0.061866,0.083169
4,locf,profile,11,all,-7.870402,16.310568
4,locf,profile,12,GR,-0.274864,21.651285
4,locf,profile,12,NPHI,-0.651302,0.100044
4,locf,profile,12,RHOB,-1.139364,0.191739
4,locf,profile,12,all,0.580108,7.942603
4,locf,profile,13,GR,-0.328146,31.206406
4,locf,profile,13,NPHI,-0.129600,0.089189
4,locf,profile,13,RHOB,-0.820895,0.121584
4,locf,profile,13,all,0.623486,10.061600
4,locf,profile,14,GR,-2.929499,24.076211
4,locf,profile,14,NPHI,-10.346757,0.120541
4,locf,profile,14,RHOB,-1.397784,0.129157
4,locf,profile,14,all,-0.258146,11.180318
4,locf,profile,15,GR,-0.076268,24.810482
4,locf,profile,15,NPHI,-0.007348,0.077883
4,locf,profile,15,RHOB,-0.752844,0.104041
4,locf,profile,15,all,0.589967,8.336615
4,locf,profile,16,GR,,
4,locf,profile,16,NPHI,,
4,locf,profile,16,RHOB,-1.016039,0.071716
4,locf,profile,16,all,-1.016039,0.071716
4,locf,profile,17,GR,-0.002108,31.983657
4,locf,profile,17,NPHI,-0.234406,0.080743
4,locf,profile,17,RHOB,-0.396222,0.098503
4,locf,profile,17,all,0.565134,11.259788
4,locf,profile,18,GR,-1.502189,42.884305
4,locf,profile,18,NPHI,-0.424952,0.063221
4,locf,profile,18,RHOB,-0.172981,0.112869
4,locf,profile,18,all,0.543178,17.214824
4,locf,single,0,GR,0.933914,6.413271
4,locf,single,0,NPHI,0.934943,0.010596
4,locf,single,0,RHOB,0.860204,0.035527
4,locf,single,0,all,0.979588,2.274763
4,locf,single,1,GR,,
4,locf,single,1,NPHI,,
4,locf,single,1,RHOB,0.966219,0.010967
4,locf,single,1,all,0.966219,0.010967
4,locf,single,2,GR,0.958165,2.644552
4,locf,single,2,NPHI,0.964847,0.012307
4,locf,single,2,RHOB,0.947517,0.022090
4,locf,single,2,all,0.996614,0.845602
4,locf,single,3,GR,0.964990,2.655874
4,locf,single,3,NPHI,0.978222,0.010215
4,locf,single,3,RHOB,0.961837,0.018105
4,locf,single,3,all,0.987396,0.906927
4,locf,single,4,GR,0.994430,1.828485
4,locf,single,4,NPHI,0.952319,0.011510
4,locf,single,4,RHOB,0.976268,0.017008
4,locf,single,4,all,0.998427,0.564565
4,locf,single,5,GR,0.967982,1.454840
4,locf,single,5,NPHI,0.976769,0.009800
4,locf,single,5,RHOB,0.986020,0.011634
4,locf,single,5,all,0.989060,0.492037
4,locf,single,6,GR,0.996560,0.488507
4,locf,single,6,NPHI,0.928274,0.006615
4,locf,single,6,RHOB,0.975416,0.007456
4,locf,single,6,all,0.999772,0.138270
4,locf,single,7,GR,0.843920,1.462654
4,locf,single,7,NPHI,0.976249,0.006467
4,locf,single,7,RHOB,0.894032,0.018040
4,locf,single,7,all,0.968149,0.301176
4,locf,single,8,GR,0.988755,3.490431
4,locf,single,8,NPHI,0.945098,0.008801
4,locf,single,8,RHOB,0.962821,0.022020
4,locf,single,8,all,0.997941,1.083122
4,locf,single,9,GR,0.994315,3.146560
4,locf,single,9,NPHI,0.908115,0.011262
4,locf,single,9,RHOB,0.978849,0.012875
4,locf,single,9,all,0.997116,1.056719
4,locf,single,10,GR,0.864899,5.924794
4,locf,single,10,NPHI,0.920148,0.016030
4,locf,single,10,RHOB,0.939531,0.020540
4,locf,single,10,all,0.942724,1.740735
4,locf,single,11,GR,0.990175,0.714907
4,locf,single,11,NPHI,0.986454,0.005299
4,locf,single,11,RHOB,0.988169,0.007631
4,locf,single,11,all,0.997212,0.183284
4,locf,single,12,GR,0.930911,2.464274
4,locf,single,12,NPHI,0.941879,0.013383
4,locf,single,12,RHOB,0.973961,0.017173
4,locf,single,12,all,0.983205,0.774984
4,locf,single,13,GR,0.987696,2.271666
4,locf,single,13,NPHI,0.977343,0.007211
4,locf,single,13,RHOB,0.984417,0.010606
4,locf,single,13,all,0.997297,0.778009
4,locf,single,14,GR,0.986176,1.000218
4,locf,single,14,NPHI,0.980409,0.005006
4,locf,single,14,RHOB,0.991009,0.005187
4,locf,single,14,all,0.997847,0.311267
4,locf,single,15,GR,0.870660,3.099393
4,locf,single,15,NPHI,0.973691,0.009598
4,locf,single,15,RHOB,0.965665,0.011205
4,locf,single,15,all,0.948158,1.040006
4,locf,single,16,GR,,
4,locf,single,16,NPHI,,
4,locf,single,16,RHOB,0.973992,0.007560
4,locf,single,16,all,0.973992,0.007560
4,locf,single,17,GR,0.973957,3.814304
4,locf,single,17,NPHI,0.969105,0.007660
4,locf,single,17,RHOB,0.991829,0.006526
4,locf,single,17,all,0.989908,1.406508
4,locf,single,18,GR,0.979842,4.035596
4,locf,single,18,NPHI,0.958983,0.012103
4,locf,single,18,RHOB,0.937338,0.022487
4,locf,single,18,all,0.996721,1.355344
4,mean,blackout,0,GR,-0.067254,38.523306
4,mean,blackout,0,NPHI,-0.305794,0.076207
4,mean,blackout,0,RHOB,-0.021170,0.103760
4,mean,blackout,0,all,0.559928,12.672581
4,mean,blackout,1,GR,-3.705491,47.826256
4,mean,blackout,1,NPHI,-1.387052,0.068315
4,mean,blackout,1,RHOB,-0.000477,0.074669
4,mean,blackout,1,all,0.469459,23.948780
4,mean,blackout,2,GR,-2.841777,33.911926
4,mean,blackout,2,NPHI,-0.212944,0.067126
4,mean,blackout,2,RHOB,-0.041195,0.121690
4,mean,blackout,2,all,0.700757,11.891709
4,mean,blackout,3,GR,-0.355654,23.799058
4,mean,blackout,3,NPHI,-0.185728,0.092026
4,mean,blackout,3,RHOB,-0.742958,0.160967
4,mean,blackout,3,all,0.511027,8.234933
4,mean,blackout,4,GR,-0.237170,29.903738
4,mean,blackout,4,NPHI,-0.007960,0.084279
4,mean,blackout,4,RHOB,-0.033452,0.122306
4,mean,blackout,4,all,0.647075,10.357972
4,mean,blackout,5,GR,-0.495691,23.813255
4,mean,blackout,5,NPHI,-0.276738,0.097589
4,mean,blackout,5,RHOB,-0.443288,0.149322
4,mean,blackout,5,all,0.475901,8.300380
4,mean,blackout,6,GR,-0.179758,7.645146
4,mean,blackout,6,NPHI,-11.122386,0.134069
4,mean,blackout,6,RHOB,-2.595233,0.119525
4,mean,blackout,6,all,0.945958,2.829146
4,mean,blackout,7,GR,-11.709203,35.462565
4,mean,blackout,7,NPHI,-4.090825,0.117461
4,mean,blackout,7,RHOB,-0.899130,0.113297
4,mean,blackout,7,all,-3.858466,12.480416
4,mean,blackout,8,GR,-1.970800,68.350297
4,mean,blackout,8,NPHI,-0.215676,0.053586
4,mean,blackout,8,RHOB,-1.665778,0.160334
4,mean,blackout,8,all,0.415988,21.388049
4,mean,blackout,9,GR,-0.255227,44.673940
4,mean,blackout,9,NPHI,-0.001864,0.090794
4,mean,blackout,9,RHOB,-0.542909,0.134961
4,mean,blackout,9,all,0.499989,15.224929
4,mean,blackout,10,GR,-0.109343,34.761506
4,mean,blackout,10,NPHI,-0.003363,0.073046
4,mean,blackout,10,RHOB,-0.003902,0.093499
4,mean,blackout,10,all,0.603013,12.847481
4,mean,blackout,11,GR,-25.483337,39.950428
4,mean,blackout,11,NPHI,-1.318964,0.085524
4,mean,blackout,11,RHOB,-0.037047,0.089548
4,mean,blackout,11,all,-9.934854,13.060577
4,mean,blackout,12,GR,-0.325585,19.967579
4,mean,blackout,12,NPHI,-0.606683,0.106527
4,mean,blackout,12,RHOB,-0.972786,0.193444
4,mean,blackout,12,all,0.631516,6.757770
4,mean,blackout,13,GR,-0.590705,32.151387
4,mean,blackout,13,NPHI,-0.015043,0.093396
4,mean,blackout,13,RHOB,-1.359982,0.128122
4,mean,blackout,13,all,0.651166,11.131323
4,mean,blackout,14,GR,-6.721761,27.143702
4,mean,blackout,14,NPHI,-3.876754,0.099797
4,mean,blackout,14,RHOB,-1.613340,0.123381
4,mean,blackout,14,all,-0.638411,8.540402
4,mean,blackout,15,GR,-0.479766,25.703234
4,mean,blackout,15,NPHI,-0.036695,0.081645
4,mean,blackout,15,RHOB,-0.268284,0.101621
4,mean,blackout,15,all,0.364499,9.271182
4,mean,blackout,16,GR,-57.415960,38.445042
4,mean,blackout,16,NPHI,-12.882291,0.099195
4,mean,blackout,16,RHOB,,
4,mean,blackout,16,all,-11.726236,19.272118
4,mean,blackout,17,GR,-0.000001,31.351346
4,mean,blackout,17,NPHI,-0.200686,0.077914
4,mean,blackout,17,RHOB,-0.411110,0.106396
4,mean,blackout,17,all,0.566196,10.713325
4,mean,blackout,18,GR,-2.467774,48.129896
4,mean,blackout,18,NPHI,-0.277111,0.080141
4,mean,blackout,18,RHOB,-0.213715,0.107411
4,mean,blackout,18,all,0.575419,15.422977
4,mean,block,0,GR,-0.058024,36.775892
4,mean,block,0,NPHI,-0.084629,0.076134
4,mean,block,0,RHOB,-0.131991,0.090325
4,mean,block,0,all,0.512176,17.463964
4,mean,block,1,GR,-7.238228,39.383369
4,mean,block,1,NPHI,-1.884033,0.063400
4,mean,block,1,RHOB,,
4,mean,block,1,all,0.753030,6.616728
4,mean,block,2,GR,-1.152731,22.342737
4,mean,block,2,NPHI,-0.129308,0.064508
4,mean,block,2,RHOB,-0.034250,0.138669
4,mean,block,2,all,0.771688,9.629978
4,mean,block,3,GR,-0.068028,19.311767
4,mean,block,3,NPHI,-0.339448,0.088171
4,mean,block,3,RHOB,-0.674887,0.152258
4,mean,block,3,all,0.701648,7.574469
4,mean,block,4,GR,-0.111918,28.933733
4,mean,block,4,NPHI,-0.065316,0.095258
4,mean,block,4,RHOB,-0.001766,0.123769
4,mean,block,4,all,0.638348,12.412360
4,mean,block,5,GR,-0.196174,23.120882
4,mean,block,5,NPHI,-0.030263,0.087382
4,mean,block,5,RHOB,-0.433642,0.142044
4,mean,block,5,all,0.597972,7.911879
4,mean,block,6,GR,-0.328880,7.484975
4,mean,block,6,NPHI,-10.179004,0.118400
4,mean,block,6,RHOB,-7.361393,0.128757
4,mean,block,6,all,0.931141,3.700297
4,mean,block,7,GR,-16.934252,37.877160
4,mean,block,7,NPHI,-5.272232,0.094469
4,mean,block,7,RHOB,-2.892285,0.119460
4,mean,block,7,all,-7.818112,17.884114
4,mean,block,8,GR,-3.465102,78.407536
4,mean,block,8,NPHI,-0.000343,0.059269
4,mean,block,8,RHOB,-2.347328,0.166302
4,mean,block,8,all,0.041876,47.099150
4,mean,block,9,GR,-0.024726,22.027603
4,mean,block,9,NPHI,-4.464832,0.161774
4,mean,block,9,RHOB,-1.039132,0.168052
4,mean,block,9,all,0.616959,9.685509
4,mean,block,10,GR,-0.000700,40.569291
4,mean,block,10,NPHI,-0.062348,0.077691
4,mean,block,10,RHOB,-0.002713,0.067107
4,mean,block,10,all,0.435514,18.802939
4,mean,block,11,GR,-27.842198,39.636952
4,mean,block,11,NPHI,-2.979423,0.060088
4,mean,block,11,RHOB,-0.082195,0.076667
4,mean,block,11,all,-13.336074,21.832751
4,mean,block,12,GR,-0.154534,19.526209
4,mean,block,12,NPHI,-0.720535,0.109342
4,mean,block,12,RHOB,-0.990882,0.170188
4,mean,block,12,all,0.652424,8.431008
4,mean,block,13,GR,-0.504097,31.530322
4,mean,block,13,NPHI,-0.016183,0.074494
4,mean,block,13,RHOB,-2.343006,0.126494
4,mean,block,13,all,0.610869,14.767401
4,mean,block,14,GR,-1.780287,22.001333
4,mean,block,14,NPHI,-1.563210,0.058948
4,mean,block,14,RHOB,-2.433015,0.105129
4,mean,block,14,all,-0.131015,13.237720
4,mean,block,15,GR,-0.009188,22.105960
4,mean,block,15,NPHI,-0.918903,0.076099
4,mean,block,15,RHOB,-0.057131,0.114444
4,mean,block,15,all,0.666971,9.824093
4,mean,block,16,GR,,
4,mean,block,16,NPHI,-9.638563,0.097222
4,mean,block,16,RHOB,,
4,mean,block,16,all,-9.638563,0.097222
4,mean,block,17,GR,-0.012122,32.002337
4,mean,block,17,NPHI,-0.286493,0.080881
4,mean,block,17,RHOB,-0.402896,0.098208
4,mean,block,17,all,0.519898,11.352945
4,mean,block,18,GR,-1.869187,46.447492
4,mean,block,18,NPHI,-0.004613,0.091343
4,mean,block,18,RHOB,-0.423984,0.096817
4,mean,block,18,all,0.416475,24.634336
4,mean,profile,0,GR,-0.003063,38.432046
4,mean,profile,0,NPHI,-0.039488,0.070828
4,mean,profile,0,RHOB,-0.051683,0.110211
4,mean,profile,0,all,0.487965,13.630931
4,mean,profile,1,GR,,
4,mean,profile,1,NPHI,,
4,mean,profile,1,RHOB,-0.055163,0.082601
4,mean,profile,1,all,-0.055163,0.082601
4,mean,profile,2,GR,-1.933668,29.137337
4,mean,profile,2,NPHI,-0.646274,0.063634
4,mean,profile,2,RHOB,-0.001257,0.134485
4,mean,profile,2,all,0.719676,10.812288
4,mean,profile,3,GR,-0.535712,25.901326
4,mean,profile,3,NPHI,-0.187935,0.089443
4,mean,profile,3,RHOB,-0.817109,0.154144
4,mean,profile,3,all,0.346584,9.985334
4,mean,profile,4,GR,-0.205794,32.003604
4,mean,profile,4,NPHI,-0.093111,0.089858
4,mean,profile,4,RHOB,-0.180072,0.121283
4,mean,profile,4,all,0.612130,11.501092
4,mean,profile,5,GR,-0.288148,23.590852
4,mean,profile,5,NPHI,-0.103731,0.096013
4,mean,profile,5,RHOB,-0.772089,0.159739
4,mean,profile,5,all,0.545980,8.364491
4,mean,profile,6,GR,-0.380908,7.799112
4,mean,profile,6,NPHI,-11.569672,0.135906
4,mean,profile,6,RHOB,-4.565081,0.127245
4,mean,profile,6,all,0.941688,2.918589
4,mean,profile,7,GR,-15.428261,35.981398
4,mean,profile,7,NPHI,-6.186159,0.119345
4,mean,profile,7,RHOB,-0.610368,0.102950
4,mean,profile,7,all,-5.326921,14.457609
4,mean,profile,8,GR,-2.454861,78.013101
4,mean,profile,8,NPHI,-0.260218,0.062094
4,mean,profile,8,RHOB,-0.259498,0.154066
4,mean,profile,8,all,0.241529,36.074856
4,mean,profile,9,GR,-0.001168,27.137113
4,mean,profile,9,NPHI,-0.593216,0.086282
4,mean,profile,9,RHOB,-0.158792,0.126794
4,mean,profile,9,all,0.559697,10.626306
4,mean,profile,10,GR,-0.004946,34.977642
4,mean,profile,10,NPHI,-0.029645,0.060103
4,mean,profile,10,RHOB,-0.010339,0.106006
4,mean,profile,10,all,0.538118,13.179044
4,mean,profile,11,GR,-15.411389,39.024489
4,mean,profile,11,NPHI,-1.490280,0.094264
4,mean,profile,11,RHOB,-0.061866,0.083169
4,mean,profile,11,all,-7.870402,16.310568
4,mean,profile,12,GR,-0.274864,21.651285
4,mean,profile,12,NPHI,-0.651302,0.100044
4,mean,profile,12,RHOB,-1.139364,0.191739
4,mean,profile,12,all,0.580108,7.942603
4,mean,profile,13,GR,-0.328146,31.206406
4,mean,profile,13,NPHI,-0.129600,0.089189
4,mean,profile,13,RHOB,-0.820895,0.121584
4,mean,profile,13,all,0.623486,10.061600
4,mean,profile,14,GR,-2.929499,24.076211
4,mean,profile,14,NPHI,-10.346757,0.120541
4,mean,profile,14,RHOB,-1.397784,0.129157
4,mean,profile,14,all,-0.258146,11.180318
4,mean,profile,15,GR,-0.076268,24.810482
4,mean,profile,15,NPHI,-0.007348,0.077883
4,mean,profile,15,RHOB,-0.752844,0.104041
4,mean,profile,15,all,0.589967,8.336615
4,mean,profile,16,GR,,
4,mean,profile,16,NPHI,,
4,mean,profile,16,RHOB,-1.016039,0.071716
4,mean,profile,16,all,-1.016039,0.071716
4,mean,profile,17,GR,-0.002108,31.983657
4,mean,profile,17,NPHI,-0.234406,0.080743
4,mean,profile,17,RHOB,-0.396222,0.098503
4,mean,profile,17,all,0.565134,11.259788
4,mean,profile,18,GR,-1.502189,42.884305
4,mean,profile,18,NPHI,-0.424952,0.063221
4,mean,profile,18,RHOB,-0.172981,0.112869
4,mean,profile,18,all,0.543178,17.214824
4,mean,single,0,GR,-0.319277,39.056597
4,mean,single,0,NPHI,-0.687193,0.071675
4,mean,single,0,RHOB,-0.223906,0.116488
4,mean,single,0,all,0.592526,13.838967
4,mean,single,1,GR,,
4,mean,single,1,NPHI,,
4,mean,single,1,RHOB,-0.408551,0.086340
4,mean,single,1,all,-0.408551,0.086340
4,mean,single,2,GR,-2.306265,30.430422
4,mean,single,2,NPHI,-0.241382,0.069114
4,mean,single,2,RHOB,-0.229307,0.116150
4,mean,single,2,all,0.732439,9.666798
4,mean,single,3,GR,-0.212644,24.061900
4,mean,single,3,NPHI,-0.141316,0.096678
4,mean,single,3,RHOB,-0.778037,0.146323
4,mean,single,3,all,0.563440,8.214243
4,mean,single,4,GR,-0.236916,34.042763
4,mean,single,4,NPHI,-0.090913,0.077056
4,mean,single,4,RHOB,-0.024248,0.131323
4,mean,single,4,all,0.650786,10.402610
4,mean,single,5,GR,-0.509416,23.373411
4,mean,single,5,NPHI,-0.393428,0.100986
4,mean,single,5,RHOB,-0.300182,0.126838
4,mean,single,5,all,0.484268,7.866320
4,mean,single,6,GR,-0.150993,10.289513
4,mean,single,6,NPHI,-11.596978,0.135230
4,mean,single,6,RHOB,-2.485746,0.107720
4,mean,single,6,all,0.923897,2.897077
4,mean,single,7,GR,-84.191155,41.829053
4,mean,single,7,NPHI,-3.842280,0.116780
4,mean,single,7,RHOB,-0.814774,0.132569
4,mean,single,7,all,-16.373703,8.463971
4,mean,single,8,GR,-2.346075,78.602640
4,mean,single,8,NPHI,-0.169317,0.057183
4,mean,single,8,RHOB,-0.141209,0.158272
4,mean,single,8,all,0.387429,24.248344
4,mean,single,9,GR,-0.057823,39.734489
4,mean,single,9,NPHI,-0.000008,0.087065
4,mean,single,9,RHOB,-0.409668,0.116930
4,mean,single,9,all,0.463316,13.309510
4,mean,single,10,GR,-0.074969,28.356455
4,mean,single,10,NPHI,-0.013556,0.072351
4,mean,single,10,RHOB,-0.018536,0.103995
4,mean,single,10,all,0.544260,8.331111
4,mean,single,11,GR,-14.299210,34.941463
4,mean,single,11,NPHI,-0.977499,0.084779
4,mean,single,11,RHOB,-0.109580,0.082896
4,mean,single,11,all,-3.340362,8.798479
4,mean,single,12,GR,-0.090034,19.178780
4,mean,single,12,NPHI,-0.517027,0.115441
4,mean,single,12,RHOB,-0.928526,0.149613
4,mean,single,12,all,0.735008,6.040487
4,mean,single,13,GR,-0.375389,27.234276
4,mean,single,13,NPHI,-0.357306,0.083040
4,mean,single,13,RHOB,-0.071834,0.107343
4,mean,single,13,all,0.697894,9.320779
4,mean,single,14,GR,-3.460785,20.628018
4,mean,single,14,NPHI,-4.896215,0.101734
4,mean,single,14,RHOB,-0.796782,0.113595
4,mean,single,14,all,0.305307,6.420251
4,mean,single,15,GR,-0.400103,25.508113
4,mean,single,15,NPHI,-0.002493,0.068847
4,mean,single,15,RHOB,-0.749710,0.117212
4,mean,single,15,all,0.438796,8.562933
4,mean,single,16,GR,,
4,mean,single,16,NPHI,,
4,mean,single,16,RHOB,-3.049652,0.115475
4,mean,single,16,all,-3.049652,0.115475
4,mean,single,17,GR,-0.047859,32.674128
4,mean,single,17,NPHI,-0.235298,0.086982
4,mean,single,17,RHOB,-0.401571,0.104552
4,mean,single,17,all,0.593925,12.070822
4,mean,single,18,GR,-1.994430,52.560533
4,mean,single,18,NPHI,-0.003769,0.072455
4,mean,single,18,RHOB,-0.045636,0.111192
4,mean,single,18,all,0.512992,17.576228
4,mice,blackout,0,GR,-0.072536,37.624143
4,mice,blackout,0,NPHI,-0.098154,0.068898
4,mice,blackout,0,RHOB,-0.058498,0.104940
4,mice,blackout,0,all,0.557750,12.376532
4,mice,blackout,1,GR,-3.961541,51.984376
4,mice,blackout,1,NPHI,-1.576149,0.070142
4,mice,blackout,1,RHOB,-0.707942,0.092614
4,mice,blackout,1,all,0.440589,26.032546
4,mice,blackout,2,GR,-2.314482,28.290510
4,mice,blackout,2,NPHI,-0.115337,0.066173
4,mice,blackout,2,RHOB,-0.033383,0.118937
4,mice,blackout,2,all,0.741828,9.929725
4,mice,blackout,3,GR,-1.645919,32.157984
4,mice,blackout,3,NPHI,0.136724,0.076085
4,mice,blackout,3,RHOB,-0.328067,0.138663
4,mice,blackout,3,all,0.045679,11.086371
4,mice,blackout,4,GR,-0.206986,28.941299
4,mice,blackout,4,NPHI,0.085397,0.078760
4,mice,blackout,4,RHOB,-0.044965,0.115008
4,mice,blackout,4,all,0.655685,10.022592
4,mice,blackout,5,GR,-1.334013,27.120276
4,mice,blackout,5,NPHI,0.056949,0.081168
4,mice,blackout,5,RHOB,-0.172469,0.133626
4,mice,blackout,5,all,0.182172,9.431448
4,mice,blackout,6,GR,-15.034593,27.720727
4,mice,blackout,6,NPHI,-9.009528,0.121677
4,mice,blackout,6,RHOB,-1.217034,0.086438
4,mice,blackout,6,all,0.265771,10.031008
4,mice,blackout,7,GR,-12.142935,33.519421
4,mice,blackout,7,NPHI,-3.144241,0.105397
4,mice,blackout,7,RHOB,-0.816871,0.105936
4,mice,blackout,7,all,-4.024257,11.794434
4,mice,blackout,8,GR,-2.012162,69.512513
4,mice,blackout,8,NPHI,-0.632080,0.066380
4,mice,blackout,8,RHOB,-0.373128,0.106672
4,mice,blackout,8,all,0.407858,21.733071
4,mice,blackout,9,GR,-0.074955,38.898744
4,mice,blackout,9,NPHI,0.091698,0.085783
4,mice,blackout,9,RHOB,-0.497626,0.134226
4,mice,blackout,9,all,0.571799,13.264706
4,mice,blackout,10,GR,-0.220667,31.909788
4,mice,blackout,10,NPHI,0.240318,0.063659
4,mice,blackout,10,RHOB,0.091887,0.089780
4,mice,blackout,10,all,0.563177,11.793830
4,mice,blackout,11,GR,-24.435933,37.341325
4,mice,blackout,11,NPHI,-0.783881,0.076243
4,mice,blackout,11,RHOB,-0.369516,0.094839
4,mice,blackout,11,all,-9.502400,12.210553
4,mice,blackout,12,GR,-2.534595,31.414169
4,mice,blackout,12,NPHI,-0.240885,0.090294
4,mice,blackout,12,RHOB,-0.461305,0.164836
4,mice,blackout,12,all,0.017550,10.560860
4,mice,blackout,13,GR,-0.979793,33.899642
4,mice,blackout,13,NPHI,-0.035537,0.091769
4,mice,blackout,13,RHOB,-0.908734,0.108143
4,mice,blackout,13,all,0.565843,11.725938
4,mice,blackout,14,GR,-9.182886,28.159239
4,mice,blackout,14,NPHI,-2.594178,0.085103
4,mice,blackout,14,RHOB,-1.404427,0.114344
4,mice,blackout,14,all,-1.160583,8.849121
4,mice,blackout,15,GR,-0.737052,26.566653
4,mice,blackout,15,NPHI,0.130640,0.074958
4,mice,blackout,15,RHOB,-0.235589,0.096175
4,mice,blackout,15,all,0.254009,9.576753
4,mice,blackout,16,GR,-86.062376,46.534768
4,mice,blackout,16,NPHI,-8.986146,0.085961
4,mice,blackout,16,RHOB,,
4,mice,blackout,16,all,-17.966945,23.310364
4,mice,blackout,17,GR,0.129944,28.428375
4,mice,blackout,17,NPHI,0.028651,0.069256
4,mice,blackout,17,RHOB,-0.283152,0.101561
4,mice,blackout,17,all,0.622567,9.715634
4,mice,blackout,18,GR,-2.664433,47.772954
4,mice,blackout,18,NPHI,-0.243689,0.079402
4,mice,blackout,18,RHOB,-0.276617,0.112241
4,mice,blackout,18,all,0.551341,15.310671
4,mice,block,0,GR,0.111010,31.158413
4,mice,block,0,NPHI,0.373589,0.055295
4,mice,block,0,RHOB,-0.335438,0.085943
4,mice,block,0,all,0.590112,14.796416
4,mice,block,1,GR,-17.684852,62.802201
4,mice,block,1,NPHI,-9.914263,0.124707
4,mice,block,1,RHOB,,
4,mice,block,1,all,0.439850,10.570956
4,mice,block,2,GR,0.653463,7.999649
4,mice,block,2,NPHI,-1.007089,0.091581
4,mice,block,2,RHOB,0.623694,0.072387
4,mice,block,2,all,0.963244,3.476183
4,mice,block,3,GR,0.329807,15.614147
4,mice,block,3,NPHI,0.701204,0.037399
4,mice,block,3,RHOB,0.722342,0.058289
4,mice,block,3,all,0.812792,6.092929
4,mice,block,4,GR,0.673239,12.879529
4,mice,block,4,NPHI,0.540316,0.053325
4,mice,block,4,RHOB,0.279426,0.114348
4,mice,block,4,all,0.893716,5.545040
4,mice,block,5,GR,-0.120760,21.353643
4,mice,block,5,NPHI,0.817037,0.035006
4,mice,block,5,RHOB,0.692887,0.064797
4,mice,block,5,all,0.623336,7.269963
4,mice,block,6,GR,-8.445265,22.094938
4,mice,block,6,NPHI,-2.501569,0.067132
4,mice,block,6,RHOB,-0.196869,0.047864
4,mice,block,6,all,0.510687,10.759195
4,mice,block,7,GR,-3.171018,16.137006
4,mice,block,7,NPHI,0.608170,0.020493
4,mice,block,7,RHOB,0.926075,0.014320
4,mice,block,7,all,-1.050831,7.602374
4,mice,block,8,GR,-1.475673,62.229690
4,mice,block,8,NPHI,-4.034150,0.144902
4,mice,block,8,RHOB,0.249864,0.065213
4,mice,block,8,all,0.468769,37.372754
4,mice,block,9,GR,0.499647,17.001612
4,mice,block,9,NPHI,-0.027394,0.061502
4,mice,block,9,RHOB,0.289010,0.099313
4,mice,block,9,all,0.812974,7.447795
4,mice,block,10,GR,0.398957,28.575074
4,mice,block,10,NPHI,0.545572,0.046408
4,mice,block,10,RHOB,0.513922,0.045947
4,mice,block,10,all,0.660957,13.240824
4,mice,block,11,GR,-9.002876,20.842487
4,mice,block,11,NPHI,0.685127,0.017493
4,mice,block,11,RHOB,0.937993,0.016871
4,mice,block,11,all,-3.971936,11.471037
4,mice,block,12,GR,-0.198450,20.662822
4,mice,block,12,NPHI,0.650615,0.044546
4,mice,block,12,RHOB,0.680503,0.069072
4,mice,block,12,all,0.639227,8.870003
4,mice,block,13,GR,0.677461,10.719232
4,mice,block,13,NPHI,0.541406,0.042902
4,mice,block,13,RHOB,-0.717561,0.077331
4,mice,block,13,all,0.916553,5.034141
4,mice,block,14,GR,-0.036373,14.381937
4,mice,block,14,NPHI,0.902333,0.011498
4,mice,block,14,RHOB,-0.047249,0.052353
4,mice,block,14,all,0.578407,8.645564
4,mice,block,15,GR,0.304485,18.873268
4,mice,block,15,NPHI,0.579303,0.027914
4,mice,block,15,RHOB,0.285020,0.092917
4,mice,block,15,all,0.770484,8.373913
4,mice,block,16,GR,,
4,mice,block,16,NPHI,0.630778,0.018062
4,mice,block,16,RHOB,,
4,mice,block,16,all,0.630778,0.018062
4,mice,block,17,GR,0.743161,14.261805
4,mice,block,17,NPHI,0.642608,0.042722
4,mice,block,17,RHOB,0.445095,0.059859
4,mice,block,17,all,0.878167,5.066827
4,mice,block,18,GR,-2.745841,57.199109
4,mice,block,18,NPHI,0.203966,0.079661
4,mice,block,18,RHOB,-2.080724,0.144126
4,mice,block,18,all,0.238184,30.337065
4,mice,profile,0,GR,0.147109,32.130917
4,mice,profile,0,NPHI,0.448235,0.038610
4,mice,profile,0,RHOB,-0.097836,0.103191
4,mice,profile,0,all,0.564623,11.399497
4,mice,profile,1,GR,,
4,mice,profile,1,NPHI,,
4,mice,profile,1,RHOB,-2.320898,0.150109
4,mice,profile,1,all,-2.320898,0.150109
4,mice,profile,2,GR,-0.594461,15.654529
4,mice,profile,2,NPHI,0.678080,0.035017
4,mice,profile,2,RHOB,0.232908,0.117800
4,mice,profile,2,all,0.847641,5.833144
4,mice,profile,3,GR,0.270156,17.068256
4,mice,profile,3,NPHI,0.807906,0.037363
4,mice,profile,3,RHOB,0.700037,0.059699
4,mice,profile,3,all,0.689477,6.558372
4,mice,profile,4,GR,-0.056766,23.071408
4,mice,profile,4,NPHI,-0.206211,0.085667
4,mice,profile,4,RHOB,0.300343,0.081316
4,mice,profile,4,all,0.660069,8.292996
4,mice,profile,5,GR,0.132210,17.642714
4,mice,profile,5,NPHI,0.792490,0.038847
4,mice,profile,5,RHOB,0.695596,0.063931
4,mice,profile,5,all,0.694154,6.226326
4,mice,profile,6,GR,-7.104164,20.184660
4,mice,profile,6,NPHI,-2.470996,0.072687
4,mice,profile,6,RHOB,-0.000881,0.053848
4,mice,profile,6,all,0.657920,7.377569
4,mice,profile,7,GR,-2.570419,14.271680
4,mice,profile,7,NPHI,0.560496,0.027711
4,mice,profile,7,RHOB,0.852466,0.021641
4,mice,profile,7,all,-0.375040,5.722871
4,mice,profile,8,GR,-0.954887,62.076916
4,mice,profile,8,NPHI,-1.123782,0.075870
4,mice,profile,8,RHOB,0.199470,0.099500
4,mice,profile,8,all,0.570829,28.700826
4,mice,profile,9,GR,0.407409,21.330246
4,mice,profile,9,NPHI,0.746685,0.028035
4,mice,profile,9,RHOB,0.265237,0.099375
4,mice,profile,9,all,0.739385,8.347898
4,mice,profile,10,GR,0.339343,24.927532
4,mice,profile,10,NPHI,0.904358,0.016912
4,mice,profile,10,RHOB,0.340092,0.081130
4,mice,profile,10,all,0.696356,9.393179
4,mice,profile,11,GR,-5.756794,23.056910
4,mice,profile,11,NPHI,0.703501,0.034838
4,mice,profile,11,RHOB,0.931004,0.019463
4,mice,profile,11,all,-2.652041,9.620962
4,mice,profile,12,GR,0.106295,17.605739
4,mice,profile,12,NPHI,0.675679,0.043097
4,mice,profile,12,RHOB,0.680653,0.071932
4,mice,profile,12,all,0.705675,6.414414
4,mice,profile,13,GR,-0.451160,25.302690
4,mice,profile,13,NPHI,0.014922,0.075868
4,mice,profile,13,RHOB,-0.295479,0.091246
4,mice,profile,13,all,0.588616,8.155525
4,mice,profile,14,GR,-0.402698,14.533582
4,mice,profile,14,NPHI,0.699266,0.017662
4,mice,profile,14,RHOB,0.552079,0.046971
4,mice,profile,14,all,0.550893,6.728590
4,mice,profile,15,GR,0.272805,20.842050
4,mice,profile,15,NPHI,0.485171,0.050444
4,mice,profile,15,RHOB,0.022462,0.073156
4,mice,profile,15,all,0.722958,6.993597
4,mice,profile,16,GR,,
4,mice,profile,16,NPHI,,
4,mice,profile,16,RHOB,0.851484,0.017415
4,mice,profile,16,all,0.851484,0.017415
4,mice,profile,17,GR,0.747279,14.736467
4,mice,profile,17,NPHI,0.619573,0.044521
4,mice,profile,17,RHOB,0.366316,0.070381
4,mice,profile,17,all,0.890330,5.198967
4,mice,profile,18,GR,-2.098470,49.742765
4,mice,profile,18,NPHI,-0.926539,0.071313
4,mice,profile,18,RHOB,-0.647931,0.137844
4,mice,profile,18,all,0.434315,19.970942
4,mice,single,0,GR,-0.727200,45.275695
4,mice,single,0,NPHI,0.077264,0.044936
4,mice,single,0,RHOB,-0.255760,0.103850
4,mice,single,0,all,0.466537,16.019130
4,mice,single,1,GR,,
4,mice,single,1,NPHI,,
4,mice,single,1,RHOB,-2.226942,0.125765
4,mice,single,1,all,-2.226942,0.125765
4,mice,single,2,GR,-3.922009,28.022773
4,mice,single,2,NPHI,0.525356,0.045922
4,mice,single,2,RHOB,0.138897,0.103150
4,mice,single,2,all,0.601690,8.892765
4,mice,single,3,GR,0.183060,19.297399
4,mice,single,3,NPHI,0.860142,0.032232
4,mice,single,3,RHOB,0.706980,0.058430
4,mice,single,3,all,0.705909,6.554556
4,mice,single,4,GR,0.566717,14.379424
4,mice,single,4,NPHI,0.129622,0.060807
4,mice,single,4,RHOB,0.260216,0.112072
4,mice,single,4,all,0.877668,4.421262
4,mice,single,5,GR,0.247847,15.010600
4,mice,single,5,NPHI,0.700663,0.045383
4,mice,single,5,RHOB,0.752147,0.054555
4,mice,single,5,all,0.743015,5.036577
4,mice,single,6,GR,-2.719299,20.183951
4,mice,single,6,NPHI,-2.931738,0.076729
4,mice,single,6,RHOB,0.224392,0.053820
4,mice,single,6,all,0.754164,5.554269
4,mice,single,7,GR,-11.373838,15.491957
4,mice,single,7,NPHI,0.598641,0.033562
4,mice,single,7,RHOB,0.876668,0.028690
4,mice,single,7,all,-1.523443,3.123780
4,mice,single,8,GR,-0.858000,63.882535
4,mice,single,8,NPHI,-1.120309,0.076192
4,mice,single,8,RHOB,0.184815,0.104523
4,mice,single,8,all,0.659852,19.715451
4,mice,single,9,GR,0.397147,30.576196
4,mice,single,9,NPHI,0.746719,0.040884
4,mice,single,9,RHOB,0.437360,0.075746
4,mice,single,9,all,0.694145,10.227068
4,mice,single,10,GR,0.417319,20.489783
4,mice,single,10,NPHI,0.606588,0.039268
4,mice,single,10,RHOB,0.249547,0.074982
4,mice,single,10,all,0.752968,6.014418
4,mice,single,11,GR,-4.659399,16.647903
4,mice,single,11,NPHI,0.744334,0.032531
4,mice,single,11,RHOB,0.891672,0.022915
4,mice,single,11,all,-0.605537,4.183970
4,mice,single,12,GR,-0.028319,18.503092
4,mice,single,12,NPHI,0.774588,0.040186
4,mice,single,12,RHOB,0.739930,0.056806
4,mice,single,12,all,0.750035,5.774352
4,mice,single,13,GR,0.275054,16.033286
4,mice,single,13,NPHI,-0.338097,0.066175
4,mice,single,13,RHOB,0.109066,0.098469
4,mice,single,13,all,0.840762,5.503389
4,mice,single,14,GR,-1.343356,15.595715
4,mice,single,14,NPHI,0.790489,0.017983
4,mice,single,14,RHOB,0.685107,0.036761
4,mice,single,14,all,0.635078,4.815465
4,mice,single,15,GR,0.062443,20.969010
4,mice,single,15,NPHI,0.347240,0.053401
4,mice,single,15,RHOB,0.143289,0.081356
4,mice,single,15,all,0.624200,7.033554
4,mice,single,16,GR,,
4,mice,single,16,NPHI,,
4,mice,single,16,RHOB,0.691363,0.025047
4,mice,single,16,all,0.691363,0.025047
4,mice,single,17,GR,0.774886,13.972794
4,mice,single,17,NPHI,0.644306,0.046574
4,mice,single,17,RHOB,0.251570,0.078472
4,mice,single,17,all,0.912761,5.175836
4,mice,single,18,GR,-3.463574,65.340471
4,mice,single,18,NPHI,0.073563,0.074116
4,mice,single,18,RHOB,-0.669151,0.142761
4,mice,single,18,all,0.274055,21.843297
4,rf,blackout,0,GR,-0.047582,36.636330
4,rf,blackout,0,NPHI,-0.632547,0.082662
4,rf,blackout,0,RHOB,-0.212048,0.110917
4,rf,blackout,0,all,0.568038,12.059474
4,rf,blackout,1,GR,-3.466805,47.333914
4,rf,blackout,1,NPHI,-2.487501,0.076133
4,rf,blackout,1,RHOB,-0.962571,0.097022
4,rf,blackout,1,all,0.496370,23.709939
4,rf,blackout,2,GR,-3.349272,33.082951
4,rf,blackout,2,NPHI,-0.238356,0.069316
4,rf,blackout,2,RHOB,-0.102317,0.118498
4,rf,blackout,2,all,0.661227,11.602047
4,rf,blackout,3,GR,-2.190994,34.626900
4,rf,blackout,3,NPHI,-0.093475,0.084467
4,rf,blackout,3,RHOB,-1.269355,0.185393
4,rf,blackout,3,all,-0.150927,11.949267
4,rf,blackout,4,GR,-0.421566,31.505972
4,rf,blackout,4,NPHI,0.072177,0.079193
4,rf,blackout,4,RHOB,-0.063248,0.111386
4,rf,blackout,4,all,0.594474,10.904214
4,rf,blackout,5,GR,-1.665830,29.050875
4,rf,blackout,5,NPHI,-0.087367,0.086111
4,rf,blackout,5,RHOB,-0.430323,0.148995
4,rf,blackout,5,all,0.065903,10.104371
4,rf,blackout,6,GR,-21.060269,31.074925
4,rf,blackout,6,NPHI,-8.664448,0.115856
4,rf,blackout,6,RHOB,-0.399712,0.068547
4,rf,blackout,6,all,-0.010138,11.228846
4,rf,blackout,7,GR,-26.557437,47.664330
4,rf,blackout,7,NPHI,-4.621550,0.118906
4,rf,blackout,7,RHOB,-0.560300,0.097922
4,rf,blackout,7,all,-9.534506,16.744004
4,rf,blackout,8,GR,-2.024092,70.067165
4,rf,blackout,8,NPHI,-0.695655,0.061352
4,rf,blackout,8,RHOB,-0.702495,0.128710
4,rf,blackout,8,all,0.405513,21.913170
4,rf,blackout,9,GR,-0.411151,45.480951
4,rf,blackout,9,NPHI,0.038942,0.087823
4,rf,blackout,9,RHOB,-0.567170,0.130060
4,rf,blackout,9,all,0.437879,15.495948
4,rf,blackout,10,GR,0.012846,30.357960
4,rf,blackout,10,NPHI,0.148090,0.064749
4,rf,blackout,10,RHOB,-0.101073,0.100290
4,rf,blackout,10,all,0.646739,11.226498
4,rf,blackout,11,GR,-35.116280,42.480632
4,rf,blackout,11,NPHI,-1.174563,0.089737
4,rf,blackout,11,RHOB,-0.189402,0.087416
4,rf,blackout,11,all,-13.912207,13.884520
4,rf,blackout,12,GR,-2.292687,30.192021
4,rf,blackout,12,NPHI,-0.331715,0.089787
4,rf,blackout,12,RHOB,-1.109068,0.197526
4,rf,blackout,12,all,0.084774,10.163226
4,rf,blackout,13,GR,-0.633461,33.068432
4,rf,blackout,13,NPHI,-0.048752,0.090139
4,rf,blackout,13,RHOB,-0.489856,0.090169
4,rf,blackout,13,all,0.641791,11.433898
4,rf,blackout,14,GR,-20.640596,42.577127
4,rf,blackout,14,NPHI,-2.560801,0.081531
4,rf,blackout,14,RHOB,-0.780715,0.098764
4,rf,blackout,14,all,-3.591574,13.336932
4,rf,blackout,15,GR,-1.529441,31.103832
4,rf,blackout,15,NPHI,-0.103883,0.083470
4,rf,blackout,15,RHOB,-0.427736,0.101089
4,rf,blackout,15,all,-0.086285,11.207225
4,rf,blackout,16,GR,-100.492885,48.300035
4,rf,blackout,16,NPHI,-13.208910,0.096038
4,rf,blackout,16,RHOB,,
4,rf,blackout,16,all,-21.110715,24.198036
4,rf,blackout,17,GR,-0.422470,36.458423
4,rf,blackout,17,NPHI,-0.128255,0.072312
4,rf,blackout,17,RHOB,-0.399053,0.098990
4,rf,blackout,17,all,0.382931,12.444377
4,rf,blackout,18,GR,-2.081513,42.632728
4,rf,blackout,18,NPHI,-1.131498,0.100308
4,rf,blackout,18,RHOB,-0.352585,0.113279
4,rf,blackout,18,all,0.622710,13.677192
4,rf,block,0,GR,-0.061727,31.864706
4,rf,block,0,NPHI,0.132429,0.063355
4,rf,block,0,RHOB,0.033678,0.071541
4,rf,block,0,all,0.510469,15.129307
4,rf,block,1,GR,-12.637709,49.112748
4,rf,block,1,NPHI,-12.691034,0.135629
4,rf,block,1,RHOB,,
4,rf,block,1,all,0.591152,8.298482
4,rf,block,2,GR,0.062564,13.335794
4,rf,block,2,NPHI,-0.327871,0.073828
4,rf,block,2,RHOB,0.452854,0.077430
4,rf,block,2,all,0.900577,5.758385
4,rf,block,3,GR,-0.279123,20.434562
4,rf,block,3,NPHI,0.584280,0.044457
4,rf,block,3,RHOB,0.572319,0.073017
4,rf,block,3,all,0.642699,7.971614
4,rf,block,4,GR,0.548843,15.683680
4,rf,block,4,NPHI,0.529969,0.055343
4,rf,block,4,RHOB,0.265371,0.113103
4,rf,block,4,all,0.853258,6.742176
4,rf,block,5,GR,-0.670483,24.851904
4,rf,block,5,NPHI,0.736785,0.037871
4,rf,block,5,RHOB,0.527555,0.076409
4,rf,block,5,all,0.438586,8.460369
4,rf,block,6,GR,-12.139309,23.305867
4,rf,block,6,NPHI,-4.126581,0.077518
4,rf,block,6,RHOB,-1.663994,0.065344
4,rf,block,6,all,0.319316,11.355337
4,rf,block,7,GR,-10.524722,23.389642
4,rf,block,7,NPHI,0.059182,0.029104
4,rf,block,7,RHOB,0.751689,0.023583
4,rf,block,7,all,-4.666545,11.020187
4,rf,block,8,GR,-2.316677,66.614404
4,rf,block,8,NPHI,-1.424366,0.109091
4,rf,block,8,RHOB,-0.527583,0.113368
4,rf,block,8,all,0.288306,40.013514
4,rf,block,9,GR,0.327062,18.550671
4,rf,block,9,NPHI,-1.215132,0.095306
4,rf,block,9,RHOB,0.263474,0.091697
4,rf,block,9,all,0.748463,8.131446
4,rf,block,10,GR,0.304935,27.681888
4,rf,block,10,NPHI,0.404015,0.054315
4,rf,block,10,RHOB,0.304753,0.055656
4,rf,block,10,all,0.607920,12.832336
4,rf,block,11,GR,-19.101212,24.485045
4,rf,block,11,NPHI,0.588362,0.017140
4,rf,block,11,RHOB,0.749456,0.030884
4,rf,block,11,all,-8.991325,13.478955
4,rf,block,12,GR,-1.008444,24.521186
4,rf,block,12,NPHI,0.607010,0.048155
4,rf,block,12,RHOB,0.519336,0.084222
4,rf,block,12,all,0.395394,10.525530
4,rf,block,13,GR,0.551005,13.781074
4,rf,block,13,NPHI,0.579651,0.044096
4,rf,block,13,RHOB,0.095616,0.053836
4,rf,block,13,all,0.883839,6.457218
4,rf,block,14,GR,-0.587366,14.422510
4,rf,block,14,NPHI,0.654172,0.020182
4,rf,block,14,RHOB,0.071378,0.048803
4,rf,block,14,all,0.354267,8.669847
4,rf,block,15,GR,-0.078281,21.821946
4,rf,block,15,NPHI,0.347082,0.037744
4,rf,block,15,RHOB,0.224869,0.090446
4,rf,block,15,all,0.644174,9.680304
4,rf,block,16,GR,,
4,rf,block,16,NPHI,0.198054,0.019270
4,rf,block,16,RHOB,,
4,rf,block,16,all,0.198054,0.019270
4,rf,block,17,GR,-0.111923,29.967905
4,rf,block,17,NPHI,0.384904,0.049250
4,rf,block,17,RHOB,-0.057809,0.073259
4,rf,block,17,all,0.472561,10.616629
4,rf,block,18,GR,-2.466931,53.071953
4,rf,block,18,NPHI,0.124917,0.082293
4,rf,block,18,RHOB,-0.670292,0.099619
4,rf,block,18,all,0.294909,28.140398
4,rf,profile,0,GR,0.107642,30.559954
4,rf,profile,0,NPHI,0.479304,0.043619
4,rf,profile,0,RHOB,0.136238,0.090364
4,rf,profile,0,all,0.544478,10.838837
4,rf,profile,1,GR,,
4,rf,profile,1,NPHI,,
4,rf,profile,1,RHOB,-0.988975,0.095239
4,rf,profile,1,all,-0.988975,0.095239
4,rf,profile,2,GR,-0.682441,18.672487
4,rf,profile,2,NPHI,0.541529,0.036810
4,rf,profile,2,RHOB,0.238664,0.103437
4,rf,profile,2,all,0.839234,6.937653
4,rf,profile,3,GR,-0.283716,20.658373
4,rf,profile,3,NPHI,0.711693,0.042924
4,rf,profile,3,RHOB,0.533973,0.074773
4,rf,profile,3,all,0.453825,7.938416
4,rf,profile,4,GR,-0.106525,25.158962
4,rf,profile,4,NPHI,0.490256,0.060222
4,rf,profile,4,RHOB,0.213593,0.083293
4,rf,profile,4,all,0.644064,9.033945
4,rf,profile,5,GR,-0.438147,21.956551
4,rf,profile,5,NPHI,0.722584,0.043117
4,rf,profile,5,RHOB,0.550902,0.074916
4,rf,profile,5,all,0.493137,7.745538
4,rf,profile,6,GR,-11.961655,23.170787
4,rf,profile,6,NPHI,-2.937247,0.074892
4,rf,profile,6,RHOB,-0.483197,0.058004
4,rf,profile,6,all,0.452884,8.465723
4,rf,profile,7,GR,-10.660694,22.891780
4,rf,profile,7,NPHI,0.129411,0.033387
4,rf,profile,7,RHOB,0.733670,0.033208
4,rf,profile,7,all,-3.490757,9.176673
4,rf,profile,8,GR,-1.160528,61.460714
4,rf,profile,8,NPHI,-2.906998,0.106792
4,rf,profile,8,RHOB,0.107201,0.119951
4,rf,profile,8,all,0.525683,28.429048
4,rf,profile,9,GR,0.233103,23.287148
4,rf,profile,9,NPHI,0.624727,0.037663
4,rf,profile,9,RHOB,-0.085889,0.108345
4,rf,profile,9,all,0.662726,9.114471
4,rf,profile,10,GR,0.398006,22.926725
4,rf,profile,10,NPHI,0.641703,0.033576
4,rf,profile,10,RHOB,0.225434,0.085931
4,rf,profile,10,all,0.723316,8.646866
4,rf,profile,11,GR,-9.463557,24.234655
4,rf,profile,11,NPHI,0.694848,0.031400
4,rf,profile,11,RHOB,0.729542,0.036399
4,rf,profile,11,all,-4.655549,10.118173
4,rf,profile,12,GR,-0.511127,20.762885
4,rf,profile,12,NPHI,0.598559,0.046904
4,rf,profile,12,RHOB,0.576475,0.080954
4,rf,profile,12,all,0.502342,7.562194
4,rf,profile,13,GR,-0.283717,26.437040
4,rf,profile,13,NPHI,0.110423,0.069661
4,rf,profile,13,RHOB,0.094335,0.067726
4,rf,profile,13,all,0.636084,8.506332
4,rf,profile,14,GR,-0.936744,14.076463
4,rf,profile,14,NPHI,0.639953,0.016983
4,rf,profile,14,RHOB,0.524343,0.045241
4,rf,profile,14,all,0.379907,6.516842
4,rf,profile,15,GR,0.012245,22.320933
4,rf,profile,15,NPHI,0.381303,0.056491
4,rf,profile,15,RHOB,-0.020852,0.068924
4,rf,profile,15,all,0.623693,7.484878
4,rf,profile,16,GR,,
4,rf,profile,16,NPHI,,
4,rf,profile,16,RHOB,0.551105,0.031327
4,rf,profile,16,all,0.551105,0.031327
4,rf,profile,17,GR,0.178519,26.079984
4,rf,profile,17,NPHI,0.316853,0.053999
4,rf,profile,17,RHOB,0.069780,0.075120
4,rf,profile,17,all,0.643519,9.176070
4,rf,profile,18,GR,-1.790639,45.323922
4,rf,profile,18,NPHI,-1.600728,0.082908
4,rf,profile,18,RHOB,0.132423,0.087933
4,rf,profile,18,all,0.490517,18.181659
4,rf,single,0,GR,-0.750696,42.210704
4,rf,single,0,NPHI,-0.404159,0.058000
4,rf,single,0,RHOB,-0.295803,0.106254
4,rf,single,0,all,0.459279,14.943940
4,rf,single,1,GR,,
4,rf,single,1,NPHI,,
4,rf,single,1,RHOB,-0.576422,0.068597
4,rf,single,1,all,-0.576422,0.068597
4,rf,single,2,GR,-2.205577,24.098424
4,rf,single,2,NPHI,0.291515,0.052997
4,rf,single,2,RHOB,-0.466425,0.103525
4,rf,single,2,all,0.740588,7.656927
4,rf,single,3,GR,-0.611843,25.481114
4,rf,single,3,NPHI,0.800380,0.036677
4,rf,single,3,RHOB,0.540049,0.072031
4,rf,single,3,all,0.419752,8.651202
4,rf,single,4,GR,0.660740,14.126342
4,rf,single,4,NPHI,0.281532,0.055451
4,rf,single,4,RHOB,0.387160,0.098908
4,rf,single,4,all,0.904214,4.338612
4,rf,single,5,GR,-0.550013,20.484063
4,rf,single,5,NPHI,0.607475,0.050594
4,rf,single,5,RHOB,0.384158,0.072688
4,rf,single,5,all,0.470414,6.868467
4,rf,single,6,GR,-22.905024,42.038970
4,rf,single,6,NPHI,-3.091748,0.076746
4,rf,single,6,RHOB,-0.119039,0.055345
4,rf,single,6,all,-0.580018,11.515152
4,rf,single,7,GR,-87.795892,32.129153
4,rf,single,7,NPHI,0.540889,0.029735
4,rf,single,7,RHOB,0.836993,0.034814
4,rf,single,7,all,-17.108147,6.451142
4,rf,single,8,GR,-1.756711,72.924153
4,rf,single,8,NPHI,-2.532857,0.103874
4,rf,single,8,RHOB,0.324631,0.110572
4,rf,single,8,all,0.495324,22.511659
4,rf,single,9,GR,0.152751,34.792953
4,rf,single,9,NPHI,0.415558,0.063930
4,rf,single,9,RHOB,0.297654,0.084592
4,rf,single,9,all,0.570152,11.644862
4,rf,single,10,GR,0.269413,21.944490
4,rf,single,10,NPHI,0.596750,0.042550
4,rf,single,10,RHOB,0.169415,0.088397
4,rf,single,10,all,0.690264,6.443988
4,rf,single,11,GR,-6.316501,20.295755
4,rf,single,11,NPHI,0.689257,0.029940
4,rf,single,11,RHOB,0.774767,0.031261
4,rf,single,11,all,-1.075649,5.096724
4,rf,single,12,GR,-0.864945,22.973294
4,rf,single,12,NPHI,0.752497,0.042656
4,rf,single,12,RHOB,0.544034,0.071904
4,rf,single,12,all,0.546669,7.166625
4,rf,single,13,GR,0.132529,18.004179
4,rf,single,13,NPHI,0.265281,0.053887
4,rf,single,13,RHOB,0.306513,0.072557
4,rf,single,13,all,0.809459,6.161841
4,rf,single,14,GR,-2.052938,14.895909
4,rf,single,14,NPHI,0.596092,0.020866
4,rf,single,14,RHOB,0.761481,0.037580
4,rf,single,14,all,0.524579,4.601659
4,rf,single,15,GR,-0.208301,21.702397
4,rf,single,15,NPHI,0.153858,0.061186
4,rf,single,15,RHOB,0.139425,0.073989
4,rf,single,15,all,0.515680,7.278717
4,rf,single,16,GR,,
4,rf,single,16,NPHI,,
4,rf,single,16,RHOB,0.547131,0.038359
4,rf,single,16,all,0.547131,0.038359
4,rf,single,17,GR,0.170794,26.485609
4,rf,single,17,NPHI,0.476496,0.051069
4,rf,single,17,RHOB,-0.018283,0.081428
4,rf,single,17,all,0.678660,9.777541
4,rf,single,18,GR,-2.904466,59.499140
4,rf,single,18,NPHI,-0.318087,0.089412
4,rf,single,18,RHOB,-0.183536,0.134486
4,rf,single,18,all,0.364986,19.901670
4,saits,blackout,0,GR,0.406721,27.274796
4,saits,blackout,0,NPHI,0.167272,0.057324
4,saits,blackout,0,RHOB,0.013541,0.101609
4,saits,blackout,0,all,0.755365,8.983936
4,saits,blackout,1,GR,-2.347619,39.670372
4,saits,blackout,1,NPHI,-1.898573,0.075079
4,saits,blackout,1,RHOB,-0.042810,0.078179
4,saits,blackout,1,all,0.622558,19.873453
4,saits,blackout,2,GR,-2.206504,29.782793
4,saits,blackout,2,NPHI,0.103087,0.059734
4,saits,blackout,2,RHOB,0.024196,0.119947
4,saits,blackout,2,all,0.750239,10.448727
4,saits,blackout,3,GR,0.074788,18.956398
4,saits,blackout,3,NPHI,0.349894,0.064577
4,saits,blackout,3,RHOB,0.092089,0.113483
4,saits,blackout,3,all,0.666289,6.551740
4,saits,blackout,4,GR,0.169819,23.438372
4,saits,blackout,4,NPHI,0.315592,0.067722
4,saits,blackout,4,RHOB,0.069155,0.111903
4,saits,blackout,4,all,0.763174,8.124061
4,saits,blackout,5,GR,-0.212792,20.701448
4,saits,blackout,5,NPHI,0.168676,0.075082
4,saits,blackout,5,RHOB,0.182509,0.111931
4,saits,blackout,5,all,0.575037,7.206815
4,saits,blackout,6,GR,-0.186761,7.486603
4,saits,blackout,6,NPHI,-5.800774,0.092583
4,saits,blackout,6,RHOB,-2.092944,0.106330
4,saits,blackout,6,all,0.945644,2.755550
4,saits,blackout,7,GR,-7.599607,26.998465
4,saits,blackout,7,NPHI,-2.111170,0.086971
4,saits,blackout,7,RHOB,-0.773881,0.107896
4,saits,blackout,7,all,-2.287465,9.508279
4,saits,blackout,8,GR,-0.850000,51.154293
4,saits,blackout,8,NPHI,-0.060359,0.049311
4,saits,blackout,8,RHOB,-0.786797,0.127874
4,saits,blackout,8,all,0.636319,16.012918
4,saits,blackout,9,GR,0.136140,35.581722
4,saits,blackout,9,NPHI,0.295583,0.072307
4,saits,blackout,9,RHOB,-0.219684,0.116899
4,saits,blackout,9,all,0.655887,12.129608
4,saits,blackout,10,GR,0.282855,26.834105
4,saits,blackout,10,NPHI,0.239677,0.062355
4,saits,blackout,10,RHOB,0.147940,0.087152
4,saits,blackout,10,all,0.743363,9.924384
4,saits,blackout,11,GR,-14.373819,27.978184
4,saits,blackout,11,NPHI,-0.342060,0.064182
4,saits,blackout,11,RHOB,0.142272,0.073646
4,saits,blackout,11,all,-5.347801,9.151943
4,saits,blackout,12,GR,0.061314,16.576206
4,saits,blackout,12,NPHI,0.137846,0.074360
4,saits,blackout,12,RHOB,-0.101129,0.140126
4,saits,blackout,12,all,0.739073,5.598638
4,saits,blackout,13,GR,0.009610,24.606115
4,saits,blackout,13,NPHI,0.328300,0.073867
4,saits,blackout,13,RHOB,-1.041767,0.116194
4,saits,blackout,13,all,0.782811,8.525466
4,saits,blackout,14,GR,-2.603000,17.105406
4,saits,blackout,14,NPHI,-1.008791,0.057050
4,saits,blackout,14,RHOB,-1.033503,0.104261
4,saits,blackout,14,all,0.235498,5.390683
4,saits,blackout,15,GR,0.046435,20.039572
4,saits,blackout,15,NPHI,0.217787,0.067519
4,saits,blackout,15,RHOB,-0.147475,0.092848
4,saits,blackout,15,all,0.590479,7.233932
4,saits,blackout,16,GR,-73.432487,43.028618
4,saits,blackout,16,NPHI,-14.776620,0.105693
4,saits,blackout,16,RHOB,,
4,saits,blackout,16,all,-15.215513,21.567156
4,saits,blackout,17,GR,0.239891,26.199781
4,saits,blackout,17,NPHI,0.242485,0.058870
4,saits,blackout,17,RHOB,-0.033217,0.088162
4,saits,blackout,17,all,0.670262,8.950569
4,saits,blackout,18,GR,-1.657642,39.888687
4,saits,blackout,18,NPHI,0.133075,0.064395
4,saits,blackout,18,RHOB,-0.053790,0.099455
4,saits,blackout,18,all,0.674609,12.785438
4,saits,block,0,GR,0.483283,24.624920
4,saits,block,0,NPHI,0.278268,0.061553
4,saits,block,0,RHOB,0.333778,0.064992
4,saits,block,0,all,0.761756,11.697739
4,saits,block,1,GR,-1.130853,17.319223
4,saits,block,1,NPHI,-2.284228,0.063112
4,saits,block,1,RHOB,,
4,saits,block,1,all,0.936117,2.939130
4,saits,block,2,GR,0.042445,14.448117
4,saits,block,2,NPHI,0.459045,0.046316
4,saits,block,2,RHOB,0.244926,0.111156
4,saits,block,2,all,0.898444,6.233956
4,saits,block,3,GR,0.440808,13.102493
4,saits,block,3,NPHI,0.530281,0.048030
4,saits,block,3,RHOB,0.107665,0.103289
4,saits,block,3,all,0.843791,5.135863
4,saits,block,4,GR,0.600993,16.336102
4,saits,block,4,NPHI,0.466717,0.063324
4,saits,block,4,RHOB,0.606948,0.080165
4,saits,block,4,all,0.870222,7.013746
4,saits,block,5,GR,0.393790,15.206447
4,saits,block,5,NPHI,0.544091,0.052827
4,saits,block,5,RHOB,0.355583,0.091430
4,saits,block,5,all,0.796257,5.201411
4,saits,block,6,GR,0.008833,6.111387
4,saits,block,6,NPHI,-5.573595,0.084078
4,saits,block,6,RHOB,-1.919060,0.067810
4,saits,block,6,all,0.948646,3.005586
4,saits,block,7,GR,-5.902849,20.625759
4,saits,block,7,NPHI,-3.961440,0.084955
4,saits,block,7,RHOB,-0.393928,0.067114
4,saits,block,7,all,-2.394075,9.744394
4,saits,block,8,GR,-0.639609,42.890869
4,saits,block,8,NPHI,0.666739,0.040696
4,saits,block,8,RHOB,-0.964970,0.123746
4,saits,block,8,all,0.648171,25.774796
4,saits,block,9,GR,0.611535,13.369650
4,saits,block,9,NPHI,-2.417582,0.124220
4,saits,block,9,RHOB,0.168085,0.094997
4,saits,block,9,all,0.854789,5.885321
4,saits,block,10,GR,0.585271,23.625021
4,saits,block,10,NPHI,0.406225,0.057516
4,saits,block,10,RHOB,0.620628,0.039274
4,saits,block,10,all,0.766055,10.953840
4,saits,block,11,GR,-9.901369,22.078060
4,saits,block,11,NPHI,-1.240889,0.041554
4,saits,block,11,RHOB,0.729745,0.034580
4,saits,block,11,all,-4.418545,12.159367
4,saits,block,12,GR,0.321368,14.398875
4,saits,block,12,NPHI,0.265061,0.062848
4,saits,block,12,RHOB,0.327728,0.095925
4,saits,block,12,all,0.795702,6.203688
4,saits,block,13,GR,0.504373,17.462059
4,saits,block,13,NPHI,0.490444,0.049058
4,saits,block,13,RHOB,-0.652304,0.075529
4,saits,block,13,all,0.871774,8.182007
4,saits,block,14,GR,0.403518,9.167079
4,saits,block,14,NPHI,0.400688,0.028978
4,saits,block,14,RHOB,-0.337867,0.055917
4,saits,block,14,all,0.757351,5.519620
4,saits,block,15,GR,0.429825,15.561103
4,saits,block,15,NPHI,0.301908,0.041356
4,saits,block,15,RHOB,0.477209,0.073703
4,saits,block,15,all,0.811845,6.909868
4,saits,block,16,GR,,
4,saits,block,16,NPHI,-6.163572,0.074874
4,saits,block,16,RHOB,,
4,saits,block,16,all,-6.163572,0.074874
4,saits,block,17,GR,0.457107,21.182024
4,saits,block,17,NPHI,0.470403,0.048304
4,saits,block,17,RHOB,0.303954,0.063712
4,saits,block,17,all,0.742478,7.512306
4,saits,block,18,GR,-0.731260,33.208206
4,saits,block,18,NPHI,0.584911,0.053494
4,saits,block,18,RHOB,0.137544,0.074257
4,saits,block,18,all,0.647903,17.611689
4,saits,profile,0,GR,0.041481,37.659008
4,saits,profile,0,NPHI,0.088400,0.066369
4,saits,profile,0,RHOB,-0.065611,0.109777
4,saits,profile,0,all,0.510704,13.357339
4,saits,profile,1,GR,,
4,saits,profile,1,NPHI,,
4,saits,profile,1,RHOB,-0.220256,0.089343
4,saits,profile,1,all,-0.220256,0.089343
4,saits,profile,2,GR,-1.620985,27.456400
4,saits,profile,2,NPHI,-0.401248,0.058093
4,saits,profile,2,RHOB,-0.000136,0.140090
4,saits,profile,2,all,0.749553,10.195361
4,saits,profile,3,GR,-0.313732,23.900177
4,saits,profile,3,NPHI,0.152719,0.076790
4,saits,profile,3,RHOB,-0.576885,0.142588
4,saits,profile,3,all,0.441033,9.212827
4,saits,profile,4,GR,-0.048732,29.764645
4,saits,profile,4,NPHI,0.248065,0.075789
4,saits,profile,4,RHOB,-0.211284,0.124807
4,saits,profile,4,all,0.662651,10.699960
4,saits,profile,5,GR,-0.303272,23.110760
4,saits,profile,5,NPHI,0.042182,0.090224
4,saits,profile,5,RHOB,-0.339869,0.141377
4,saits,profile,5,all,0.540656,8.187896
4,saits,profile,6,GR,-0.186303,7.252550
4,saits,profile,6,NPHI,-10.856594,0.132879
4,saits,profile,6,RHOB,-6.153726,0.146560
4,saits,profile,6,all,0.949898,2.728069
4,saits,profile,7,GR,-18.307608,38.991024
4,saits,profile,7,NPHI,-7.370177,0.130274
4,saits,profile,7,RHOB,-0.873833,0.113025
4,saits,profile,7,all,-6.435826,15.667673
4,saits,profile,8,GR,-2.214926,75.636742
4,saits,profile,8,NPHI,-0.224550,0.061137
4,saits,profile,8,RHOB,-0.257721,0.157578
4,saits,profile,8,all,0.294204,34.979271
4,saits,profile,9,GR,0.065091,27.378962
4,saits,profile,9,NPHI,-0.306785,0.079184
4,saits,profile,9,RHOB,-0.301372,0.135307
4,saits,profile,9,all,0.588836,10.723825
4,saits,profile,10,GR,0.089846,33.355034
4,saits,profile,10,NPHI,0.170568,0.055135
4,saits,profile,10,RHOB,-0.020670,0.110122
4,saits,profile,10,all,0.581684,12.572383
4,saits,profile,11,GR,-15.615620,39.156109
4,saits,profile,11,NPHI,-1.534331,0.095546
4,saits,profile,11,RHOB,0.085403,0.073747
4,saits,profile,11,all,-7.980782,16.361696
4,saits,profile,12,GR,-0.270437,21.470341
4,saits,profile,12,NPHI,-0.419230,0.093930
4,saits,profile,12,RHOB,-1.100325,0.188653
4,saits,profile,12,all,0.581567,7.874494
4,saits,profile,13,GR,-0.096243,28.868050
4,saits,profile,13,NPHI,-0.176908,0.091795
4,saits,profile,13,RHOB,-0.844279,0.123614
4,saits,profile,13,all,0.689226,9.314834
4,saits,profile,14,GR,-2.710200,23.644516
4,saits,profile,14,NPHI,-9.437420,0.116150
4,saits,profile,14,RHOB,-1.727265,0.137324
4,saits,profile,14,all,-0.187936,10.983540
4,saits,profile,15,GR,-0.045563,23.820385
4,saits,profile,15,NPHI,0.060438,0.075178
4,saits,profile,15,RHOB,-0.998993,0.114107
4,saits,profile,15,all,0.601663,8.011874
4,saits,profile,16,GR,,
4,saits,profile,16,NPHI,,
4,saits,profile,16,RHOB,-1.298041,0.081385
4,saits,profile,16,all,-1.298041,0.081385
4,saits,profile,17,GR,-0.026314,32.523266
4,saits,profile,17,NPHI,-0.016824,0.073075
4,saits,profile,17,RHOB,-0.314996,0.094633
4,saits,profile,17,all,0.554630,11.445130
4,saits,profile,18,GR,-1.350570,41.920422
4,saits,profile,18,NPHI,-0.646191,0.067469
4,saits,profile,18,RHOB,-0.045366,0.105527
4,saits,profile,18,all,0.570859,16.826408
4,saits,single,0,GR,0.972447,3.371678
4,saits,single,0,NPHI,0.981020,0.005772
4,saits,single,0,RHOB,0.972374,0.015215
4,saits,single,0,all,0.991490,1.195405
4,saits,single,1,GR,,
4,saits,single,1,NPHI,,
4,saits,single,1,RHOB,0.985514,0.008832
4,saits,single,1,all,0.985514,0.008832
4,saits,single,2,GR,0.972014,2.240939
4,saits,single,2,NPHI,0.987972,0.007097
4,saits,single,2,RHOB,0.977768,0.012956
4,saits,single,2,all,0.997735,0.713754
4,saits,single,3,GR,0.988773,1.548188
4,saits,single,3,NPHI,0.997559,0.003986
4,saits,single,3,RHOB,0.993483,0.008640
4,saits,single,3,all,0.995958,0.527384
4,saits,single,4,GR,0.996913,1.457208
4,saits,single,4,NPHI,0.988701,0.006190
4,saits,single,4,RHOB,0.888636,0.018745
4,saits,single,4,all,0.999127,0.450041
4,saits,single,5,GR,0.995978,1.186518
4,saits,single,5,NPHI,0.995598,0.004582
4,saits,single,5,RHOB,0.991656,0.010730
4,saits,single,5,all,0.998626,0.400430
4,saits,single,6,GR,0.988782,1.017265
4,saits,single,6,NPHI,0.988147,0.002969
4,saits,single,6,RHOB,0.994983,0.004023
4,saits,single,6,all,0.999259,0.279883
4,saits,single,7,GR,0.841580,1.536494
4,saits,single,7,NPHI,0.994007,0.003216
4,saits,single,7,RHOB,0.963798,0.010704
4,saits,single,7,all,0.967686,0.312118
4,saits,single,8,GR,0.989584,3.851254
4,saits,single,8,NPHI,0.990883,0.005013
4,saits,single,8,RHOB,0.985911,0.014273
4,saits,single,8,all,0.998093,1.190609
4,saits,single,9,GR,0.997191,2.042732
4,saits,single,9,NPHI,0.996290,0.003623
4,saits,single,9,RHOB,0.994422,0.006893
4,saits,single,9,all,0.998575,0.684053
4,saits,single,10,GR,0.988857,2.383111
4,saits,single,10,NPHI,0.991643,0.006115
4,saits,single,10,RHOB,0.978029,0.011793
4,saits,single,10,all,0.995276,0.701062
4,saits,single,11,GR,0.987295,0.899868
4,saits,single,11,NPHI,0.992514,0.005893
4,saits,single,11,RHOB,0.998618,0.002812
4,saits,single,11,all,0.996395,0.228617
4,saits,single,12,GR,0.990628,1.440030
4,saits,single,12,NPHI,0.993812,0.005736
4,saits,single,12,RHOB,0.996164,0.006459
4,saits,single,12,all,0.997722,0.451048
4,saits,single,13,GR,0.995251,1.414285
4,saits,single,13,NPHI,0.994442,0.004287
4,saits,single,13,RHOB,0.991367,0.007174
4,saits,single,13,all,0.998957,0.484437
4,saits,single,14,GR,0.980285,1.206337
4,saits,single,14,NPHI,0.993271,0.003215
4,saits,single,14,RHOB,0.995096,0.005815
4,saits,single,14,all,0.996930,0.374006
4,saits,single,15,GR,0.994145,1.503364
4,saits,single,15,NPHI,0.991682,0.006063
4,saits,single,15,RHOB,0.992782,0.006860
4,saits,single,15,all,0.997653,0.505400
4,saits,single,16,GR,,
4,saits,single,16,NPHI,,
4,saits,single,16,RHOB,0.983165,0.007061
4,saits,single,16,all,0.983165,0.007061
4,saits,single,17,GR,0.992439,2.497503
4,saits,single,17,NPHI,0.995301,0.004709
4,saits,single,17,RHOB,0.996484,0.004540
4,saits,single,17,all,0.997070,0.920936
4,saits,single,18,GR,0.985999,3.011715
4,saits,single,18,NPHI,0.992418,0.005453
4,saits,single,18,RHOB,0.990963,0.010316
4,saits,single,18,all,0.997723,1.008513
4,stgnn,blackout,0,GR,-0.095709,36.160949
4,stgnn,blackout,0,NPHI,-0.449976,0.064997
4,stgnn,blackout,0,RHOB,0.212979,0.095306
4,stgnn,blackout,0,all,0.548196,11.892750
4,stgnn,blackout,1,GR,-1.267506,31.826013
4,stgnn,blackout,1,NPHI,-0.695357,0.053043
4,stgnn,blackout,1,RHOB,-2.009444,0.113589
4,stgnn,blackout,1,all,0.744339,15.953774
4,stgnn,blackout,2,GR,-1.390065,24.283362
4,stgnn,blackout,2,NPHI,-0.510954,0.078933
4,stgnn,blackout,2,RHOB,0.225431,0.092358
4,stgnn,blackout,2,all,0.813832,8.526133
4,stgnn,blackout,3,GR,-0.765014,25.523571
4,stgnn,blackout,3,NPHI,-0.609698,0.100739
4,stgnn,blackout,3,RHOB,-0.937685,0.167853
4,stgnn,blackout,3,all,0.363379,8.830943
4,stgnn,blackout,4,GR,-0.149935,27.207425
4,stgnn,blackout,4,NPHI,-0.344272,0.092534
4,stgnn,blackout,4,RHOB,0.114102,0.099687
4,stgnn,blackout,4,all,0.671960,9.425929
4,stgnn,blackout,5,GR,-0.451405,20.713384
4,stgnn,blackout,5,NPHI,0.084754,0.076585
4,stgnn,blackout,5,RHOB,-0.124067,0.132608
4,stgnn,blackout,5,all,0.491426,7.217873
4,stgnn,blackout,6,GR,-2.016126,11.538343
4,stgnn,blackout,6,NPHI,-3.987094,0.081342
4,stgnn,blackout,6,RHOB,0.131892,0.047301
4,stgnn,blackout,6,all,0.861887,4.188091
4,stgnn,blackout,7,GR,-39.369414,63.127878
4,stgnn,blackout,7,NPHI,-4.510630,0.121616
4,stgnn,blackout,7,RHOB,-0.239679,0.086797
4,stgnn,blackout,7,all,-14.432138,22.150469
4,stgnn,blackout,8,GR,-0.635365,47.629253
4,stgnn,blackout,8,NPHI,-0.118097,0.051586
4,stgnn,blackout,8,RHOB,-0.165507,0.102195
4,stgnn,blackout,8,all,0.678513,14.904516
4,stgnn,blackout,9,GR,0.469476,30.181924
4,stgnn,blackout,9,NPHI,-0.314918,0.089704
4,stgnn,blackout,9,RHOB,0.363200,0.080763
4,stgnn,blackout,9,all,0.788668,10.291087
4,stgnn,blackout,10,GR,0.393247,23.994924
4,stgnn,blackout,10,NPHI,0.357566,0.058879
4,stgnn,blackout,10,RHOB,0.107569,0.079720
4,stgnn,blackout,10,all,0.782867,8.875862
4,stgnn,blackout,11,GR,-6.471524,18.831241
4,stgnn,blackout,11,NPHI,0.316449,0.050223
4,stgnn,blackout,11,RHOB,0.275480,0.066027
4,stgnn,blackout,11,all,-2.084993,6.168083
4,stgnn,blackout,12,GR,-2.712576,32.569082
4,stgnn,blackout,12,NPHI,-0.814943,0.104052
4,stgnn,blackout,12,RHOB,-0.427018,0.159558
4,stgnn,blackout,12,all,-0.031921,10.949305
4,stgnn,blackout,13,GR,-1.316265,38.763696
4,stgnn,blackout,13,NPHI,-0.103083,0.091925
4,stgnn,blackout,13,RHOB,-0.658872,0.095000
4,stgnn,blackout,13,all,0.492057,13.395046
4,stgnn,blackout,14,GR,-4.261303,19.510515
4,stgnn,blackout,14,NPHI,-0.170366,0.045255
4,stgnn,blackout,14,RHOB,0.246042,0.056280
4,stgnn,blackout,14,all,-0.116320,6.118170
4,stgnn,blackout,15,GR,0.102101,19.204954
4,stgnn,blackout,15,NPHI,0.158904,0.072473
4,stgnn,blackout,15,RHOB,0.268074,0.067048
4,stgnn,blackout,15,all,0.614387,6.928012
4,stgnn,blackout,16,GR,-342.051156,92.712170
4,stgnn,blackout,16,NPHI,-39.839847,0.175933
4,stgnn,blackout,16,RHOB,,
4,stgnn,blackout,16,all,-73.735304,46.444052
4,stgnn,blackout,17,GR,0.206346,23.427011
4,stgnn,blackout,17,NPHI,-0.464204,0.082926
4,stgnn,blackout,17,RHOB,-0.277087,0.098979
4,stgnn,blackout,17,all,0.655708,8.020082
4,stgnn,blackout,18,GR,-0.047566,24.844328
4,stgnn,blackout,18,NPHI,0.204550,0.059590
4,stgnn,blackout,18,RHOB,-0.209348,0.096477
4,stgnn,blackout,18,all,0.871738,7.982230
4,stgnn,block,0,GR,0.226969,27.731208
4,stgnn,block,0,NPHI,0.446613,0.050283
4,stgnn,block,0,RHOB,-0.005831,0.075524
4,stgnn,block,0,all,0.643577,13.168943
4,stgnn,block,1,GR,-1.474946,19.108873
4,stgnn,block,1,NPHI,-0.329931,0.027154
4,stgnn,block,1,RHOB,,
4,stgnn,block,1,all,0.925804,3.207441
4,stgnn,block,2,GR,-1.209930,23.280289
4,stgnn,block,2,NPHI,-1.006281,0.095239
4,stgnn,block,2,RHOB,0.369687,0.088494
4,stgnn,block,2,all,0.765622,10.030083
4,stgnn,block,3,GR,0.245888,15.658399
4,stgnn,block,3,NPHI,-0.152005,0.082768
4,stgnn,block,3,RHOB,0.581028,0.072514
4,stgnn,block,3,all,0.789347,6.127262
4,stgnn,block,4,GR,0.783311,10.688886
4,stgnn,block,4,NPHI,0.302042,0.065089
4,stgnn,block,4,RHOB,0.349960,0.108886
4,stgnn,block,4,all,0.929516,4.611921
4,stgnn,block,5,GR,-0.608709,23.920359
4,stgnn,block,5,NPHI,0.778066,0.037663
4,stgnn,block,5,RHOB,0.412319,0.093834
4,stgnn,block,5,all,0.459345,8.150462
4,stgnn,block,6,GR,-5.965961,17.894871
4,stgnn,block,6,NPHI,-1.803757,0.056077
4,stgnn,block,6,RHOB,-0.486046,0.052037
4,stgnn,block,6,all,0.639127,8.719134
4,stgnn,block,7,GR,-44.407349,58.627495
4,stgnn,block,7,NPHI,-0.125663,0.038807
4,stgnn,block,7,RHOB,0.711655,0.029730
4,stgnn,block,7,all,-21.326139,27.606484
4,stgnn,block,8,GR,-0.950261,50.453026
4,stgnn,block,8,NPHI,0.301728,0.050176
4,stgnn,block,8,RHOB,0.379035,0.069084
4,stgnn,block,8,all,0.581512,30.297348
4,stgnn,block,9,GR,0.550246,14.171915
4,stgnn,block,9,NPHI,-3.836236,0.157078
4,stgnn,block,9,RHOB,0.568285,0.073883
4,stgnn,block,9,all,0.831879,6.240185
4,stgnn,block,10,GR,0.676066,21.257530
4,stgnn,block,10,NPHI,0.664280,0.039714
4,stgnn,block,10,RHOB,0.731818,0.040732
4,stgnn,block,10,all,0.817272,9.853158
4,stgnn,block,11,GR,-2.372581,11.773820
4,stgnn,block,11,NPHI,0.623294,0.018357
4,stgnn,block,11,RHOB,0.773946,0.033275
4,stgnn,block,11,all,-0.676352,6.488710
4,stgnn,block,12,GR,0.000015,18.902922
4,stgnn,block,12,NPHI,0.439099,0.061703
4,stgnn,block,12,RHOB,0.541886,0.081643
4,stgnn,block,12,all,0.698969,8.125822
4,stgnn,block,13,GR,-0.197188,30.269488
4,stgnn,block,13,NPHI,0.661423,0.041140
4,stgnn,block,13,RHOB,0.207186,0.052088
4,stgnn,block,13,all,0.690273,14.150549
4,stgnn,block,14,GR,-0.500800,15.648786
4,stgnn,block,14,NPHI,0.800998,0.015842
4,stgnn,block,14,RHOB,0.566269,0.033565
4,stgnn,block,14,all,0.389483,9.400729
4,stgnn,block,15,GR,0.491163,15.613299
4,stgnn,block,15,NPHI,0.728558,0.024248
4,stgnn,block,15,RHOB,0.084463,0.099745
4,stgnn,block,15,all,0.832085,6.932938
4,stgnn,block,16,GR,,
4,stgnn,block,16,NPHI,-1.793858,0.051335
4,stgnn,block,16,RHOB,,
4,stgnn,block,16,all,-1.793858,0.051335
4,stgnn,block,17,GR,0.448650,22.141202
4,stgnn,block,17,NPHI,0.025464,0.067134
4,stgnn,block,17,RHOB,0.316589,0.063357
4,stgnn,block,17,all,0.738466,7.856746
4,stgnn,block,18,GR,0.039928,23.972194
4,stgnn,block,18,NPHI,0.739056,0.043448
4,stgnn,block,18,RHOB,-0.935160,0.099184
4,stgnn,block,18,all,0.804743,12.726908
4,stgnn,profile,0,GR,0.334907,27.680512
4,stgnn,profile,0,NPHI,0.416305,0.044340
4,stgnn,profile,0,RHOB,0.087871,0.097072
4,stgnn,profile,0,all,0.660488,9.826200
4,stgnn,profile,1,GR,,
4,stgnn,profile,1,NPHI,,
4,stgnn,profile,1,RHOB,-0.149847,0.073611
4,stgnn,profile,1,all,-0.149847,0.073611
4,stgnn,profile,2,GR,-0.557714,19.152996
4,stgnn,profile,2,NPHI,0.176297,0.055004
4,stgnn,profile,2,RHOB,0.394017,0.100858
4,stgnn,profile,2,all,0.851153,7.115240
4,stgnn,profile,3,GR,-0.052531,20.225429
4,stgnn,profile,3,NPHI,0.252410,0.072113
4,stgnn,profile,3,RHOB,0.581659,0.069076
4,stgnn,profile,3,all,0.552183,7.776542
4,stgnn,profile,4,GR,0.124713,21.288687
4,stgnn,profile,4,NPHI,0.113106,0.077028
4,stgnn,profile,4,RHOB,0.409496,0.076786
4,stgnn,profile,4,all,0.718446,7.652517
4,stgnn,profile,5,GR,-0.606546,23.039818
4,stgnn,profile,5,NPHI,0.730610,0.043813
4,stgnn,profile,5,RHOB,0.318996,0.096911
4,stgnn,profile,5,all,0.433784,8.133544
4,stgnn,profile,6,GR,-5.440953,17.262062
4,stgnn,profile,6,NPHI,-3.016867,0.077732
4,stgnn,profile,6,RHOB,0.068730,0.048821
4,stgnn,profile,6,all,0.728123,6.313438
4,stgnn,profile,7,GR,-41.459102,56.305661
4,stgnn,profile,7,NPHI,-2.096968,0.077184
4,stgnn,profile,7,RHOB,0.580155,0.048124
4,stgnn,profile,7,all,-15.351790,22.556951
4,stgnn,profile,8,GR,-0.648142,52.732736
4,stgnn,profile,8,NPHI,-0.995414,0.066220
4,stgnn,profile,8,RHOB,0.256567,0.094821
4,stgnn,profile,8,all,0.638171,24.384843
4,stgnn,profile,9,GR,0.483014,18.483021
4,stgnn,profile,9,NPHI,0.671412,0.036484
4,stgnn,profile,9,RHOB,0.337515,0.089482
4,stgnn,profile,9,all,0.772635,7.236636
4,stgnn,profile,10,GR,0.679212,17.895123
4,stgnn,profile,10,NPHI,0.751809,0.030094
4,stgnn,profile,10,RHOB,0.542808,0.059716
4,stgnn,profile,10,all,0.852562,6.745525
4,stgnn,profile,11,GR,-1.000083,11.799376
4,stgnn,profile,11,NPHI,0.910062,0.015772
4,stgnn,profile,11,RHOB,0.679332,0.044308
4,stgnn,profile,11,all,-0.081058,4.937497
4,stgnn,profile,12,GR,0.033944,18.396490
4,stgnn,profile,12,NPHI,0.227073,0.069024
4,stgnn,profile,12,RHOB,0.609247,0.078892
4,stgnn,profile,12,all,0.681845,6.709084
4,stgnn,profile,13,GR,-0.604601,34.817631
4,stgnn,profile,13,NPHI,0.290352,0.067479
4,stgnn,profile,13,RHOB,0.180344,0.070852
4,stgnn,profile,13,all,0.545120,11.189079
4,stgnn,profile,14,GR,-1.227091,17.437012
4,stgnn,profile,14,NPHI,0.708791,0.015986
4,stgnn,profile,14,RHOB,0.679597,0.033186
4,stgnn,profile,14,all,0.286948,8.063075
4,stgnn,profile,15,GR,0.493301,16.721721
4,stgnn,profile,15,NPHI,0.656351,0.040877
4,stgnn,profile,15,RHOB,0.220789,0.056448
4,stgnn,profile,15,all,0.806960,5.609809
4,stgnn,profile,16,GR,,
4,stgnn,profile,16,NPHI,,
4,stgnn,profile,16,RHOB,-1.985371,0.104533
4,stgnn,profile,16,all,-1.985371,0.104533
4,stgnn,profile,17,GR,0.510030,21.684963
4,stgnn,profile,17,NPHI,0.165777,0.062916
4,stgnn,profile,17,RHOB,0.182204,0.070283
4,stgnn,profile,17,all,0.787376,7.637805
4,stgnn,profile,18,GR,-0.018476,24.920568
4,stgnn,profile,18,NPHI,-0.029513,0.052143
4,stgnn,profile,18,RHOB,0.024749,0.097924
4,stgnn,profile,18,all,0.814056,10.020878
4,stgnn,single,0,GR,0.774602,15.326757
4,stgnn,single,0,NPHI,0.444465,0.035980
4,stgnn,single,0,RHOB,0.742534,0.058252
4,stgnn,single,0,all,0.930383,5.436655
4,stgnn,single,1,GR,,
4,stgnn,single,1,NPHI,,
4,stgnn,single,1,RHOB,-0.493929,0.076850
4,stgnn,single,1,all,-0.493929,0.076850
4,stgnn,single,2,GR,-0.870285,21.139868
4,stgnn,single,2,NPHI,-0.191405,0.067410
4,stgnn,single,2,RHOB,0.458413,0.074943
4,stgnn,single,2,all,0.848646,6.723456
4,stgnn,single,3,GR,0.378319,16.175410
4,stgnn,single,3,NPHI,0.462928,0.064581
4,stgnn,single,3,RHOB,0.410481,0.082237
4,stgnn,single,3,all,0.776194,5.517986
4,stgnn,single,4,GR,0.800863,11.702824
4,stgnn,single,4,NPHI,0.271877,0.058270
4,stgnn,single,4,RHOB,0.460613,0.093926
4,stgnn,single,4,all,0.943774,3.602775
4,stgnn,single,5,GR,-0.562966,20.186412
4,stgnn,single,5,NPHI,0.859515,0.029015
4,stgnn,single,5,RHOB,0.611879,0.063861
4,stgnn,single,5,all,0.465994,6.758740
4,stgnn,single,6,GR,-1.477985,13.429360
4,stgnn,single,6,NPHI,0.354755,0.024592
4,stgnn,single,6,RHOB,0.201215,0.055014
4,stgnn,single,6,all,0.836214,3.688735
4,stgnn,single,7,GR,-207.891006,64.778102
4,stgnn,single,7,NPHI,0.432398,0.038498
4,stgnn,single,7,RHOB,0.856292,0.034057
4,stgnn,single,7,all,-41.599058,12.985087
4,stgnn,single,8,GR,0.917850,10.184534
4,stgnn,single,8,NPHI,-1.641273,0.087052
4,stgnn,single,8,RHOB,0.487682,0.077685
4,stgnn,single,8,all,0.984959,3.191808
4,stgnn,single,9,GR,0.701703,22.779303
4,stgnn,single,9,NPHI,0.734335,0.041615
4,stgnn,single,9,RHOB,0.456848,0.075603
4,stgnn,single,9,all,0.848660,7.628397
4,stgnn,single,10,GR,0.661284,14.218958
4,stgnn,single,10,NPHI,0.807667,0.033905
4,stgnn,single,10,RHOB,0.655372,0.054765
4,stgnn,single,10,all,0.856400,4.177296
4,stgnn,single,11,GR,-0.722011,9.182411
4,stgnn,single,11,NPHI,0.882032,0.021005
4,stgnn,single,11,RHOB,0.754237,0.036785
4,stgnn,single,11,all,0.511469,2.315301
4,stgnn,single,12,GR,0.423880,12.811949
4,stgnn,single,12,NPHI,0.630661,0.049512
4,stgnn,single,12,RHOB,0.625156,0.065139
4,stgnn,single,12,all,0.859952,4.014310
4,stgnn,single,13,GR,-0.038868,26.310762
4,stgnn,single,13,NPHI,0.234526,0.055259
4,stgnn,single,13,RHOB,0.512624,0.074223
4,stgnn,single,13,all,0.771813,8.987061
4,stgnn,single,14,GR,-0.077127,8.664236
4,stgnn,single,14,NPHI,0.547760,0.026844
4,stgnn,single,14,RHOB,0.841267,0.029687
4,stgnn,single,14,all,0.832262,2.685159
4,stgnn,single,15,GR,0.067651,20.509568
4,stgnn,single,15,NPHI,0.837928,0.024937
4,stgnn,single,15,RHOB,0.794628,0.033828
4,stgnn,single,15,all,0.626295,6.855781
4,stgnn,single,16,GR,,
4,stgnn,single,16,NPHI,,
4,stgnn,single,16,RHOB,0.133089,0.049621
4,stgnn,single,16,all,0.133089,0.049621
4,stgnn,single,17,GR,0.542666,19.997598
4,stgnn,single,17,NPHI,0.196629,0.065045
4,stgnn,single,17,RHOB,0.399553,0.059174
4,stgnn,single,17,all,0.822770,7.389787
4,stgnn,single,18,GR,-0.032224,27.799826
4,stgnn,single,18,NPHI,0.628936,0.044854
4,stgnn,single,18,RHOB,-0.364812,0.129239
4,stgnn,single,18,all,0.832120,9.313389
4,unet,blackout,0,GR,0.026654,35.033890
4,unet,blackout,0,NPHI,0.004274,0.063080
4,unet,blackout,0,RHOB,-0.095546,0.106850
4,unet,blackout,0,all,0.598650,11.527608
4,unet,blackout,1,GR,-3.018292,43.761250
4,unet,blackout,1,NPHI,-3.091615,0.081909
4,unet,blackout,1,RHOB,-1.558830,0.110853
4,unet,blackout,1,all,0.546939,21.928391
4,unet,blackout,2,GR,-2.479242,31.497036
4,unet,blackout,2,NPHI,0.023537,0.064830
4,unet,blackout,2,RHOB,-0.080021,0.123954
4,unet,blackout,2,all,0.728995,11.049567
4,unet,blackout,3,GR,-1.011728,27.136278
4,unet,blackout,3,NPHI,0.255037,0.069147
4,unet,blackout,3,RHOB,-0.201529,0.126762
4,unet,blackout,3,all,0.274413,9.359846
4,unet,blackout,4,GR,-0.175723,26.509708
4,unet,blackout,4,NPHI,0.350724,0.064293
4,unet,blackout,4,RHOB,0.031536,0.112552
4,unet,blackout,4,all,0.664605,9.180028
4,unet,blackout,5,GR,-0.985829,26.015406
4,unet,blackout,5,NPHI,0.258799,0.068968
4,unet,blackout,5,RHOB,0.011930,0.119042
4,unet,blackout,5,all,0.304175,9.041313
4,unet,blackout,6,GR,-6.230223,18.311556
4,unet,blackout,6,NPHI,-2.280636,0.067304
4,unet,blackout,6,RHOB,0.301110,0.043391
4,unet,blackout,6,all,0.668928,6.617612
4,unet,blackout,7,GR,-5.521751,16.870874
4,unet,blackout,7,NPHI,-1.236603,0.063590
4,unet,blackout,7,RHOB,0.127705,0.066913
4,unet,blackout,7,all,-1.493124,5.944231
4,unet,blackout,8,GR,-1.943826,69.467201
4,unet,blackout,8,NPHI,-1.696320,0.075883
4,unet,blackout,8,RHOB,-1.479953,0.157533
4,unet,blackout,8,all,0.421290,21.741741
4,unet,blackout,9,GR,0.148516,31.688292
4,unet,blackout,9,NPHI,0.210748,0.074000
4,unet,blackout,9,RHOB,-0.305265,0.115543
4,unet,blackout,9,all,0.660817,10.809353
4,unet,blackout,10,GR,0.488550,20.749901
4,unet,blackout,10,NPHI,0.322068,0.062012
4,unet,blackout,10,RHOB,0.250467,0.078396
4,unet,blackout,10,all,0.816972,7.681973
4,unet,blackout,11,GR,-19.890921,33.588718
4,unet,blackout,11,NPHI,-0.123826,0.062341
4,unet,blackout,11,RHOB,-0.122003,0.090224
4,unet,blackout,11,all,-7.625772,10.983335
4,unet,blackout,12,GR,-1.139288,23.029987
4,unet,blackout,12,NPHI,0.168559,0.069759
4,unet,blackout,12,RHOB,0.052011,0.127765
4,unet,blackout,12,all,0.405378,7.745672
4,unet,blackout,13,GR,-0.317709,27.250961
4,unet,blackout,13,NPHI,-0.098781,0.081803
4,unet,blackout,13,RHOB,-0.774167,0.095764
4,unet,blackout,13,all,0.711032,9.431666
4,unet,blackout,14,GR,-4.723095,19.999939
4,unet,blackout,14,NPHI,-1.910395,0.075352
4,unet,blackout,14,RHOB,-0.704641,0.092260
4,unet,blackout,14,all,-0.214324,6.293781
4,unet,blackout,15,GR,-0.256939,21.512737
4,unet,blackout,15,NPHI,0.274576,0.067946
4,unet,blackout,15,RHOB,-0.481593,0.108549
4,unet,blackout,15,all,0.460192,7.767154
4,unet,blackout,16,GR,-59.765636,32.623325
4,unet,blackout,16,NPHI,-5.774109,0.057075
4,unet,blackout,16,RHOB,,
4,unet,blackout,16,all,-12.238076,16.340200
4,unet,blackout,17,GR,0.074191,29.006481
4,unet,blackout,17,NPHI,-0.025300,0.070881
4,unet,blackout,17,RHOB,-0.530105,0.113264
4,unet,blackout,17,all,0.598380,9.916348
4,unet,blackout,18,GR,-2.285968,46.102882
4,unet,blackout,18,NPHI,-0.538075,0.085906
4,unet,blackout,18,RHOB,-0.072714,0.101475
4,unet,blackout,18,all,0.597679,14.775683
4,unet,block,0,GR,0.147764,30.677359
4,unet,block,0,NPHI,0.485065,0.049357
4,unet,block,0,RHOB,-0.046867,0.072948
4,unet,block,0,all,0.607059,14.563569
4,unet,block,1,GR,-1.124360,16.401440
4,unet,block,1,NPHI,-6.839862,0.075231
4,unet,block,1,RHOB,,
4,unet,block,1,all,0.936307,2.796266
4,unet,block,2,GR,0.705397,7.569547
4,unet,block,2,NPHI,-0.104604,0.071764
4,unet,block,2,RHOB,0.708108,0.055285
4,unet,block,2,all,0.968753,3.281176
4,unet,block,3,GR,0.505532,13.441924
4,unet,block,3,NPHI,0.719938,0.037356
4,unet,block,3,RHOB,0.792390,0.054066
4,unet,block,3,all,0.861878,5.248010
4,unet,block,4,GR,0.721182,13.164794
4,unet,block,4,NPHI,0.683745,0.044051
4,unet,block,4,RHOB,0.555809,0.078295
4,unet,block,4,all,0.909312,5.653972
4,unet,block,5,GR,-0.098472,20.172766
4,unet,block,5,NPHI,0.820749,0.032539
4,unet,block,5,RHOB,0.660647,0.067007
4,unet,block,5,all,0.630826,6.869704
4,unet,block,6,GR,-13.917592,28.674011
4,unet,block,6,NPHI,-0.335891,0.036062
4,unet,block,6,RHOB,-0.010489,0.041190
4,unet,block,6,all,0.227196,13.947828
4,unet,block,7,GR,-5.242215,15.599394
4,unet,block,7,NPHI,0.440930,0.023356
4,unet,block,7,RHOB,0.638818,0.033904
4,unet,block,7,all,-2.069215,7.357289
4,unet,block,8,GR,-0.956395,55.562859
4,unet,block,8,NPHI,-1.303505,0.105345
4,unet,block,8,RHOB,-1.490338,0.141086
4,unet,block,8,all,0.580194,33.390179
4,unet,block,9,GR,0.643393,13.554888
4,unet,block,9,NPHI,0.043952,0.060121
4,unet,block,9,RHOB,0.523708,0.076574
4,unet,block,9,all,0.866704,5.940855
4,unet,block,10,GR,0.671254,16.121265
4,unet,block,10,NPHI,0.647399,0.042551
4,unet,block,10,RHOB,0.571478,0.045983
4,unet,block,10,all,0.814557,7.479642
4,unet,block,11,GR,-4.919196,17.160650
4,unet,block,11,NPHI,0.705982,0.014080
4,unet,block,11,RHOB,0.821881,0.030424
4,unet,block,11,all,-1.942146,9.450006
4,unet,block,12,GR,-0.483019,18.392199
4,unet,block,12,NPHI,0.678813,0.044653
4,unet,block,12,RHOB,0.577664,0.079775
4,unet,block,12,all,0.553563,7.901830
4,unet,block,13,GR,0.680953,11.628440
4,unet,block,13,NPHI,0.737259,0.034606
4,unet,block,13,RHOB,0.328521,0.043074
4,unet,block,13,all,0.917458,5.447264
4,unet,block,14,GR,0.076700,12.090856
4,unet,block,14,NPHI,0.851664,0.013226
4,unet,block,14,RHOB,0.483719,0.039957
4,unet,block,14,all,0.624406,7.267526
4,unet,block,15,GR,0.333119,17.862505
4,unet,block,15,NPHI,0.528447,0.031629
4,unet,block,15,RHOB,-0.123420,0.118900
4,unet,block,15,all,0.779931,7.934044
4,unet,block,16,GR,,
4,unet,block,16,NPHI,0.711232,0.014214
4,unet,block,16,RHOB,,
4,unet,block,16,all,0.711232,0.014214
4,unet,block,17,GR,0.731268,15.066673
4,unet,block,17,NPHI,0.700709,0.034787
4,unet,block,17,RHOB,0.352591,0.065183
4,unet,block,17,all,0.872526,5.350102
4,unet,block,18,GR,-1.278178,41.461067
4,unet,block,18,NPHI,0.251858,0.075310
4,unet,block,18,RHOB,-0.453241,0.092491
4,unet,block,18,all,0.536672,21.990131
4,unet,profile,0,GR,0.187875,31.822248
4,unet,profile,0,NPHI,0.671731,0.033228
4,unet,profile,0,RHOB,0.004233,0.092462
4,unet,profile,0,all,0.585433,11.284241
4,unet,profile,1,GR,,
4,unet,profile,1,NPHI,,
4,unet,profile,1,RHOB,-0.643086,0.089769
4,unet,profile,1,all,-0.643086,0.089769
4,unet,profile,2,GR,0.123497,12.835428
4,unet,profile,2,NPHI,0.804235,0.026751
4,unet,profile,2,RHOB,0.291611,0.100796
4,unet,profile,2,all,0.916242,4.784708
4,unet,profile,3,GR,0.345436,16.402515
4,unet,profile,3,NPHI,0.772745,0.038793
4,unet,profile,3,RHOB,0.728888,0.062118
4,unet,profile,3,all,0.721506,6.305115
4,unet,profile,4,GR,-0.088699,23.366995
4,unet,profile,4,NPHI,0.528876,0.056309
4,unet,profile,4,RHOB,0.408472,0.066489
4,unet,profile,4,all,0.649799,8.385916
4,unet,profile,5,GR,0.082735,17.054457
4,unet,profile,5,NPHI,0.780294,0.039388
4,unet,profile,5,RHOB,0.692836,0.061772
4,unet,profile,5,all,0.676717,6.019272
4,unet,profile,6,GR,-13.459231,28.008495
4,unet,profile,6,NPHI,-0.848575,0.050825
4,unet,profile,6,RHOB,0.288647,0.040099
4,unet,profile,6,all,0.389675,10.212376
4,unet,profile,7,GR,-41.412590,39.981548
4,unet,profile,7,NPHI,0.542468,0.026930
4,unet,profile,7,RHOB,0.750119,0.034447
4,unet,profile,7,all,-15.333858,16.011784
4,unet,profile,8,GR,-0.655986,57.722855
4,unet,profile,8,NPHI,-4.781606,0.118411
4,unet,profile,8,RHOB,0.020665,0.131990
4,unet,profile,8,all,0.636448,26.710300
4,unet,profile,9,GR,0.393914,21.709705
4,unet,profile,9,NPHI,0.598122,0.040337
4,unet,profile,9,RHOB,0.267446,0.095208
4,unet,profile,9,all,0.733450,8.494749
4,unet,profile,10,GR,0.710795,14.264047
4,unet,profile,10,NPHI,0.779981,0.026675
4,unet,profile,10,RHOB,0.196831,0.082415
4,unet,profile,10,all,0.867074,5.395883
4,unet,profile,11,GR,-2.650708,17.843637
4,unet,profile,11,NPHI,0.769579,0.030676
4,unet,profile,11,RHOB,0.862702,0.029688
4,unet,profile,11,all,-0.973210,7.452331
4,unet,profile,12,GR,-0.218479,18.342518
4,unet,profile,12,NPHI,0.662124,0.044039
4,unet,profile,12,RHOB,0.612398,0.078793
4,unet,profile,12,all,0.598718,6.684330
4,unet,profile,13,GR,-0.401533,25.475424
4,unet,profile,13,NPHI,-0.106994,0.070768
4,unet,profile,13,RHOB,0.241778,0.062827
4,unet,profile,13,all,0.602686,8.196605
4,unet,profile,14,GR,0.162147,10.024819
4,unet,profile,14,NPHI,0.345134,0.026715
4,unet,profile,14,RHOB,0.609978,0.047282
4,unet,profile,14,all,0.731739,4.649135
4,unet,profile,15,GR,0.313791,20.034323
4,unet,profile,15,NPHI,0.538701,0.048316
4,unet,profile,15,RHOB,-0.449692,0.092229
4,unet,profile,15,all,0.738569,6.734714
4,unet,profile,16,GR,,
4,unet,profile,16,NPHI,,
4,unet,profile,16,RHOB,0.453175,0.036793
4,unet,profile,16,all,0.453175,0.036793
4,unet,profile,17,GR,0.698756,16.387194
4,unet,profile,17,NPHI,0.636551,0.039643
4,unet,profile,17,RHOB,0.311272,0.071328
4,unet,profile,17,all,0.869274,5.775964
4,unet,profile,18,GR,-1.320889,41.761875
4,unet,profile,18,NPHI,-1.042140,0.073774
4,unet,profile,18,RHOB,0.309405,0.081910
4,unet,profile,18,all,0.576279,16.752811
4,unet,single,0,GR,0.678407,18.224623
4,unet,single,0,NPHI,0.455584,0.037658
4,unet,single,0,RHOB,0.436029,0.078900
4,unet,single,0,all,0.900672,6.463865
4,unet,single,1,GR,,
4,unet,single,1,NPHI,,
4,unet,single,1,RHOB,0.167431,0.048540
4,unet,single,1,all,0.167431,0.048540
4,unet,single,2,GR,0.536067,10.679554
4,unet,single,2,NPHI,0.724796,0.032672
4,unet,single,2,RHOB,0.797491,0.037579
4,unet,single,2,all,0.962456,3.395878
4,unet,single,3,GR,0.706009,10.943895
4,unet,single,3,NPHI,0.861454,0.031863
4,unet,single,3,RHOB,0.717245,0.060450
4,unet,single,3,all,0.894164,3.729424
4,unet,single,4,GR,0.844014,11.195892
4,unet,single,4,NPHI,0.667586,0.034912
4,unet,single,4,RHOB,0.569746,0.074816
4,unet,single,4,all,0.955958,3.433755
4,unet,single,5,GR,0.408917,12.693301
4,unet,single,5,NPHI,0.863834,0.029657
4,unet,single,5,RHOB,0.133456,0.094945
4,unet,single,5,all,0.798039,4.270719
4,unet,single,6,GR,-6.231706,28.462454
4,unet,single,6,NPHI,0.522539,0.022400
4,unet,single,6,RHOB,-0.088926,0.061438
4,unet,single,6,all,0.522015,7.789425
4,unet,single,7,GR,-42.057636,21.976070
4,unet,single,7,NPHI,0.890330,0.015756
4,unet,single,7,RHOB,0.933555,0.023740
4,unet,single,7,all,-7.780732,4.410214
4,unet,single,8,GR,0.261672,39.310650
4,unet,single,8,NPHI,-5.363462,0.118736
4,unet,single,8,RHOB,0.196304,0.125461
4,unet,single,8,all,0.864829,12.179338
4,unet,single,9,GR,0.886599,12.374944
4,unet,single,9,NPHI,0.848000,0.031075
4,unet,single,9,RHOB,0.661361,0.050392
4,unet,single,9,all,0.942466,4.149990
4,unet,single,10,GR,0.900625,8.484177
4,unet,single,10,NPHI,0.895611,0.022101
4,unet,single,10,RHOB,0.525658,0.056029
4,unet,single,10,all,0.957867,2.500103
4,unet,single,11,GR,0.811887,3.312361
4,unet,single,11,NPHI,0.853169,0.021186
4,unet,single,11,RHOB,0.827109,0.030865
4,unet,single,11,all,0.946624,0.846399
4,unet,single,12,GR,0.340757,11.726524
4,unet,single,12,NPHI,0.824601,0.035847
4,unet,single,12,RHOB,0.838557,0.044744
4,unet,single,12,all,0.839750,3.666288
4,unet,single,13,GR,0.634518,12.880031
4,unet,single,13,NPHI,0.553857,0.033877
4,unet,single,13,RHOB,0.732970,0.046485
4,unet,single,13,all,0.919721,4.404848
4,unet,single,14,GR,0.383734,6.525253
4,unet,single,14,NPHI,0.839952,0.014132
4,unet,single,14,RHOB,0.912270,0.023128
4,unet,single,14,all,0.904031,2.019630
4,unet,single,15,GR,0.761888,8.687643
4,unet,single,15,NPHI,0.687974,0.038153
4,unet,single,15,RHOB,0.606502,0.055456
4,unet,single,15,all,0.904556,2.926443
4,unet,single,16,GR,,
4,unet,single,16,NPHI,,
4,unet,single,16,RHOB,0.254394,0.047751
4,unet,single,16,all,0.254394,0.047751
4,unet,single,17,GR,0.815051,12.502467
4,unet,single,17,NPHI,0.751551,0.036982
4,unet,single,17,RHOB,0.635023,0.052618
4,unet,single,17,all,0.928327,4.624031
4,unet,single,18,GR,0.209748,27.159653
4,unet,single,18,NPHI,0.768323,0.037036
4,unet,single,18,RHOB,0.235198,0.092854
4,unet,single,18,all,0.871474,9.089072
4,xgb,blackout,0,GR,-1.421840,53.866089
4,xgb,blackout,0,NPHI,-6.635690,0.194180
4,xgb,blackout,0,RHOB,-7.970977,0.324531
4,xgb,blackout,0,all,0.001341,17.813447
4,xgb,blackout,1,GR,-0.876102,27.352522
4,xgb,blackout,1,NPHI,-11.472533,0.155191
4,xgb,blackout,1,RHOB,-1.976217,0.110965
4,xgb,blackout,1,all,0.788467,13.743450
4,xgb,blackout,2,GR,-4.944673,37.120125
4,xgb,blackout,2,NPHI,-2.637808,0.126777
4,xgb,blackout,2,RHOB,-3.499737,0.246842
4,xgb,blackout,2,all,0.536942,13.073256
4,xgb,blackout,3,GR,-12.044542,75.078634
4,xgb,blackout,3,NPHI,-1.004022,0.117222
4,xgb,blackout,3,RHOB,-11.195578,0.438080
4,xgb,blackout,3,all,-3.704924,25.895914
4,xgb,blackout,4,GR,-1.787249,45.492705
4,xgb,blackout,4,NPHI,-2.299353,0.156986
4,xgb,blackout,4,RHOB,-3.656091,0.324938
4,xgb,blackout,4,all,0.204867,15.810604
4,xgb,blackout,5,GR,-15.250157,81.237076
4,xgb,blackout,5,NPHI,-0.958593,0.112648
4,xgb,blackout,5,RHOB,-1.978110,0.214938
4,xgb,blackout,5,all,-4.693872,28.148835
4,xgb,blackout,6,GR,-36.777803,43.933042
4,xgb,blackout,6,NPHI,-39.418867,0.242614
4,xgb,blackout,6,RHOB,-16.157104,0.222798
4,xgb,blackout,6,all,-0.729908,15.942169
4,xgb,blackout,7,GR,-61.017901,68.777675
4,xgb,blackout,7,NPHI,-20.000473,0.246070
4,xgb,blackout,7,RHOB,-15.357202,0.315505
4,xgb,blackout,7,all,-22.708350,24.243478
4,xgb,blackout,8,GR,-0.314525,43.347888
4,xgb,blackout,8,NPHI,-11.608481,0.191775
4,xgb,blackout,8,RHOB,-8.863566,0.299932
4,xgb,blackout,8,all,0.741570,13.688841
4,xgb,blackout,9,GR,-0.483270,51.430027
4,xgb,blackout,9,NPHI,-2.164100,0.163664
4,xgb,blackout,9,RHOB,-26.104190,0.498221
4,xgb,blackout,9,all,0.409084,17.666654
4,xgb,blackout,10,GR,-2.062764,51.372354
4,xgb,blackout,10,NPHI,-3.054284,0.160498
4,xgb,blackout,10,RHOB,-5.775530,0.275789
4,xgb,blackout,10,all,-0.096051,19.048346
4,xgb,blackout,11,GR,-176.712935,95.566688
4,xgb,blackout,11,NPHI,-11.172365,0.230742
4,xgb,blackout,11,RHOB,-13.765926,0.341342
4,xgb,blackout,11,all,-72.377381,31.297268
4,xgb,blackout,12,GR,-11.804747,63.480931
4,xgb,blackout,12,NPHI,-0.561940,0.099063
4,xgb,blackout,12,RHOB,-2.786486,0.281222
4,xgb,blackout,12,all,-2.559062,21.295330
4,xgb,blackout,13,GR,-1.708173,41.317175
4,xgb,blackout,13,NPHI,-2.816464,0.173411
4,xgb,blackout,13,RHOB,-26.188235,0.399233
4,xgb,blackout,13,all,0.406064,14.395726
4,xgb,blackout,14,GR,-49.715081,63.095125
4,xgb,blackout,14,NPHI,-23.330963,0.231760
4,xgb,blackout,14,RHOB,-19.377209,0.310729
4,xgb,blackout,14,all,-9.760800,19.861379
4,xgb,blackout,15,GR,-10.209452,72.597767
4,xgb,blackout,15,NPHI,-2.954447,0.159658
4,xgb,blackout,15,RHOB,-8.274942,0.254913
4,xgb,blackout,15,all,-3.813990,26.153150
4,xgb,blackout,16,GR,-408.089633,101.582215
4,xgb,blackout,16,NPHI,-41.199789,0.176329
4,xgb,blackout,16,RHOB,,
4,xgb,blackout,16,all,-88.122055,50.879272
4,xgb,blackout,17,GR,-2.213764,51.839144
4,xgb,blackout,17,NPHI,-4.543726,0.168756
4,xgb,blackout,17,RHOB,-17.992071,0.398516
4,xgb,blackout,17,all,-0.394198,17.798876
4,xgb,blackout,18,GR,-0.554488,31.332956
4,xgb,blackout,18,NPHI,-7.163098,0.209621
4,xgb,blackout,18,RHOB,-9.021621,0.302438
4,xgb,blackout,18,all,0.809647,10.175946
4,xgb,block,0,GR,0.021000,30.938342
4,xgb,block,0,NPHI,0.223972,0.060210
4,xgb,block,0,RHOB,0.160381,0.065901
4,xgb,block,0,all,0.548612,14.688191
4,xgb,block,1,GR,-12.664310,49.709588
4,xgb,block,1,NPHI,-12.599837,0.139069
4,xgb,block,1,RHOB,,
4,xgb,block,1,all,0.590354,8.400822
4,xgb,block,2,GR,0.453971,10.334489
4,xgb,block,2,NPHI,-0.245056,0.074382
4,xgb,block,2,RHOB,0.572086,0.067875
4,xgb,block,2,all,0.942088,4.470021
4,xgb,block,3,GR,0.128401,17.642187
4,xgb,block,3,NPHI,0.694232,0.038701
4,xgb,block,3,RHOB,0.675306,0.062860
4,xgb,block,3,all,0.756533,6.882321
4,xgb,block,4,GR,0.629242,13.594868
4,xgb,block,4,NPHI,0.593768,0.050916
4,xgb,block,4,RHOB,0.304547,0.108362
4,xgb,block,4,all,0.879407,5.847984
4,xgb,block,5,GR,-0.242073,22.042657
4,xgb,block,5,NPHI,0.806610,0.033035
4,xgb,block,5,RHOB,0.623062,0.066665
4,xgb,block,5,all,0.582565,7.503460
4,xgb,block,6,GR,-9.135330,20.511373
4,xgb,block,6,NPHI,-3.169301,0.073161
4,xgb,block,6,RHOB,-1.251672,0.061890
4,xgb,block,6,all,0.474937,9.996106
4,xgb,block,7,GR,-6.716250,20.942943
4,xgb,block,7,NPHI,0.295755,0.027126
4,xgb,block,7,RHOB,0.873657,0.018440
4,xgb,block,7,all,-2.793972,9.866542
4,xgb,block,8,GR,-0.885831,53.622500
4,xgb,block,8,NPHI,-1.281251,0.107796
4,xgb,block,8,RHOB,-0.550102,0.113551
4,xgb,block,8,all,0.595337,32.218281
4,xgb,block,9,GR,0.439758,17.456179
4,xgb,block,9,NPHI,-1.286359,0.098391
4,xgb,block,9,RHOB,0.361824,0.086380
4,xgb,block,9,all,0.790586,7.654522
4,xgb,block,10,GR,0.399311,26.305161
4,xgb,block,10,NPHI,0.519283,0.048583
4,xgb,block,10,RHOB,0.441944,0.046313
4,xgb,block,10,all,0.661157,12.191796
4,xgb,block,11,GR,-12.001965,21.786262
4,xgb,block,11,NPHI,0.869322,0.009847
4,xgb,block,11,RHOB,0.882468,0.023741
4,xgb,block,11,all,-5.462636,11.991391
4,xgb,block,12,GR,-0.472129,21.836256
4,xgb,block,12,NPHI,0.649004,0.046035
4,xgb,block,12,RHOB,0.626886,0.072980
4,xgb,block,12,all,0.556842,9.373416
4,xgb,block,13,GR,0.658246,10.918382
4,xgb,block,13,NPHI,0.697158,0.037003
4,xgb,block,13,RHOB,0.380829,0.046089
4,xgb,block,13,all,0.911583,5.117342
4,xgb,block,14,GR,-0.147772,12.785015
4,xgb,block,14,NPHI,0.824615,0.013825
4,xgb,block,14,RHOB,0.214944,0.047485
4,xgb,block,14,all,0.533091,7.686263
4,xgb,block,15,GR,0.174157,19.689127
4,xgb,block,15,NPHI,0.452533,0.033688
4,xgb,block,15,RHOB,0.219104,0.089471
4,xgb,block,15,all,0.727476,8.735792
4,xgb,block,16,GR,,
4,xgb,block,16,NPHI,0.466056,0.017151
4,xgb,block,16,RHOB,,
4,xgb,block,16,all,0.466056,0.017151
4,xgb,block,17,GR,0.075961,27.074834
4,xgb,block,17,NPHI,0.479879,0.044553
4,xgb,block,17,RHOB,0.200183,0.064230
4,xgb,block,17,all,0.561683,9.591089
4,xgb,block,18,GR,-2.353247,52.557211
4,xgb,block,18,NPHI,0.183710,0.079062
4,xgb,block,18,RHOB,-0.539096,0.098335
4,xgb,block,18,all,0.318029,27.866902
4,xgb,profile,0,GR,0.193393,29.853778
4,xgb,profile,0,NPHI,0.558837,0.038398
4,xgb,profile,0,RHOB,0.239769,0.084628
4,xgb,profile,0,all,0.588251,10.585948
4,xgb,profile,1,GR,,
4,xgb,profile,1,NPHI,,
4,xgb,profile,1,RHOB,-0.848260,0.090182
4,xgb,profile,1,all,-0.848260,0.090182
4,xgb,profile,2,GR,-0.369580,16.163568
4,xgb,profile,2,NPHI,0.720782,0.027821
4,xgb,profile,2,RHOB,0.336991,0.095577
4,xgb,profile,2,all,0.869129,6.008231
4,xgb,profile,3,GR,0.174770,17.709493
4,xgb,profile,3,NPHI,0.781858,0.038520
4,xgb,profile,3,RHOB,0.637291,0.065903
4,xgb,profile,3,all,0.648893,6.806344
4,xgb,profile,4,GR,-0.052240,23.572413
4,xgb,profile,4,NPHI,0.549804,0.056526
4,xgb,profile,4,RHOB,0.321743,0.077368
4,xgb,profile,4,all,0.661527,8.463989
4,xgb,profile,5,GR,0.000972,18.852642
4,xgb,profile,5,NPHI,0.783321,0.038523
4,xgb,profile,5,RHOB,0.651480,0.065173
4,xgb,profile,5,all,0.647900,6.651332
4,xgb,profile,6,GR,-8.408160,20.426552
4,xgb,profile,6,NPHI,-2.683365,0.074801
4,xgb,profile,6,RHOB,-0.174294,0.053193
4,xgb,profile,6,all,0.602877,7.465616
4,xgb,profile,7,GR,-6.048293,19.568199
4,xgb,profile,7,NPHI,0.205342,0.035483
4,xgb,profile,7,RHOB,0.779705,0.029873
4,xgb,profile,7,all,-1.714437,7.846325
4,xgb,profile,8,GR,-0.423333,52.523164
4,xgb,profile,8,NPHI,-2.753263,0.105970
4,xgb,profile,8,RHOB,0.144782,0.115620
4,xgb,profile,8,all,0.687524,24.302233
4,xgb,profile,9,GR,0.373634,21.815106
4,xgb,profile,9,NPHI,0.700236,0.034183
4,xgb,profile,9,RHOB,0.059036,0.101079
4,xgb,profile,9,all,0.724530,8.537990
4,xgb,profile,10,GR,0.498255,21.554376
4,xgb,profile,10,NPHI,0.734024,0.029624
4,xgb,profile,10,RHOB,0.331538,0.077473
4,xgb,profile,10,all,0.769392,8.127324
4,xgb,profile,11,GR,-5.943937,21.829050
4,xgb,profile,11,NPHI,0.758089,0.029394
4,xgb,profile,11,RHOB,0.860533,0.026638
4,xgb,profile,11,all,-2.753194,9.111436
4,xgb,profile,12,GR,-0.058553,17.833082
4,xgb,profile,12,NPHI,0.676886,0.042850
4,xgb,profile,12,RHOB,0.662217,0.071345
4,xgb,profile,12,all,0.651387,6.496423
4,xgb,profile,13,GR,-0.237808,24.054794
4,xgb,profile,13,NPHI,0.200544,0.067136
4,xgb,profile,13,RHOB,0.237503,0.062283
4,xgb,profile,13,all,0.649099,7.740954
4,xgb,profile,14,GR,-0.289467,12.148270
4,xgb,profile,14,NPHI,0.820998,0.012291
4,xgb,profile,14,RHOB,0.614573,0.042217
4,xgb,profile,14,all,0.587147,5.625022
4,xgb,profile,15,GR,0.214456,20.957301
4,xgb,profile,15,NPHI,0.457817,0.053595
4,xgb,profile,15,RHOB,0.122580,0.063495
4,xgb,profile,15,all,0.700729,7.026997
4,xgb,profile,16,GR,,
4,xgb,profile,16,NPHI,,
4,xgb,profile,16,RHOB,0.734869,0.024313
4,xgb,profile,16,all,0.734869,0.024313
4,xgb,profile,17,GR,0.344435,23.319723
4,xgb,profile,17,NPHI,0.424062,0.049465
4,xgb,profile,17,RHOB,0.275713,0.066589
4,xgb,profile,17,all,0.715518,8.205034
4,xgb,profile,18,GR,-1.672250,44.543854
4,xgb,profile,18,NPHI,-1.390511,0.080918
4,xgb,profile,18,RHOB,0.254772,0.081038
4,xgb,profile,18,all,0.512131,17.866148
4,xgb,single,0,GR,-0.582269,40.597868
4,xgb,single,0,NPHI,-0.233105,0.054042
4,xgb,single,0,RHOB,-0.160640,0.095475
4,xgb,single,0,all,0.511300,14.370939
4,xgb,single,1,GR,,
4,xgb,single,1,NPHI,,
4,xgb,single,1,RHOB,-0.504858,0.062375
4,xgb,single,1,all,-0.504858,0.062375
4,xgb,single,2,GR,-2.043883,22.965201
4,xgb,single,2,NPHI,0.514348,0.043153
4,xgb,single,2,RHOB,-0.020202,0.093357
4,xgb,single,2,all,0.753674,7.292264
4,xgb,single,3,GR,0.102935,19.827532
4,xgb,single,3,NPHI,0.846764,0.032563
4,xgb,single,3,RHOB,0.634301,0.064987
4,xgb,single,3,all,0.677064,6.735550
4,xgb,single,4,GR,0.737297,12.559155
4,xgb,single,4,NPHI,0.380336,0.052522
4,xgb,single,4,RHOB,0.385647,0.091017
4,xgb,single,4,all,0.925828,3.859490
4,xgb,single,5,GR,0.065226,16.655831
4,xgb,single,5,NPHI,0.698862,0.044434
4,xgb,single,5,RHOB,0.626997,0.059275
4,xgb,single,5,all,0.680620,5.586078
4,xgb,single,6,GR,-11.004168,30.414619
4,xgb,single,6,NPHI,-3.288384,0.080036
4,xgb,single,6,RHOB,0.156973,0.049132
4,xgb,single,6,all,0.206573,8.344676
4,xgb,single,7,GR,-40.716292,24.280757
4,xgb,single,7,NPHI,0.616400,0.031354
4,xgb,single,7,RHOB,0.868045,0.035663
4,xgb,single,7,all,-7.507228,4.882527
4,xgb,single,8,GR,-0.352669,54.759720
4,xgb,single,8,NPHI,-2.786207,0.108696
4,xgb,single,8,RHOB,0.022439,0.133459
4,xgb,single,8,all,0.752362,16.930110
4,xgb,single,9,GR,0.325527,32.547841
4,xgb,single,9,NPHI,0.543929,0.052454
4,xgb,single,9,RHOB,0.496610,0.071236
4,xgb,single,9,all,0.657809,10.888423
4,xgb,single,10,GR,0.507815,18.465471
4,xgb,single,10,NPHI,0.680370,0.041571
4,xgb,single,10,RHOB,0.218015,0.083439
4,xgb,single,10,all,0.791334,5.427420
4,xgb,single,11,GR,-5.730791,19.863227
4,xgb,single,11,NPHI,0.739956,0.030400
4,xgb,single,11,RHOB,0.828807,0.028614
4,xgb,single,11,all,-0.909485,4.988160
4,xgb,single,12,GR,-0.272969,18.709172
4,xgb,single,12,NPHI,0.799647,0.037737
4,xgb,single,12,RHOB,0.706225,0.059739
4,xgb,single,12,all,0.690567,5.838011
4,xgb,single,13,GR,0.154207,16.897058
4,xgb,single,13,NPHI,0.317068,0.049025
4,xgb,single,13,RHOB,0.321724,0.073875
4,xgb,single,13,all,0.814221,5.783817
4,xgb,single,14,GR,-0.448574,10.685420
4,xgb,single,14,NPHI,0.782786,0.015499
4,xgb,single,14,RHOB,0.736263,0.034273
4,xgb,single,14,all,0.774418,3.302884
4,xgb,single,15,GR,0.150338,18.954501
4,xgb,single,15,NPHI,0.311386,0.057897
4,xgb,single,15,RHOB,0.308739,0.066741
4,xgb,single,15,all,0.659431,6.359386
4,xgb,single,16,GR,,
4,xgb,single,16,NPHI,,
4,xgb,single,16,RHOB,0.733377,0.033280
4,xgb,single,16,all,0.733377,0.033280
4,xgb,single,17,GR,0.385509,22.671830
4,xgb,single,17,NPHI,0.557065,0.046565
4,xgb,single,17,RHOB,0.116463,0.076345
4,xgb,single,17,all,0.761868,8.372665
4,xgb,single,18,GR,-2.861159,58.573991
4,xgb,single,18,NPHI,-0.095626,0.080141
4,xgb,single,18,RHOB,0.138693,0.100937
4,xgb,single,18,all,0.372030,19.582250
